,gsfc,csr
2002-04-01,44.812786634978835,22.615046853372778
2002-05-01,17.416714122742118,11.435591811066423
2002-08-01,29.76697252531022,14.812951734231305
2002-09-01,12.620823651627472,4.094858274285542
2002-10-01,44.27975157419372,32.47992431557286
2002-11-01,29.201188774079313,30.61938624454588
2002-12-01,19.232938929948237,15.430180319230471
2003-01-01,29.54153810448736,15.98540025803019
2003-02-01,18.549858709942573,12.140278411142296
2003-03-01,8.264647799096597,17.88527105377136
2003-04-01,6.7750611294898615,18.486829828236583
2003-05-01,17.78370040741915,19.925948084226864
2003-07-01,13.190632451608781,11.357441547405623
2003-08-01,16.96859871279422,18.020865985921745
2003-09-01,15.719251775024881,9.976448601946133
2003-10-01,4.800923489398214,0.11349263965265599
2003-11-01,9.523035876853225,8.990899594477895
2003-12-01,30.191034085907784,26.055946301482834
2004-01-01,35.60655031029169,38.33099670689951
2004-02-01,17.776483980729914,26.423162224724173
2004-03-01,0.10322433777081355,5.9352135011294775
2004-04-01,16.407307952364427,19.2414448275705
2004-05-01,2.572462436581656,1.368531762967787
2004-06-01,-1.6698072281558018,-0.7344057077623138
2004-07-01,22.19697712179394,17.22707657651141
2004-08-01,-3.4009845162467545,-8.969623811117053
2004-09-01,4.863802410454117,-10.944487836238409
2004-10-01,4.557330380386398,-8.172784943762254
2004-11-01,16.95667757625079,12.195518278641963
2004-12-01,20.03456739744256,16.01053584558027
2005-01-01,11.355932125262322,9.638104663908587
2005-02-01,29.61121892368722,21.31594476825501
2005-03-01,24.628313126699,20.155290836997143
2005-04-01,7.477089635732294,9.369189926441575
2005-05-01,16.140727872338203,20.330338252157294
2005-06-01,9.050344313324752,11.554972818192704
2005-07-01,-5.423152823688186,-2.792526958464457
2005-08-01,-0.1743094842368445,-8.339404306213197
2005-09-01,14.83575748937617,5.32218691844035
2005-10-01,12.658852586395017,10.379321774363273
2005-11-01,13.457032648585441,18.537974664388134
2005-12-01,20.234368870837894,23.686536766198657
2006-01-01,4.43579602730993,7.1439304094238985
2006-02-01,21.49424116462617,16.528780662866396
2006-03-01,18.94304286292661,26.074920545093
2006-04-01,13.208388758189678,20.307258442906015
2006-05-01,-10.389859501172806,-0.4075374469423532
2006-06-01,1.140563480966076,-1.177259878759657
2006-07-01,-9.504946447394179,-14.805292927449731
2006-08-01,-3.4641255229575263,-4.796702789303352
2006-09-01,-5.387679623789544,-1.5659337143593823
2006-10-01,-7.3885022177277095,1.993502720125346
2006-11-01,5.160169419768215,12.150600474324968
2006-12-01,22.20188428276453,17.304894316787838
2007-01-01,20.88037470143371,18.00765723705872
2007-02-01,10.978448095590567,15.710386210135411
2007-03-01,-2.7808566125769056,8.127111137163293
2007-04-01,0.1865249488519961,7.27818307578839
2007-05-01,-3.856940366607681,-1.7961105613235262
2007-06-01,0.5749253240228719,3.1579067894261947
2007-07-01,-3.896209490659872,-4.643413514684823
2007-08-01,-6.146704383828482,-3.270015025710986
2007-09-01,-10.890157626424653,-13.723932992717536
2007-10-01,-9.918169068498745,-13.942608961611208
2007-11-01,-3.9744299196038217,0.5620948371392656
2007-12-01,5.030155943583556,3.3636912135349077
2008-01-01,3.026900659588822,4.190921198671782
2008-02-01,6.6238859634899345,4.366948657408956
2008-03-01,2.073334150418108,2.36170240145794
2008-04-01,-8.497732909203727,-5.732998713016997
2008-05-01,-15.264330245514575,-14.476170413423596
2008-06-01,-25.996249766950775,-21.539983879858195
2008-07-01,-19.533909845279602,-15.988677752674734
2008-08-01,-10.156431744501246,-21.61374646848665
2008-09-01,-24.556528857953356,-31.34894692630352
2008-10-01,-27.343160750117562,-33.14212646848026
2008-11-01,-10.051712075807604,-14.259371616192384
2008-12-01,-3.7184764144209086,-4.116905126015661
2009-01-01,9.115703899351969,4.044308819849372
2009-02-01,-9.20852526013505,-15.076800138742025
2009-03-01,-14.009240244135663,-13.59919086750103
2009-04-01,-7.440208752064045,-9.613583592060108
2009-05-01,-23.378083076178328,-17.793946740457717
2009-06-01,-27.520542474577656,-18.32912102933716
2009-07-01,-12.187070477355517,-17.240530861129802
2009-08-01,-22.96602322998797,-28.385261320539946
2009-09-01,-23.186061519111878,-23.262896068674834
2009-10-01,-26.434813383832516,-25.05070381148808
2009-11-01,-25.231589167804863,-14.23230687167746
2009-12-01,-20.651836150684883,-14.811829525159181
2010-01-01,-7.082341348973508,-7.294026117099419
2010-02-01,-10.76430851994956,-2.1543447322298133
2010-03-01,-21.91112806966045,-9.148337634053528
2010-04-01,-18.26747986207623,-8.058769508963636
2010-05-01,-13.082512654131708,-5.80836075484493
2010-06-01,-28.37627683315511,-30.13137811855633
2010-07-01,-24.771470679661032,-22.02350508171019
2010-08-01,-32.3305603099753,-31.85736096196824
2010-09-01,-42.89140705871398,-34.574940737245086
2010-10-01,-30.764327508861708,-19.909060803465973
2010-11-01,-26.946635907334244,-12.53892892795128
2010-12-01,-20.803171852221617,-15.394510517797508
2011-02-01,-21.747836034903727,-9.386464198428934
2011-03-01,-32.33220793140618,-13.845535212441582
2011-04-01,-26.281303757298474,-17.038514546765683
2011-05-01,-28.140004393594666,-20.95233672418802
2011-07-01,-37.87612969051014,-29.941152937953337
2011-08-01,-42.384415145640894,-35.8303742036923
2011-09-01,-39.11247989558261,-33.84588228198434
2011-10-01,-39.64170869297875,-38.18636558279071
2011-12-01,-25.477261777366884,-17.81792194350068
2012-01-01,-28.785531648707476,-18.543643128738125
2012-02-01,-32.57509258370316,-23.50457879689471
2012-03-01,-28.602001909287022,-19.15909965866701
2012-04-01,-35.99941422042429,-23.859443468658217
2012-06-01,-38.348967413769024,-37.97601926173283
2012-07-01,-35.039520882568645,-35.698673397101416
2012-08-01,-53.87135437775816,-48.90474315571707
2012-09-01,-54.032132537202216,-45.723655071579564
2012-11-01,-45.6301460801308,-31.720982956275556
2012-12-01,-49.04280029579174,-31.953296151988884
2013-01-01,-39.563406814764726,-28.121005810094033
2013-02-01,-43.53439244373352,-34.54069530632054
2013-04-01,-40.82031139277014,-30.345756353254572
2013-05-01,-31.818188834689227,-25.748932108541613
2013-06-01,-36.46180610762073,-28.814320787644565
2013-07-01,-48.07310878551401,-36.54650419697738
2013-10-01,-52.73646046833989,-35.58620828891058
2013-11-01,-44.6040474095922,-29.883200329379278
2013-12-01,-53.37226504335053,-40.64322640620955
2014-01-01,-29.774536773320918,-17.193183414235016
2014-03-01,-25.096784089475065,-5.245910282743457
2014-04-01,-42.35177330701145,-29.0831805692288
2014-05-01,-53.65459313773569,-41.61244806599674
2014-06-01,-53.112877193946126,-45.68717572691578
2014-08-01,-58.87131787232866,-41.344207889178556
2014-09-01,-62.999665911811555,-46.76859579653343
2014-10-01,-52.123931202278236,-28.5770672425818
2014-11-01,-49.0830072848841,-32.03052331613042
2015-01-01,-20.16485135664954,-19.019572029705724
2015-02-01,-39.545662962600495,-33.72642480562013
2015-03-01,-53.40644344797308,-41.11158915752865
2015-04-01,-64.78173965452035,-52.96037689315306
2015-07-01,-58.594408205732464,-32.95789199024629
2015-08-01,-46.14096376005034,-44.295231918055734
2015-09-01,-47.7744109593863,-52.73069315869603
2015-12-01,-52.26642980677357,-36.522347281214245
2016-01-01,-49.28994186136735,-30.763632878532317
2016-02-01,-52.481896726511515,-33.44453234484642
2016-03-01,-70.38593007865272,-63.102574662106846
2016-05-01,-60.46432959657911,-38.39503926504444
2016-06-01,-55.20594057984951,-47.55162036590228
2016-07-01,-40.874846678984994,-41.22353192483561
2016-08-01,-63.87413807086543,-50.22637965525734
2016-11-01,-64.04898276633597,-39.105763723666435
2016-12-01,-50.46146650061183,-42.432050944186116
2017-01-01,-41.19226311789954,-43.57310583490008
2017-03-01,-39.84044574543435,-32.75487413944548
2017-04-01,-68.28362637571554,-42.69286911679979
2017-05-01,-76.5418942646816,-43.78834911587234
2017-06-01,-91.9241846530893,-56.917457623056855
2018-06-01,-57.67862473807416,-53.791259116918376
2018-07-01,-60.83165677242978,-62.078797396109515
2018-10-01,-52.90574583100905,-44.588820737074734
2018-11-01,-41.8617254445761,-34.697855987041535
2018-12-01,-49.145176305597005,-39.7334883348748
2019-01-01,-56.126798564048634,-40.980714792157514
2019-02-01,-53.306941218180306,-41.79370330904173
2019-03-01,-64.81345466169925,-51.0925440780931
2019-04-01,-66.82450372868789,-47.67702675385667
2019-05-01,-62.096485739370266,-49.51270866828788
2019-06-01,-77.29567806193263,-49.08567253753893
2019-07-01,-82.05049521175532,-76.95326567566407
2019-08-01,-79.13770643432113,-70.90531336580237
2019-09-01,-74.37334375192296,-62.86286441740933
2019-10-01,-76.38941080776704,-51.37522708155181
2019-11-01,-72.0766757850408,-43.33102747922029
2019-12-01,-52.597373526602716,-40.91569398448564
2020-01-01,-66.01515725706894,-47.00346270202947
2020-02-01,-54.802491685486395,-46.83815843066291
2020-03-01,-60.16602541994135,-37.884578345770066
2020-04-01,-68.54322057744665,-35.37239454555891
2020-05-01,-79.14071148011611,-53.54749310578912
2020-06-01,-87.98651394061031,-62.302547730063196
2020-07-01,-88.11780430560839,-70.91724406021622
2020-08-01,-71.76274695777725,-72.18097328171804
2020-09-01,-65.06381318337581,-59.47088098065826
2020-10-01,-76.64245459518908,-55.1713254521172
2020-11-01,-74.14206653903055,-54.48561059488462
2020-12-01,-78.7343780430147,-56.04129848376524
2021-01-01,-65.56334410378071,-54.26825243704942
2021-02-01,-75.96917805924996,-57.305707220493815
2021-03-01,-69.44779984205516,-56.193508485900104
2021-04-01,-82.12512532446729,-61.93842282596576
2021-05-01,-83.740444233032,-68.95093804876366
2021-06-01,-85.97784212761547,-84.36857199024648
2021-07-01,-74.17977627308271,-88.80927808747994
2021-08-01,-78.55921782104178,-74.65462344481655
2021-09-01,-76.52854714482437,-77.59334265349247
2021-10-01,-86.01132618315756,-85.28314329811415
2021-11-01,-84.63607077060362,-84.21221035625864
2021-12-01,-73.55116537269764,-68.3507453236422
2022-01-01,-75.07413369995197,-52.307381969470896
2022-02-01,-87.85582746146996,-85.52517129773523
2022-03-01,-94.83092534819248,-79.87772091272244
2022-04-01,-85.07353761979927,-77.66598931569672
2022-05-01,-80.92444687449452,-79.67689762609048
2022-06-01,-86.22287599252402,-80.58722454912252
2022-07-01,-81.65094674670483,-68.67136808634027
2022-08-01,-79.82853897058267,-77.90004917974318
2022-09-01,-86.12439162244122,-77.46799240271582
2022-10-01,-97.07963718980263,-104.48144217168364
2022-11-01,-94.75521109410191,-92.74430116082563
2022-12-01,-86.45543610384162,-68.09115811667789
2023-01-01,-67.64640034059619,-69.21500484314393
2023-02-01,-62.02285300373608,-51.51514028633271
2023-03-01,-61.57558916940075,-54.07556509057532
2023-04-01,-60.03087438525398,-30.53757584421119
2023-05-01,-69.6055051930234,-57.10788884451057
2023-06-01,-88.01871857449224,-53.28662009397623
2023-07-01,-86.47433399537589,-75.17605218200335
2023-08-01,-79.32111116095483,-68.77836272891035
2023-09-01,-88.1569423946555,-75.8251312924478
2023-10-01,-97.45298706752577,-92.89710647315535
2023-11-01,-82.22171191519274,-60.45549544889795
2023-12-01,-88.18556878503261,-93.5663265742086
2024-01-01,-97.71236745385562,-84.68485417904763
2024-02-01,-86.1588173326048,-67.36250053856999
2024-03-01,-79.69896762493764,-56.46986681707416
2024-04-01,-92.55638221079963,-50.41746052552984
2024-05-01,-81.00244777353748,-69.22486909232022
2024-06-01,-84.51183383014431,-67.51137622955669
2024-07-01,-70.81684833942117,-75.62124600093802
2024-08-01,-86.85596877797114,-68.44518046835674
2024-09-01,-92.94354666886753,-79.72213950960597
2024-10-01,-91.71271184526258,-69.22904183988433
2024-11-01,-86.2000601805751,-87.49082903445759
2024-12-01,-80.79209567264083,-72.3728888898528
2025-01-01,-70.99704147919417,-56.687068195613286
2025-02-01,-89.10794421470783,-76.66950997360794
2025-03-01,-104.95598133254899,-76.94987531622652
2025-04-01,-98.22920496160327,-92.38745357048579
2025-05-01,-94.26815996057304,-79.55246580631767
2025-06-01,-102.51250571021653,-96.80479562214364
2025-07-01,-107.50810741876705,-90.39432882394745
2025-08-01,-107.09256455430213,-102.19390181050804
2025-09-01,-109.80092393333223,-104.69167312940908
2025-10-01,-114.18982207307351,-101.74962039180807
2025-11-01,-101.8189883626336,-91.04642042031674
2025-12-01,-90.0208514396867,-93.47323931286776
2026-01-01,-96.92187376631169,-90.08613738976427
2026-02-01,-95.42610624332626,-93.20541563869787
2026-03-01,-87.76073664530338,-85.37031709417992
