mascon_id,lat,lon,gsfc_trend_cm_yr,csr_trend_cm_yr,diff_cm_yr,gsfc_p,csr_p,r
9121,32.0,40.72131150000001,-0.5645847819453165,-0.7130872669835628,-0.14850248503824637,5.6198510853500224e-08,8.86922280125142e-20,0.9133113528292068
9141,29.0,45.286624200000006,-0.28527174388481724,-0.33015123979543703,-0.04487949591061979,7.619337881049337e-09,1.5805704011536384e-11,0.6549536277082479
9142,29.0,46.433121,-0.05391617431885294,-0.2933807040009778,-0.2394645296821249,0.21030319530981031,2.1079032917453396e-09,0.4493631532843961
9143,28.0,44.858044199999995,-1.1199273602648554,-0.5812858079865535,0.5386415522783019,1.3675579291080734e-63,2.068875244629666e-40,0.8945483523096096
9144,36.0,37.7319588,-1.4123903140735663,-0.9630510475864739,0.44933926648709244,2.8707853613803237e-07,8.115741805540548e-09,0.910572865528927
9155,31.0,39.15584419999999,-1.328541741901464,-1.3148849581146318,0.013656783786832216,4.54113038596907e-32,4.2280514105966304e-40,0.9599849008753539
9156,30.0,36.463022499999994,-1.723150975896709,-1.409110242037428,0.314040733859281,5.509371569157813e-89,9.457958500110676e-66,0.9405898971147368
9158,30.0,38.77813499999999,-1.7865347460297645,-1.7693369910265262,0.01719775500323828,3.529502652062876e-64,3.6465085873013096e-44,0.961115012580498
9159,29.0,37.261146499999995,-1.7338364225658733,-1.6415354742276471,0.09230094833822622,1.847499493520437e-110,1.4578470250498356e-68,0.9474164643714515
9160,29.0,38.40764329999999,-1.839633604937432,-1.8623440428117413,-0.022710437874309264,1.4383891630598724e-100,2.273064131577476e-69,0.9606790280666929
9161,32.0,36.0,-1.012605207521751,-0.401291059072378,0.6113141484493732,4.240221267613741e-38,5.340637786400307e-35,0.7489986265331945
9167,28.0,35.7728707,-0.9970310386463714,-0.595536986016868,0.40149405262950344,5.313820206264124e-88,3.575825034622949e-92,0.6997496880782447
9168,28.0,36.908517399999994,-1.210541624636442,-1.028886118978068,0.18165550565837396,2.029363705659152e-102,2.7019907342471885e-104,0.9268244575900766
9169,27.0,36.5625,-0.5811385187911777,-0.4393669791669176,0.14177153962426015,8.373829600362196e-64,6.712373859920211e-36,0.6526819905819398
9170,27.0,37.6875,-0.7496051468666645,-0.5358786508145492,0.21372649605211524,3.708160263359761e-80,4.2981481084236256e-24,0.8252612419242948
9171,26.0,37.3374613,-0.16260891382450113,-0.19685349176885011,-0.034244577944348986,1.8240695788170672e-13,4.5490026718344716e-07,0.5487976126730755
9172,26.0,38.4520124,-0.3923511334477974,-0.39103144607361784,0.0013196873741795345,6.657313801090515e-47,9.04789108173131e-14,0.7889600436208326
9173,26.0,39.5665635,-0.8118463728719844,-0.6325024660161265,0.17934390685585788,5.39184820838115e-89,1.707982257711046e-25,0.8685906056364352
9174,25.0,38.09815950000001,0.042900066953351336,-0.15418007363902397,-0.1970801405923753,0.025416517926629644,1.229075364746592e-06,0.4369911596617302
9175,25.0,39.20245399999999,-0.2599392596997614,-0.31024871807141857,-0.05030945837165718,2.9854404782544413e-31,1.8992937071940384e-13,0.7153755404933319
9176,25.0,40.3067485,-0.7150837621841086,-0.47056499367925797,0.24451876850485066,8.818682228628245e-83,1.117899968458034e-21,0.8457443574832493
9177,24.0,38.84498479999999,0.04291481759921787,-0.12149988332500783,-0.1644147009242257,0.017271576074566794,2.5558274481196488e-05,0.3552479451139509
9178,24.0,39.93920969999999,-0.23332078339455792,-0.2915248091742881,-0.05820402577973016,1.568424058796654e-28,3.7572393727271547e-16,0.6883444373315762
9179,24.0,41.03343469999999,-0.5666889747101328,-0.40700030725289754,0.15968866745723526,2.316549742255581e-75,1.3188966504129246e-20,0.8332969690936908
9180,23.0,39.6978852,-0.02905430060584191,-0.1930834940861807,-0.1640291934803388,0.08608911709257351,9.794545378883775e-14,0.3234136570763924
9181,22.0,39.45945950000001,-8.345924799204595e-05,-0.036102806939345554,-0.03601934769135351,0.9962397305394916,0.06255959246245135,0.1063554176744225
9182,21.0,40.17857140000001,-0.09330025743404521,-0.1803918138245198,-0.08709155639047458,3.6837212546481926e-06,3.330909547690109e-14,0.3949094811509365
9183,20.0,41.0059172,-0.22458920749584496,-0.20237564862588897,0.02221355886995599,4.7341347273536294e-21,4.997919209503112e-16,0.5249277703468403
9184,19.0,41.823529399999984,-0.3484635757650397,-0.2360470698999979,0.11241650586504182,1.0130588331498857e-44,7.959565827445533e-20,0.5890448237937861
9185,18.0,42.631578899999994,-0.3394542272288881,-0.2493621374300652,0.09009208979882288,2.8259926750279183e-42,5.339572129490928e-21,0.6154775041428862
9186,17.0,43.43023260000001,-0.21423781031057604,-0.2247616216087101,-0.010523811298134067,8.223676285413556e-17,7.043709077875308e-18,0.5849550723843165
9187,16.0,43.179190800000015,-0.06251609074822176,-0.07148622799896173,-0.008970137250739973,0.026344531466084585,0.0003159622332920633,0.3980239603955948
9188,16.0,44.21965320000001,-0.13923771813661373,-0.1501573078730746,-0.010919589736460872,1.473008855699198e-07,1.7685951073726439e-10,0.5279959526205219
9189,16.0,45.260115600000006,-0.15539276692595916,-0.17785842832259752,-0.02246566139663836,7.051675012423845e-11,3.2996287398319705e-13,0.4714029164120719
9190,16.0,46.300578,-0.13191845199006058,-0.1734739935066246,-0.041555541516564015,6.487454828160166e-10,1.8505098635309997e-12,0.462305107568528
9191,16.0,47.34104049999999,-0.1068407275987557,-0.14837789460675585,-0.041537167008000156,8.412657045511825e-08,4.798957617671638e-10,0.43375156267461723
9192,16.0,48.38150289999999,-0.10510783626490125,-0.12617550913912706,-0.021067672874225812,5.061468540603571e-07,1.0235774895835236e-08,0.3885239593212452
9193,16.0,49.42196530000001,-0.12463626944434028,-0.06806716656812188,0.0565691028762184,4.3143650680356894e-08,0.0005474020460228383,0.3534063605458956
9194,16.0,50.462427700000006,-0.11147222846805942,-0.023961562335028042,0.08751066613303138,5.922947462545454e-06,0.21844527111055273,0.3817477928263345
9195,15.0,43.965517199999994,-0.08240125557564948,0.0007853505130849036,0.08318660608873438,0.0046151779980578775,0.9720360168794894,0.5081340122637349
9196,15.0,45.0,-0.15820923747799895,-0.041929259132408435,0.1162799783455905,5.1829341690044635e-09,0.0594549993234578,0.39033717601846585
9197,15.0,46.034482800000006,-0.1595505552128415,-0.05236807046179681,0.1071824847510447,4.800135720551532e-11,0.02087297497950962,0.35958295561236053
9198,15.0,47.06896549999999,-0.12867844661564992,-0.04838144898713441,0.08029699762851551,3.3319529042341675e-09,0.028707083963977337,0.42673497386215137
9199,15.0,48.1034483,-0.10360386981327654,-0.03006718608696444,0.07353668372631211,2.0768713659369486e-06,0.1527329608842382,0.35829048463773516
9200,15.0,49.13793100000001,-0.10312050911827626,-0.028126969717951856,0.07499353940032441,9.745090205865901e-06,0.11723113126570976,0.37448007307997144
9201,15.0,50.172413800000015,-0.0882284187149672,0.013927483610707192,0.1021559023256744,0.0003179292951579267,0.44524248718873044,0.3021338281375713
9202,15.0,51.20689659999999,-0.028680574954183413,0.024893282458010722,0.053573857412194135,0.2713483821261574,0.07414583640732066,0.5049787377020563
9204,14.0,44.87106019999999,-0.15108866516722977,0.08961887360413624,0.24070753877136603,1.9639031761905277e-07,0.00016674446256625456,0.2634242263726709
9205,14.0,45.902578800000015,-0.18828935671939567,0.055307886510476044,0.24359724322987172,2.2173195510726338e-12,0.01543537302088211,0.28786200483665114
9206,14.0,46.934097399999985,-0.1621369288554561,0.01952029875104202,0.18165722760649813,1.2328696261883118e-11,0.3333438108157751,0.38615964493974125
9207,14.0,47.96561600000001,-0.1176192648521031,-0.013261540884679878,0.10435772396742322,2.1235633132940114e-07,0.35954966782396774,0.3754335976306873
9208,14.0,48.997134700000004,-0.08197440073576452,-0.011794125217817886,0.07018027551794663,0.00035024996531427335,0.3594715726079158,0.10571990292302304
9210,13.0,44.6153846,-0.04486554259804372,0.10979776112750592,0.15466330372554965,0.11746881633773767,1.687190803383998e-07,0.6197574881599596
9211,13.0,45.641025600000006,-0.14749135714648426,0.0238824988179863,0.17137385596447055,4.3638665512467156e-08,0.0916459964770561,0.5286314986278822
9213,31.0,41.493506499999995,-0.5587731921376404,-0.619045311239212,-0.0602721191015716,2.6651721796609708e-08,2.3835649611397813e-31,0.8606065651772711
9214,31.0,42.662337699999995,-0.23538697225190292,-0.41850563485641884,-0.18311866260451592,0.010249199975472427,1.977923174819666e-17,0.615973785841685
9216,30.0,41.093247599999984,-1.0885481413667382,-1.0371721980211306,0.05137594334560758,2.698715387458915e-28,6.26182436320524e-70,0.9364570251173706
9217,30.0,42.250803899999994,-0.6553343699000121,-0.602830032750609,0.05250433714940317,5.388715110193011e-13,2.0233835186863388e-41,0.8393843030291148
9218,30.0,43.40836010000001,-0.2698515051170446,-0.3828634382262086,-0.11301193310916402,0.00034575354496888027,1.6913040635915012e-15,0.582226728529956
9219,29.0,39.554140099999984,-1.800490084254222,-1.791939412570052,0.008550671684169897,2.4940078899601586e-88,4.026576510634777e-87,0.963894074199468
9220,29.0,40.700636900000006,-1.6286591213550365,-1.5163968601877384,0.1122622611672981,3.7255307229446e-71,2.912975923473267e-87,0.9551149722086633
9221,29.0,41.847133799999995,-1.3544927533413709,-1.111718032427601,0.24277472091376984,2.7652221175758025e-50,9.081825322986163e-92,0.9336430963480347
9222,29.0,42.99363060000002,-1.0011164942467419,-0.6875088032769565,0.31360769096978536,4.046566949362186e-37,2.5055731106183386e-56,0.897251231664278
9223,29.0,47.579617799999994,-0.004153210055747536,-0.21151489416680747,-0.20736168411105993,0.9291356534164504,4.262369080953884e-09,0.5048201073971647
9224,28.0,38.044163999999995,-1.4173304324112206,-1.2388683330505663,0.17846209936065427,6.022381845358226e-110,2.8862065939329244e-88,0.9423401063180104
9225,28.0,39.17981069999999,-1.6136554746535854,-1.4494595435731221,0.16419593108046326,3.6075493991862715e-108,1.256467525385611e-82,0.9535036182686175
9226,28.0,40.315457400000014,-1.777537945024902,-1.6707380547235786,0.10679989030132342,3.7130237468688082e-103,1.854367144479472e-88,0.9642133130412216
9227,28.0,41.45110410000001,-1.853244695681461,-1.6209160606943818,0.23232863498707923,7.419189137050491e-92,3.161173088742044e-89,0.9649536341680799
9228,28.0,42.586750800000004,-1.7732572310563335,-1.3144019117653964,0.45885531929093704,8.864820795713528e-87,3.7490788775977015e-107,0.9596050396538822
9229,28.0,43.7223975,-1.5140557549824738,-0.979821208890883,0.5342345460915908,9.190746058263124e-84,1.1776170495127362e-90,0.94641425966635
9230,28.0,45.99369089999999,-0.6917592615601567,-0.4420023255316954,0.24975693602846127,1.702547406683354e-36,1.5275378612463988e-25,0.8548136634747115
9231,28.0,47.12933749999999,-0.368298677340125,-0.32908340558187044,0.039215271758254566,2.6795319122039007e-16,3.898694705542594e-15,0.7689773506432516
9232,28.0,48.264984200000015,-0.2532660756239039,-0.27803356986691874,-0.02476749424301483,4.626652788992234e-09,4.560827281805454e-13,0.7347051631477788
9233,27.0,38.8125,-1.0359378976829108,-0.8153924778346543,0.22054541984825649,3.8915386094493535e-98,2.18611856372936e-35,0.8919457908775666
9234,27.0,39.9375,-1.4281538362462092,-1.1776441440843466,0.2505096921618626,6.525903987000131e-113,1.1538772604581084e-52,0.9375146345952478
9235,27.0,41.0625,-1.8304487255151116,-1.6286181375098123,0.2018305880052993,4.761904644270827e-121,1.0794869097359818e-67,0.9647390682719479
9236,27.0,42.1875,-2.1032069397183206,-1.6896513845373715,0.4135555551809491,8.169106062776279e-113,5.5632847366758165e-81,0.9675500047685691
9237,27.0,43.3125,-2.127319612426718,-1.4853466035113554,0.6419730089153628,4.590688388009064e-109,3.97964889940158e-89,0.9562604363481066
9238,27.0,44.4375,-1.8741759099896336,-1.1359838419919552,0.7381920679976783,2.3275203317816605e-100,8.944740080898191e-79,0.9371772224899282
9239,27.0,45.5625,-1.420434818082126,-0.7666380630703976,0.6537967550117284,3.6224792747757896e-73,3.8579966664747e-66,0.9256772127467676
9240,27.0,46.6875,-0.9237446857229837,-0.524179322203497,0.3995653635194868,2.7142858503220535e-47,1.169070992708422e-46,0.9025087209816425
9241,27.0,47.8125,-0.548774632351507,-0.3864437859076767,0.16233084644383033,5.801080341137412e-29,1.2833823466220362e-25,0.8461829950262435
9242,27.0,48.9375,-0.3927672536007439,-0.296028292036703,0.09673896156404088,2.46059825111571e-19,1.7570939590071898e-20,0.797492468018416
9243,26.0,40.6811146,-1.3459570963894572,-0.9629013829805693,0.3830557134088879,3.0808040207918684e-120,8.738957208233314e-43,0.9352316036278434
9244,26.0,41.79566560000001,-1.8394293572561735,-1.3056597355183368,0.5337696217378367,1.4659111194838417e-129,9.24456608681204e-70,0.9597162394517731
9245,26.0,42.91021670000001,-2.1268127832108212,-1.544277123504148,0.5825356597066733,7.804013020585124e-126,1.7446899678215427e-84,0.9554617345289896
9246,26.0,44.024767800000006,-2.1136182161927786,-1.4443383270312977,0.6692798891614808,1.163442597426979e-109,2.1148403136002617e-77,0.9422371246282341
9247,26.0,45.139318900000006,-1.812852889855162,-1.0732464199503036,0.7396064699048583,1.469035883308003e-93,4.1016356219210004e-75,0.9367820230371383
9248,26.0,46.253870000000006,-1.3474456133082433,-0.7360012212020566,0.6114443921061867,3.9498899449485643e-72,7.652144177545087e-80,0.9364883079607345
9249,26.0,47.368421100000006,-0.8770751059255184,-0.5000198107596974,0.37705529516582104,2.394143053849732e-51,3.5392919937959713e-54,0.909798187757179
9250,26.0,48.482972099999984,-0.533036109754754,-0.4168049474043028,0.11623116235045122,9.857992083831577e-33,3.8650456346360295e-36,0.8717581719980815
9251,26.0,49.59752320000001,-0.36830608499922757,-0.32151052515412176,0.046795559845105805,1.3570398438598407e-20,5.762603457036637e-24,0.8278579879206176
9252,26.0,56.28482969999999,-0.912346608001316,-0.4715892700633084,0.44075733793800753,1.9295935282839678e-32,5.2494329992687984e-18,0.653331219142056
9254,25.0,42.51533739999999,-1.5912322232162635,-1.066986710263984,0.5242455129522794,5.888232893099827e-131,3.3505135839559204e-72,0.9484768073648814
9255,25.0,43.6196319,-1.7570515706424927,-1.2257727104688054,0.5312788601736873,1.248577164103834e-121,1.2462455546587667e-80,0.9462159534341348
9256,25.0,44.72392640000001,-1.673181272044235,-1.0962983516137172,0.5768829204305177,3.9728528671232626e-110,4.476678159546476e-78,0.9447007686695452
9257,25.0,45.82822089999999,-1.394585394792591,-0.8768263285906416,0.5177590662019494,1.412162027846273e-94,3.5811498577497294e-75,0.9462017483882122
9258,25.0,46.932515300000006,-1.0283301604038435,-0.657846801314131,0.3704833590897125,1.8346417284078723e-74,1.3834319515032783e-75,0.9409891551148675
9259,25.0,48.036809800000015,-0.6796606238459577,-0.5321792567766374,0.14748136706932036,7.078016763024783e-50,1.026676700856921e-61,0.9231535560602618
9260,25.0,49.141104299999995,-0.417611526591679,-0.455029760299037,-0.03741823370735803,1.47436419122033e-29,8.883743752445561e-47,0.8761751004963755
9261,25.0,50.245398800000004,-0.2709772311488684,-0.3777129888435649,-0.10673575769469651,1.3320857052249351e-15,4.692653159501204e-39,0.8151749597114268
9262,25.0,51.34969330000001,-0.2236726448855447,-0.1355259503753512,0.0881466945101935,1.2295849640366423e-11,4.46679017698669e-06,0.4534715341302375
9263,25.0,55.7668712,-0.375752193670983,-0.20254089819753496,0.17321129547344805,4.439848884795634e-19,1.3077338165670059e-10,0.5810427856746392
9264,25.0,56.87116559999998,-0.41993491952922585,-0.13965387229291154,0.2802810472363143,6.61500592399312e-21,1.7166268507885606e-07,0.6547177890974396
9266,24.0,43.22188449999999,-1.089802291624093,-0.7729782079638864,0.31682408366020665,4.4164823022782625e-109,7.28544343225298e-50,0.9204704372679086
9267,24.0,44.316109400000016,-1.1567733281881485,-0.8384856779903502,0.31828765019779826,1.2194880816142949e-105,1.3965106999312313e-60,0.9208860930080399
9268,24.0,45.41033429999999,-1.0931269371212748,-0.845957278351172,0.24716965877010288,1.5961940545032035e-97,1.4014342394235798e-62,0.9337876430942369
9269,24.0,46.50455929999998,-0.9344340745597588,-0.7716564051486707,0.16277766941108807,1.4730387783676156e-86,1.1399488432255404e-58,0.937157912325987
9270,24.0,47.59878420000001,-0.7306403015009564,-0.6714722069246013,0.05916809457635508,2.7682509649628858e-64,1.2336831792204342e-66,0.9287477278729502
9271,24.0,48.69300909999998,-0.5155859758576404,-0.5676052885308185,-0.05201931267317805,2.0429203064599033e-40,2.9773927973867047e-60,0.9020688136653077
9272,24.0,49.78723400000001,-0.33398574581052004,-0.5033971514264033,-0.16941140561588325,4.031335586324132e-22,7.905658440415867e-52,0.8475349933232911
9273,24.0,50.88145900000001,-0.20511485721405975,-0.41038728173208716,-0.2052724245180274,4.546319467270758e-11,1.2114699025964157e-46,0.7439615978645212
9274,24.0,51.97568390000001,-0.14246370068006534,-0.17918691468379783,-0.03672321400373249,3.550836888928425e-07,4.722705033555945e-13,0.4919089679549158
9275,24.0,53.06990880000001,-0.13332914983762045,-0.1894760046289548,-0.056146854791334355,4.3362654504983583e-07,1.6993229375261333e-10,0.45961156467310704
9276,24.0,54.16413370000001,-0.14516815928570698,-0.12749267536304032,0.017675483922666657,3.292423024399641e-08,7.079732036513573e-07,0.5040213896543944
9277,24.0,55.2583587,-0.16727407106592082,-0.22642441309663308,-0.05915034203071226,1.8395690621826782e-09,9.412766808514504e-14,0.6869108481528895
9278,24.0,56.3525836,-0.1989695063400739,-0.20098915551108165,-0.002019649171007748,5.596620830392079e-11,9.079146653135704e-12,0.7038699733431489
9279,24.0,57.4468085,-0.23664055245516663,-0.12422852268006132,0.11241202977510531,5.973843540191788e-13,1.141825149899863e-08,0.7329748131397951
9281,23.0,41.873111800000004,-0.3625627046180672,-0.3909514595000403,-0.028388754881973066,1.2427531692730606e-50,8.091649748186387e-21,0.8170456026573449
9282,23.0,42.96072509999999,-0.5130122399730996,-0.5147198747239103,-0.0017076347508107048,1.948943430675592e-64,2.1494702514558382e-30,0.86809130333911
9283,23.0,44.048338400000006,-0.6257131331247937,-0.5930658011103255,0.03264733201446823,1.0115172105587542e-69,1.1939611567640584e-42,0.8860668226966991
9284,23.0,45.13595169999999,-0.6999312311792086,-0.7015213630006911,-0.0015901318214824878,3.1531984371066616e-71,2.0974413676207753e-53,0.9048387268491442
9285,23.0,46.22356500000001,-0.7186264604063591,-0.7357153053710522,-0.017088844964693095,2.540580657543528e-73,4.493497364213437e-53,0.9068526118214792
9286,23.0,47.3111782,-0.6726424155964936,-0.7226627551429097,-0.05002033954641605,6.616297962280783e-63,6.369930059965528e-59,0.9017968959618863
9287,23.0,48.398791500000016,-0.5638858481219537,-0.6640079422757482,-0.10012209415379447,6.615538896678352e-45,4.726523624565235e-57,0.8909526074044073
9288,23.0,49.4864048,-0.4164833114301528,-0.6249086560141581,-0.2084253445840053,8.558160345994666e-28,1.3372764495456203e-49,0.8348085701115079
9289,23.0,50.57401809999999,-0.27839196997043314,-0.5446501228287939,-0.26625815285836074,3.9866373336786505e-16,3.6753051299685515e-48,0.751462598846365
9290,23.0,51.661631400000005,-0.19042624939344863,-0.462972262114871,-0.2725460127214224,2.949989082079893e-10,6.454835759709064e-40,0.6647667492578669
9291,23.0,52.74924469999999,-0.16449391242423944,-0.3392722732203703,-0.17477836079613085,3.759591817953869e-09,2.0492706093799482e-31,0.6532537771020657
9292,23.0,53.83685800000001,-0.18253771923763107,-0.27531570505006797,-0.0927779858124369,1.1910799948263181e-11,6.972105139001998e-23,0.759598912740187
9293,23.0,54.92447129999999,-0.21560442933373514,-0.21883190261797675,-0.003227473284241611,4.404508495528174e-15,8.271016915996476e-15,0.8168475429392977
9294,23.0,56.01208460000001,-0.24259050754828673,-0.18294824904191934,0.059642258506367396,8.384673243534715e-17,3.1532636475060243e-10,0.7857374469562232
9295,23.0,57.099697899999995,-0.2508903313473822,-0.1423126264655597,0.1085777048818225,4.838306737306377e-16,1.826907208606383e-06,0.7262429786573303
9296,23.0,58.18731120000001,-0.22904116973461514,-0.09311127838658377,0.13592989134803135,7.496957503041547e-13,0.0012184753749054722,0.6569071018373649
9297,23.0,59.2749245,-0.1657020761491367,-0.06927788276392755,0.09642419338520916,3.603314366653614e-07,0.00044830168509346315,0.6009863108375426
9299,22.0,41.6216216,-0.1409882984670961,-0.3108279565270317,-0.16983965805993562,2.223189854791365e-14,3.764233018011781e-20,0.6290437477747949
9300,22.0,42.7027027,-0.22516585557048802,-0.41373097230979816,-0.18856511673931015,2.2436460689627116e-25,5.850293254424613e-31,0.7875335838402977
9301,22.0,43.78378380000001,-0.3390715040867107,-0.49509871025935315,-0.15602720617264243,8.879593713562953e-38,6.321568177905817e-41,0.856738216418905
9302,22.0,44.864864899999986,-0.4757213109240343,-0.5866862527241004,-0.11096494180006605,6.1846463028262906e-52,3.818843178663228e-47,0.8856421113849972
9303,22.0,45.9459459,-0.5871217408437153,-0.6477025287552433,-0.06058078791152799,2.679498922120639e-63,9.158468051789793e-57,0.890762409161201
9304,22.0,47.027027000000004,-0.6324794590793184,-0.6724515349043434,-0.039972075825025044,2.468297642714217e-65,4.6464843599170855e-65,0.8834901055897263
9305,22.0,48.10810810000001,-0.5909181276246371,-0.6699134017492318,-0.07899527412459462,1.7538198107446848e-53,4.812032250105864e-54,0.8677718269144131
9306,22.0,49.18918919999999,-0.47379196487986847,-0.6398912201277954,-0.16609925524792696,6.801111210616728e-35,2.1827146056195275e-40,0.8294066749510073
9307,22.0,50.27027029999999,-0.3312470055067852,-0.5825630976080768,-0.2513160921012916,1.3882918881494536e-21,1.7162555649597561e-40,0.7316434502693715
9308,22.0,51.3513514,-0.23374341905942883,-0.47595624303441497,-0.24221282397498614,3.194261338755573e-14,3.7338990188008726e-45,0.6364642036417405
9309,22.0,52.43243240000001,-0.20396069767055192,-0.36338494591229725,-0.15942424824174534,6.032476858954934e-13,1.512151484175685e-39,0.6039792335785347
9310,22.0,53.51351349999999,-0.23566142769239776,-0.2676616997989233,-0.032000272106525535,8.664375686340646e-17,6.299143396320679e-28,0.6679887462420326
9311,22.0,54.59459459999999,-0.29846913348863946,-0.1886823575467437,0.10978677594189576,1.418877891354828e-23,2.0591201498496783e-14,0.7614310433889062
9312,22.0,55.6756757,-0.3441470713417757,-0.14527148305116433,0.19887558829061136,1.7597568862268273e-27,1.902544453311102e-08,0.7470354925850942
9313,22.0,56.756756800000005,-0.3474639319520386,-0.10320319780316223,0.2442607341488764,1.3000508702249256e-24,0.0001312592025329454,0.6424736722604729
9314,22.0,57.83783779999999,-0.29726584582276255,-0.05702845811461299,0.24023738770814956,5.518956879627428e-18,0.04925648438836162,0.5293545172683718
9315,22.0,58.918918899999994,-0.19969421320202815,-0.013372000736242428,0.18632221246578573,1.8842023651163953e-09,0.677588444195309,0.4144036585241513
9316,22.0,60.0,-0.0797118215441884,-0.045851765385871254,0.03386005615831715,0.02429643225350107,0.02386796098173541,0.31832092147649155
9318,21.0,42.32142859999999,-0.20247288073387018,-0.34135992878421656,-0.13888704805034638,1.0602553574279115e-20,1.6041780667723558e-30,0.7331025996459943
9319,21.0,43.392857100000015,-0.3014193565185176,-0.43428931544091753,-0.13286995892239994,1.927730134097281e-33,6.575734121780909e-44,0.8317507280930448
9320,21.0,44.464285700000005,-0.43881160708550804,-0.5247278620345099,-0.0859162549490019,1.1184638773448406e-50,6.706691730378337e-49,0.8719941338661644
9321,21.0,45.535714299999995,-0.5708928309343333,-0.5869349410507381,-0.016042110116404773,6.742329562321468e-72,6.0125433901871806e-55,0.8880073691126772
9322,21.0,46.607142899999985,-0.6407872799092389,-0.6281207444739552,0.012666535435283732,2.0288630266801335e-88,4.807610174840876e-65,0.8735440183989565
9323,21.0,47.67857140000001,-0.6162772581472495,-0.6212047934274626,-0.004927535280213058,2.7273416410125764e-76,6.271159607279623e-63,0.8543383031687987
9324,21.0,48.75,-0.508549037019735,-0.5874416239171578,-0.07889258689742285,1.3159280532965223e-50,3.4447087652868934e-44,0.8260265095860161
9325,21.0,49.82142859999999,-0.354480688628138,-0.5309002084740427,-0.17641951984590476,3.109601695560503e-29,4.557212559819954e-35,0.7562652891563488
9326,21.0,50.892857100000015,-0.2292558960780407,-0.4459525195738651,-0.21669662349582441,1.5866951235675292e-15,4.800334764852425e-42,0.6224333092834913
9327,21.0,51.964285700000005,-0.17547782544443652,-0.3202138315836395,-0.14473600613920296,4.202314486468741e-12,5.065400655905908e-43,0.5499722650526602
9328,21.0,53.035714299999995,-0.18890546668131208,-0.22224810245434617,-0.03334263577303409,3.059197855164525e-14,2.7575442675782838e-27,0.5562034565875394
9329,21.0,54.107142899999985,-0.2577675743693918,-0.16708150223296717,0.09068607213642463,1.3496420962785074e-22,8.077200982429688e-14,0.6763159524773271
9330,21.0,55.17857140000001,-0.32922149311667936,-0.09953784466439641,0.22968364845228295,7.751893256537179e-30,2.4118823264960115e-05,0.6270522086634157
9331,21.0,56.25,-0.357982374116088,-0.0645492470833573,0.2934331270327307,1.3691951785427842e-29,0.010227045374024015,0.531655001262944
9332,21.0,57.32142859999999,-0.32519473768064006,-0.020023137990807884,0.30517159968983215,5.268314517683403e-22,0.4665488606903155,0.41058093825623404
9333,21.0,58.392857100000015,-0.23593564138387393,0.002030729153458655,0.23796637053733258,4.725749057045729e-12,0.938768327456106,0.46800764195237293
9334,20.0,42.07100589999999,-0.3001903057714773,-0.3024715475587067,-0.002281241787229382,1.3935509569821997e-34,3.409766493287737e-24,0.7464837636749373
9335,20.0,43.1360947,-0.39731481033783356,-0.42110921710744115,-0.02379440676960759,2.4054321100057044e-49,3.4920764184721624e-41,0.8387914151847903
9336,20.0,44.20118339999999,-0.5093702151996645,-0.5041333072836648,0.005236907915999733,2.66475330583861e-64,7.037842827150173e-46,0.8857166719466638
9337,20.0,45.2662722,-0.6104032711991149,-0.5565293821752284,0.053873889023886457,1.1635870248409838e-76,5.410814355700328e-49,0.8902201051757456
9338,20.0,46.33136089999999,-0.6518098825613952,-0.5729620645471108,0.07884781801428431,2.331774509491326e-90,1.0000335465550285e-54,0.8754384603971828
9339,20.0,47.396449700000005,-0.6038556939805569,-0.5685856092994956,0.0352700846810613,4.45695281763702e-88,1.0645290935634629e-58,0.8577809913998248
9340,20.0,48.46153850000002,-0.48594736555606477,-0.5056794839155268,-0.01973211835946198,1.4746233672309567e-63,1.1598616079471015e-51,0.8302244946862503
9341,20.0,49.52662720000001,-0.32891612566984263,-0.4247542803112513,-0.09583815464140866,5.1439785547599655e-34,1.1910108907660714e-40,0.7677306041741684
9342,20.0,50.59171599999999,-0.18705417117969916,-0.34436300166343203,-0.15730883048373287,4.5201372054120665e-14,8.788985654375237e-40,0.6306417029071006
9343,20.0,51.65680470000001,-0.10821602180267964,-0.2486421497822941,-0.14042612797961446,8.832624896891395e-07,8.594773098333382e-37,0.509181499453158
9344,20.0,52.72189349999999,-0.08876513690575213,-0.15450949852036136,-0.06574436161460923,1.880014435035905e-05,7.562797105169987e-17,0.4935822267530015
9345,20.0,53.78698220000001,-0.12904525092326039,-0.098533168014837,0.030512082908423388,1.588451897148287e-10,9.068861985875871e-07,0.5637931106448624
9346,20.0,54.852070999999995,-0.19001384387081668,-0.061973317749059384,0.12804052612175731,9.325420734739324e-18,0.0055565860161385485,0.5992871878204793
9347,20.0,55.91715980000001,-0.22803539716624394,-0.025491928096138584,0.20254346907010534,2.0504720492569625e-20,0.31438253910442004,0.4601598532898094
9348,20.0,56.9822485,-0.22241556004193477,0.05578994130246766,0.2782055013444024,5.351455320423924e-16,0.057473572429462744,0.3496740618582154
9349,20.0,58.04733730000001,-0.16648044063950868,0.042531812347204934,0.2090122529867136,2.6174029500777538e-08,0.048034628728402466,0.558658851694423
9351,19.0,43.94117649999998,-0.5150079846893283,-0.44418627756790896,0.07082170712141933,6.482651071076771e-58,1.3651404434027858e-38,0.8574086420818805
9352,19.0,45.0,-0.5635632919487672,-0.4951848632419217,0.06837842870684552,8.350018398811031e-54,1.866025486265773e-40,0.8799809194927539
9353,19.0,46.05882350000002,-0.568871224719563,-0.5099974232819349,0.058873801437628104,3.455084069868806e-51,1.0748430036966115e-45,0.8674981703385002
9354,19.0,47.1176471,-0.5119388106317949,-0.4987690491527008,0.0131697614790941,5.144138089209819e-55,8.887041476088707e-52,0.8526002127902519
9355,19.0,48.176470600000016,-0.4100541505972954,-0.4182050698467964,-0.00815091924950101,6.25658238292078e-53,3.8560582930926e-49,0.8141476123042014
9356,19.0,49.235294100000004,-0.28356687069595365,-0.34665368705229327,-0.06308681635633961,2.0638876290454952e-32,2.209112342957017e-46,0.7257916275595622
9357,19.0,50.29411759999999,-0.15872221452076546,-0.254767566951407,-0.09604535243064155,6.329056232399381e-13,3.0816048147260727e-37,0.6048215448596113
9358,19.0,51.352941200000004,-0.06373535975280926,-0.1872832666974487,-0.12354790694463945,0.0017673472897218072,8.410095179876353e-27,0.48994103851289467
9359,19.0,52.41176469999999,-0.00458337696482074,-0.1098656777336818,-0.10528230076886107,0.8090084911367774,1.7178351842944748e-09,0.4680858740040705
9360,19.0,53.47058820000001,0.011038875950735338,-0.0517819260974294,-0.06282080204816473,0.5245587859942688,0.006389160744122671,0.5436077092188477
9361,19.0,54.52941179999999,-0.002120162773779022,-0.013302407392011962,-0.01118224461823294,0.9009262823062297,0.5418573619820544,0.5884341289527845
9362,19.0,55.58823530000001,-0.02499279900992448,0.040207980919264676,0.06520077992918916,0.1677628870361784,0.10092203801944631,0.5294231423091921
9363,19.0,56.647058799999996,-0.03536798675795545,0.0748318981904033,0.11019988494835875,0.09231232611287017,0.003200128832469591,0.5920285021731272
9364,19.0,57.70588240000001,-0.024174713258288703,0.059741697161331334,0.08391641041962003,0.34766607175779857,0.004013000599723795,0.7127628978544881
9366,18.0,44.73684209999999,-0.40584093795580645,-0.39886800730351646,0.006972930652289988,3.8012321258573974e-38,2.9507063193691305e-32,0.8084060083152492
9367,18.0,45.7894737,-0.3849364602813827,-0.4099072602231346,-0.024970799941751942,1.6792269027184392e-34,1.2296980186422374e-34,0.8104067341057838
9368,18.0,46.842105300000014,-0.3408442311948064,-0.38800874034556526,-0.04716450915075887,2.925403355231496e-34,1.8602503991898763e-35,0.7872484019016266
9369,18.0,47.894736800000004,-0.28317361992245704,-0.34755096912191447,-0.06437734919945742,1.969626411730136e-32,4.697106755492338e-37,0.7376481005573882
9370,18.0,48.947368400000016,-0.21936656549613084,-0.2666071429953217,-0.04724057749919083,6.559006065431822e-24,8.42561729124191e-33,0.633707121576873
9371,18.0,50.0,-0.1505857994830094,-0.20411088164016009,-0.05352508215715068,4.346247696500853e-12,1.378614187277512e-26,0.5402993512802694
9372,18.0,51.052631599999984,-0.07330654000665386,-0.13012554747738259,-0.056819007470728725,0.0005346853209538187,8.771287895241357e-14,0.48227430446323905
9373,18.0,52.105263199999996,0.0073456577180383235,-0.06772390253835185,-0.07506956025639018,0.7059124974641573,9.135556213138184e-05,0.5074801272908418
9374,18.0,53.157894699999986,0.08016706163144179,-0.00947003679377092,-0.08963709842521271,1.575766680789409e-05,0.5974717648058581,0.5593637334371254
9375,18.0,54.2105263,0.13232467953565302,0.04545093161134588,-0.08687374792430715,1.180968676300877e-12,0.024201818794064165,0.568657497920919
9376,18.0,55.26315790000001,0.1492726578477047,0.0398448666740999,-0.1094277911736048,8.396231042642467e-15,0.04146220018904187,0.5341274428242963
9377,18.0,56.315789499999994,0.14414757111812265,0.03415914480988267,-0.10998842630823999,1.8402442217309187e-11,0.02993219328556029,0.7545154930426825
9379,17.0,45.523255800000015,-0.22200264875864856,-0.29233046884716934,-0.07032782008852079,9.111522562373018e-21,6.210377136047708e-23,0.6404509240757186
9380,17.0,46.56976739999999,-0.1880259408882154,-0.28548487661349264,-0.09745893572527725,1.072881126412532e-18,1.1822632183911318e-23,0.6151271941379155
9381,17.0,47.616279099999986,-0.16154647813663073,-0.253158842728357,-0.09161236459172625,1.0710187217865477e-15,8.16429248464939e-23,0.5531054724002672
9382,17.0,48.662790700000016,-0.14956650476662067,-0.19566270821952952,-0.04609620345290885,2.2963437668755594e-13,2.438964230553989e-18,0.47462226178890377
9383,17.0,49.70930229999999,-0.14232903870743446,-0.15151819868475921,-0.009189159977324751,1.8260925681011835e-10,2.8640967744031184e-14,0.4319766617893089
9384,17.0,50.75581399999999,-0.10261369542979075,-0.08448866254667253,0.018125032883118217,9.13731698958265e-06,8.167866877731163e-06,0.43163517620924874
9385,17.0,51.80232560000002,-0.024133372040174895,-0.02946515056488739,-0.0053317785247124945,0.26566923667085013,0.1113502380638421,0.5194431797995118
9386,17.0,52.84883719999999,0.07615392100801559,0.017811710286721814,-0.05834221072129377,0.0001668984913977744,0.3348031370522309,0.5459021718814181
9387,17.0,53.895348799999994,0.1774838371705286,0.03438308589648864,-0.14310075127403996,3.888863071492521e-17,0.027995564068772447,0.5893258883912172
9388,17.0,54.94186049999999,0.2381366460812851,0.01112075411965916,-0.22701589196162594,3.6001534490548834e-26,0.43572251701407105,0.4031765847752537
9390,16.0,52.54335259999999,0.0555419650251114,0.018047713245813467,-0.03749425177929793,0.01524475734793001,0.22913559374276518,0.5241218964943752
