mascon_id,lat_center,lon_center,country_of_center,area_km2,frac_area_arabian_peninsula,trend_cm_per_yr,trend_p_value,trend_leakage_uncert_cm_per_yr,leakage_2sigma_cm,noise_sd_cm,trend_grace_only_cm_per_yr,trend_gracefo_only_cm_per_yr,intermission_step_cm,intermission_step_p,chirps_mean_annual_precip_mm,chirps_annual_cv,precip_adjusted_trend_cm_per_yr,fraction_unexplained_by_precip,variance_snr,residual_over_noise_sd,residual_lag1_autocorr,annual_amplitude_cm,n_months_observed,significant_decline,trend_exceeds_leakage_uncert,precip_control_passed,is_candidate
9128,32.0,47.80327869999999,Iran,12380.52,0.0,-0.3627824751531951,0.0156475090543381,0.0837127008256228,2.0993641890548305,1.0400812026644115,-0.7855177762809085,-1.4462802393345715,8.84990089447688,1.297101409739812e-17,,,,,46.19660224630055,4.092845449481981,0.8509662471478986,7.536124711365255,254,True,True,False,False
9129,32.0,48.9836066,Iran,12380.52,0.0,-0.2006119689594019,0.2347408346647325,0.1276985786549345,2.6030841128739723,1.0948812868743951,-0.8954945300078272,-0.6763581766129563,11.574087481459232,3.0009082170036625e-24,,,,,49.10508807921235,4.401243887290627,0.8682956848343681,8.60594724971328,254,False,True,False,False
9130,32.0,50.16393440000002,Iran,12380.52,0.0,-0.0491101837727612,0.8019413631721837,0.2585426724725859,2.5764430838252763,1.0373485787624337,-0.9495650134425055,0.2010239955501696,12.99475390512833,8.821164393413145e-28,,,,,56.776535937638094,4.924415116325884,0.8929080533500603,8.703802826087955,254,False,False,False,False
9131,32.0,51.3442623,Iran,12380.52,0.0,-0.0521058446868822,0.7832232931528857,0.4103771630590142,2.061217747721215,0.988598247888412,-0.9758473433063832,0.7199940867839525,12.153891858855598,6.3301226792344575e-27,,,,,53.68448355702407,4.896122470833153,0.8965364814748219,7.931182409517254,254,False,False,False,False
9136,31.0,48.506493500000005,Iran,12393.06,0.0,-0.115397689521008,0.2957059336888845,0.3036098647427827,2.231559240844613,0.9435205080497668,-0.5026508301540336,-0.811551578943853,7.480563293123831,1.042144069555549e-15,156.61956733611686,0.2887149316450818,-0.0070087192215662,0.0607353513805868,40.0379709174029,4.028007507863895,0.8217372921925584,6.760610494240596,254,False,False,False,False
9392,31.0,49.6753247,Iran,12393.06,0.0,-0.1899888334153612,0.1969297444772318,0.1810769485092297,2.732338451294168,1.044531327142931,-0.8439087857818626,-0.2913781278250629,10.16287419458012,1.097894852210752e-20,292.5657878469307,0.2582800773935318,-0.1334500446030878,0.702409937490031,46.681607021826544,4.345417410443548,0.8495558661934438,7.952409644845105,254,False,True,True,False
9393,31.0,50.84415580000001,Iran,12393.06,0.0,-0.373427747514234,0.0523295987768916,0.1113807862564606,2.378342301611462,0.9822729926158208,-1.207151228422684,0.0464774826066265,11.66423545028009,2.655454062502509e-24,412.1253353432985,0.2766939864731956,-0.4623963444094323,1.2382484898013828,64.43735482706404,4.939351743185173,0.8804876862126676,8.362293244688125,254,False,True,True,False
9395,30.0,50.3536977,Iran,12401.62,0.0,-0.5081045617972624,0.0004875797928569,0.0412773595197245,2.3540251341724456,1.1066087403977158,-1.184906206908563,-0.3319037194487881,9.900192018420537,3.5307998233615787e-22,331.9120625934254,0.2817420255748241,-0.4075878369366712,0.8021731501385376,41.72356105745202,3.873044164637912,0.8214798693972853,6.7931333460396734,254,True,True,True,False
9396,30.0,51.51125400000001,Iran,12401.62,0.0,-1.0007467999700133,1.472911204965413e-06,0.2482023409663644,2.038804608274816,1.047781516852333,-1.7523233296593066,-0.615784763343397,10.523311524402809,2.836686412883652e-24,347.7814068443452,0.2471445206273826,-1.0154821096270812,1.0147243135401576,83.78232159499258,4.179734217688195,0.8439160484470647,7.287599274740739,254,True,True,True,False
9397,29.0,51.0191083,Iran,12406.28,0.0,-0.9094392084038274,4.272737532690172e-10,0.1528719958547941,2.3221020087511404,1.2452515519410463,-1.5716199909335096,-0.6228511548795894,9.427181010369662,4.252447786030072e-24,237.58511206872453,0.2850480198501849,-0.6467316630344323,0.7111323737289954,43.47652498909845,3.1604942073547484,0.7687713102435071,5.289990043944488,254,True,True,True,False
9398,29.0,52.16560509999999,Iran,12406.28,0.0,-1.5268862448889884,3.6814036693431526e-14,0.5568321485839346,2.2035704940765504,1.1583225053547797,-2.189466087343672,-1.295159405024786,9.516430313141514,3.6604174311682357e-25,254.01517139514908,0.2619978010983221,-1.3921956023583362,0.9117873757907584,106.74207872985475,3.366732306453564,0.78455384379243,5.517451256625562,254,True,True,True,False
9399,29.0,53.312101900000016,Iran,12406.28,0.0,-2.1079328665985466,7.694913270146361e-20,0.9005325734907506,1.89311597323822,1.0136045935094449,-2.6485957188659626,-2.140793218251585,8.23891976988986,2.03916634528483e-23,198.8306387863122,0.2932791821810692,-2.07976644231818,0.986637893110032,237.66526158666744,3.435857087554037,0.7722030298759014,5.163890474348096,254,True,True,True,False
9400,29.0,54.45859870000001,Iran,12406.28,0.0,-2.468989606501636,1.5033989861289227e-28,1.083962772469785,1.6465948551791316,0.9337341610454344,-2.8395782357414188,-2.7661994296203414,6.252378575973078,7.393377245088087e-18,167.31305404837866,0.3233103528699534,-2.405381937125412,0.9742373685135308,367.85883789910616,3.200110918210471,0.7320585542712151,4.426142619975932,254,True,True,True,False
9401,29.0,55.6050955,Iran,12406.28,0.0,-2.499125668444124,2.644789343355364e-37,1.0413841107221065,1.4084945519660297,0.9050794868707144,-2.704542094073984,-2.987494378127665,4.197628213986644,1.5164304410752622e-10,138.3226448095714,0.2899145025682219,-2.490113618113814,0.9963939187036078,394.5379523920553,2.885002058987017,0.6866541386918119,3.527768947973612,254,True,True,True,False
9402,28.0,51.6719243,Iran,12407.1,0.0,-1.1091323467245564,9.81236556846536e-17,0.2361434964536159,2.429510581512838,1.2208729167429937,-1.6746255440222546,-1.0477765597536963,8.459502434099669,1.359767849352595e-25,209.20012092217803,0.2649523660976582,-0.9756081073692672,0.8796137902301673,52.92110694031785,2.8190769555330832,0.71880286498045,4.086593440237015,254,True,True,True,False
9403,28.0,52.807571,Iran,12407.1,0.0,-1.636940940463245,3.633586214410209e-21,0.562912019714713,2.3173172668273168,1.130318957271951,-2.159385224721493,-1.7612021189840013,8.194053521319713,9.720251215783062e-25,203.6955794886065,0.3013175154892225,-1.497478181887245,0.9148028159546594,118.23409802929098,2.992399339324647,0.7316846120756442,4.121580242222275,254,True,True,True,False
9404,28.0,53.94321769999999,Iran,12407.1,0.0,-2.0727147927800096,1.1250105525251551e-27,0.8252480933771414,2.0094046738720315,1.037507639437133,-2.467722367399753,-2.4103358586744927,6.720962968780624,1.7938687580148072e-19,165.98720913170837,0.3277331115760856,-1.9206365141159183,0.9266284588724736,212.7691868699553,2.9739087719891133,0.7149917114384459,3.7986136016066094,254,True,True,True,False
9405,28.0,55.07886439999999,Iran,12407.1,0.0,-2.27553242381114,1.414984166385515e-36,0.9339476430971247,1.6789387952604962,0.9840034228857208,-2.533431827966637,-2.713006993209772,4.862733539070499,1.274325236540436e-12,154.32709748856723,0.3327773622005888,-2.192765832876836,0.9636275932312652,278.46047889010265,2.7993850048390345,0.6735049913127876,3.226896515668222,254,True,True,True,False
9406,28.0,56.214511000000016,Iran,12407.1,0.0,-2.205971556054941,7.436468646170295e-43,0.84762402054872,1.393863756190834,0.9428641799234594,-2.3477787216678925,-2.651419035948776,3.135236760137424,7.412842358435938e-07,156.91632503876465,0.3272792783950541,-2.1704593262053216,0.983901773460249,282.4396505093219,2.632371151043756,0.640704213508358,2.557784604011476,254,True,True,True,False
9407,28.0,57.35015770000001,Iran,12407.1,0.0,-1.9292206382625865,1.0698117500016675e-40,0.6480216530772547,1.2301862404019095,0.8720100493579505,-2.004661710409948,-2.281514338106338,1.929781806595608,0.0012533379402678,123.28257397826138,0.3319287529388641,-1.9544867443521168,1.0130965352476662,252.8618952311756,2.650177276733303,0.6463820040527634,2.0562566647854967,254,True,True,True,False
9408,27.0,53.4375,Iran,12404.16,0.0,-1.302368685431868,2.264172802391138e-24,0.2587221498966363,2.096584584485784,1.018825552631226,-1.6280047004488902,-1.7877673484326162,6.011907552860735,7.878811391556604e-18,160.42435898755986,0.3084654806024728,-1.1913599457958428,0.9147639674711509,95.5807086521925,2.822091390333708,0.6876438152233315,4.002922227886617,254,True,True,True,False
9409,27.0,54.5625,Iran,12404.16,0.0,-1.5492133453475103,1.6304759421336738e-32,0.3915024015577693,1.8094391383579829,0.9889382922528688,-1.7714007930846698,-2.061971499932808,4.495513969017659,1.803876464965491e-11,142.03168275843683,0.3446378299014613,-1.4716525864361316,0.949935391955986,135.8026573272501,2.7052901324063168,0.652657131873339,3.848787708777357,254,True,True,True,False
9446,32.0,52.524590200000006,Iran,12380.52,0.0,-0.2257253006934725,0.1190875421373427,0.5000762553399374,1.947495452221188,0.934754470109188,-0.9687755260593924,0.6054906297277822,9.28632370224384,1.9668455623294791e-22,,,,,42.69620922404843,4.279190307248745,0.8702996569555516,6.460622543773602,254,False,False,False,False
9447,32.0,53.70491799999999,Iran,12380.52,0.0,-0.4964209189547408,1.256734231875997e-06,0.4977954153877719,1.9329207047461547,0.8117489973113938,-0.9558288352644596,-0.1174663850605828,6.041091374605755,8.945465424151304e-18,,,,,45.6222833418305,3.564381773473554,0.7972133354043661,4.676223043528411,254,True,False,False,False
9448,32.0,54.8852459,Iran,12380.52,0.0,-0.7368669871079727,5.507073404231569e-18,0.4466447069537917,1.6111157801045328,0.7008851368046812,-0.9304710991395736,-0.9718139419548404,3.431407113746565,3.56277484692447e-10,,,,,71.59399294535906,3.1042732853143926,0.7108190737264147,2.9529516176337043,254,True,True,False,False
9449,32.0,56.06557380000001,Iran,12380.52,0.0,-0.8557069646076839,3.8434095651311335e-19,0.4222334566382307,1.2933939860091967,0.6745491149190197,-0.8813135901114446,-1.5300050439776596,1.891153705042208,0.000716345635465,,,,,91.87635644117472,3.205138799264281,0.7236619639557424,1.612691753319073,254,True,True,False,False
9450,32.0,57.2459016,Iran,12380.52,0.0,-0.8530802139195682,9.817905350778992e-17,0.4074117685134029,1.0444517731294969,0.6967398399666128,-0.7733130716346828,-1.626156177295788,0.5020456641464737,0.3896788950998355,,,,,84.79883469431032,3.2051064165326792,0.7479553749827611,0.9358049767836976,254,True,True,False,False
9451,32.0,58.426229500000005,Iran,12380.52,0.0,-0.758843970668966,1.6058784379107714e-14,0.4278341884660881,0.8988243577692494,0.707950462075624,-0.6246598307416718,-1.5171761336346028,-0.3771379346998581,0.5249035790470443,,,,,66.95124077827742,3.204755066482244,0.7571941670692995,0.6815004368893922,254,True,True,False,False
9452,32.0,59.60655739999999,Iran,12380.52,0.0,-0.6298377305435172,1.1847765869652814e-11,0.4655321779211198,0.846321841565887,0.6890496071331084,-0.4482269678211818,-1.336442889505551,-1.23015388253298,0.0401829490969569,,,,,52.03822990421279,3.3408440119532483,0.7695443156918342,0.597608840203718,254,True,True,False,False
9453,31.0,52.01298700000001,Iran,12393.06,0.0,-0.7139257863299422,0.0011693494580301,0.0191521697903654,1.700223035328644,0.8781258561585277,-1.509154343077264,-0.1103427895179458,10.63354183651507,2.917863966052494e-24,311.1188683420187,0.2645906684732149,-0.8354654711059597,1.1702413431525047,94.83733935556586,5.040605896216718,0.8836902932061901,7.901692178845205,254,True,True,True,False
9454,31.0,53.18181820000001,Iran,12393.06,0.0,-1.1154155637171108,3.135454452559101e-08,0.098406079977034,1.6357068703101765,0.7997387623735833,-1.7086359658925172,-0.7592631003911137,8.125588715867966,1.3226910582681237e-21,165.80417137825862,0.1941439780549271,-1.188155711936432,1.0652134958355033,147.9979754556163,4.45008393344308,0.8458543968641429,6.7129512594536935,254,True,True,True,False
9455,31.0,54.35064940000001,Iran,12393.06,0.0,-1.4105917512655264,3.741276415449489e-18,0.1658470231187119,1.5757442975654388,0.7490221341428015,-1.7575190600295674,-1.5473436343247366,5.526802710082012,8.278628950201018e-17,117.3432290010775,0.1610186193382007,-1.4154797674910151,1.0034652238828872,210.70647174546068,3.628775739358743,0.7721082925731191,5.186678116380035,254,True,True,True,False
9456,31.0,55.51948049999999,Iran,12393.06,0.0,-1.4739632683465622,7.459328176388354e-25,0.1017338168377047,1.3476721070041522,0.6988735254046438,-1.604502055656226,-2.0434408779052324,3.244864622562102,3.58616545963589e-08,108.61068425894092,0.1821838328630181,-1.456195749271537,0.98794575179953,243.787768618201,3.3214002683299846,0.7320939407041962,3.602443850069397,254,True,True,True,False
9457,31.0,56.68831169999999,Iran,12393.06,0.0,-1.2867487937183597,1.5263208308501882e-21,0.0800640906339942,1.1035377661850077,0.7012043480448288,-1.2858620555580975,-2.0586769532462066,1.7119026384668077,0.004222240501573,126.9708843975483,0.2070833452153907,-1.298503342824762,1.0091350768415603,182.48068652533857,3.28963048344482,0.7466822965956762,2.268133268166449,254,True,True,True,False
9458,31.0,57.85714289999999,Iran,12393.06,0.0,-0.9334857044973962,1.9021909134168802e-17,0.3602201993623977,0.9868819154576453,0.7313362471015816,-0.8629885118474585,-1.6937448567485929,0.6143981464037954,0.305922589108032,104.56919587576218,0.2064003991247636,-0.969607176026868,1.0386952594511558,91.72471547085549,3.1406259323832955,0.7483683009198506,1.3826539762939425,254,True,True,True,False
9459,31.0,59.02597399999999,Iran,12393.06,0.0,-0.571125455357008,1.0609853891807916e-11,0.6114878459068873,0.945291330913549,0.7614923991483697,-0.4472017415628126,-1.2576835761028806,-0.3810935395052094,0.5281063965690823,98.01513284958978,0.1830457289722502,-0.5940549066232463,1.0401478362611334,36.81183111148406,3.0340633106223263,0.7498306717930745,0.9093301418258356,254,True,False,True,False
9460,30.0,52.66881029999999,Iran,12401.62,0.0,-1.563239779830938,2.8144024534048917e-10,0.5448947300746416,1.6375324021664377,0.9204357629550902,-2.225108370794365,-1.2821500001353652,9.358533886539629,7.414220968046717e-24,259.4467702057833,0.2284023651963986,-1.621125347572275,1.0370292315281266,186.31872261550083,4.263219419019655,0.8376069386545836,6.929372603804869,254,True,True,True,False
9461,30.0,53.8263666,Iran,12401.62,0.0,-2.0241527257951883,9.40597192190316e-18,0.7619026977678433,1.544831455113117,0.8398703597193075,-2.4960649264473806,-2.082438798050454,7.241463928425727,1.4530775413853964e-20,153.0603238241747,0.2218335531472251,-2.042659278080333,1.00914286360377,326.2388886420192,3.861081463123008,0.7948897259513645,5.988951721376162,254,True,True,True,False
9462,30.0,54.983922800000016,Iran,12401.62,0.0,-2.206871528054592,1.7400556302690583e-27,0.783148279012747,1.400867535550795,0.7851713491304749,-2.474480885773265,-2.617801970037421,4.958332758882176,3.8783676920219455e-14,137.122064421031,0.2112630953377611,-2.1897343377835083,0.992234622607964,420.98813764297415,3.378565851211655,0.7408013386716028,4.760124298726044,254,True,True,True,False
9463,30.0,56.1414791,Iran,12401.62,0.0,-2.055667323617695,5.248613900862172e-30,0.6020412679547079,1.2174433567467118,0.7624344133498608,-2.1566318543992176,-2.716112103821154,3.0093102031758243,9.74907635603812e-07,148.6957128951326,0.2184825004827321,-2.0693874659292844,1.006674300921145,381.0637961738591,3.1571018551389263,0.7247554131406393,3.4714475158726694,254,True,True,True,False
9464,30.0,57.29903540000001,Iran,12401.62,0.0,-1.6190610458165582,3.839898029577727e-27,0.2368958472516205,1.1094224202919911,0.782494795753041,-1.628687589505578,-2.3089292874429765,1.6852637484892277,0.0057855041108823,139.59868917940184,0.2192930522962907,-1.6350157047043248,1.0098542664150876,226.09852290208937,3.006874772426077,0.7223861379234876,2.415269524326529,254,True,True,True,False
9465,30.0,58.4565916,Iran,12401.62,0.0,-1.0888765964748364,9.029029005631176e-22,0.1846011597699686,0.9749211103680242,0.7949926764851192,-1.0428406151380818,-1.6937688476189978,0.6304479335333898,0.2984104916781819,87.57307647514,0.2163056029619895,-1.1585303772706226,1.0639684800107612,103.13558834176456,2.9190110887760885,0.7207785671947311,1.650211113497538,254,True,True,True,False
9466,30.0,59.614147900000006,Iran,12401.62,0.0,-0.6744300485576206,3.8178376758188e-14,0.4353068305567528,0.9966990885842024,0.8029182485697214,-0.5660116892434915,-1.2159367786812971,-0.4737510812178016,0.4413838408930078,81.82792387126634,0.1835800479749796,-0.6790058468471261,1.0067846892339565,43.82288873192137,2.9320566740041416,0.7357278723480146,1.2180202106907738,254,True,True,True,False
9467,29.0,56.75159239999999,Iran,12406.28,0.0,-2.207241394986626,1.62417757335002e-37,0.7868990622963026,1.2341888686809197,0.8675212062343653,-2.30610532494427,-2.744227673857571,2.703446653378265,1.2451030563638109e-05,166.06107964258024,0.2406595289688908,-2.2498754505141214,1.019315538220845,334.25096336251505,2.7797368008729952,0.6799263393938735,2.708136506545919,254,True,True,True,False
9468,29.0,57.898089200000015,Iran,12406.28,0.0,-1.7217199479571634,5.562048484911818e-33,0.403172823421511,1.1717709665881637,0.8541823924971012,-1.7624205354869416,-2.185917063614772,1.6436522112116194,0.0066860843034765,127.23161845778426,0.2232915929319464,-1.7940892361308831,1.0420331356789974,212.1199056759645,2.7329495783450857,0.6849120995086545,2.09194553629753,254,True,True,True,False
9469,29.0,59.04458600000001,Iran,12406.28,0.0,-1.2526041773941996,3.5441300026566195e-25,0.090132017971094,1.1138445546518438,0.817292142301906,-1.228130585032969,-1.6457537643264373,0.4810451603238875,0.4232050415422286,77.91201799797514,0.1956366055998556,-1.318123504954106,1.052306489745393,126.19048566679922,2.8117103794047704,0.708889331314663,1.681474696140812,254,True,True,True,False
9471,28.0,58.485804400000006,Iran,12407.1,0.0,-1.5854083924102464,1.5276578757443e-32,0.4228592383784844,1.1188534335482876,0.7823957480051003,-1.6139172307678542,-1.825679433050484,0.9528813866277708,0.0983030430407235,103.51144197086492,0.2751325799194623,-1.635170773517981,1.031387736652562,214.47954291455696,2.824554041908696,0.6845686194439365,1.827071140014772,254,True,True,True,False
9472,28.0,59.6214511,Iran,12407.1,0.0,-1.2904181800905163,2.960969506198688e-27,0.2789591132571884,1.1073350565553717,0.7737074182656248,-1.2780086629434086,-1.4203748618473109,0.0634241239633131,0.9114039955448162,87.45388274546713,0.2157013819535486,-1.336320436308781,1.0355716130836323,148.09589722583448,2.8168063590596053,0.7017322750053931,1.723198257529109,254,True,True,True,False
9474,27.0,59.0625,Iran,12404.16,0.0,-1.257208409233014,2.457423169661741e-31,0.2740598264899032,1.1587252133383334,0.7723223398743131,-1.2741278290820226,-1.268799538097091,0.2525545286002361,0.649294588712966,104.1686537473773,0.2586964064533298,-1.3033010654293604,1.036662701154271,141.95304541784944,2.749954637538611,0.6662488037027224,2.051297169849789,254,True,True,True,False
9476,27.0,57.9375,Iran,12404.16,0.0,-1.4156525568487548,4.65142747787127e-37,0.3171336073136213,1.197908724619647,0.8315515415443419,-1.4624556787106588,-1.5959748332698176,1.1029502553836932,0.0535023049626883,113.05122301215306,0.3445045349681935,-1.408295048179568,0.9948027440535516,153.53125802359418,2.636351807673651,0.6338184986411542,2.120623758520677,254,True,True,True,False
9479,26.0,57.39938080000002,Iran,12397.52,0.0,-0.9078921191917724,4.7353341172780385e-32,0.0531665554991466,1.2123667527167594,0.8292307582710152,-0.9409150934010536,-1.114657303315568,0.9461562518538396,0.0826142959964305,108.39235987591869,0.3936555327697955,-0.8438503250296776,0.9294610088485994,70.30541066569063,2.52103272129598,0.6014390516401273,2.759665565120941,254,True,True,True,False
9480,26.0,58.51393189999999,Iran,12397.52,0.0,-0.8859192834976781,1.4760355358121498e-29,0.0267866141894403,1.244323924197017,0.8092014759618782,-0.8986938581671458,-0.9095271619373508,0.2201595948634865,0.6864618268394389,96.23136647200832,0.3112371002096786,-0.8860097068330536,1.000102067239149,69.37859660539507,2.5773829550698126,0.6215102760073145,2.386992383302704,254,True,True,True,False
9481,26.0,59.62848300000002,Iran,12397.52,0.0,-0.8399339798201586,1.3725734805987701e-25,0.0526377358551447,1.1798834225943,0.791114141189489,-0.8425303239546911,-0.6983277882170815,-0.328711244137739,0.5444220691180842,107.85924262056749,0.2580083457727389,-0.8248431597179853,0.982033325874726,66.52436956484351,2.621850463724513,0.6535003464214353,2.477505914745976,254,True,True,True,False
