mascon_id,lat_center,lon_center,lon_center_0_360,lat_span_deg,lon_span_deg,area_km2,gsfc_location_code,gsfc_basin_code,country_of_center,frac_area_land,frac_area_arabian_peninsula,on_arabian_peninsula,leakage_2sigma_cm,leakage_trend_uncert_cm_per_yr,mean_noise_2sigma_cm,series_std_cm,signal_variance_cm2,noise_variance_cm2,variance_snr,n_months_observed,trend_cm_per_yr,trend_p_value,significant_decline,trend_leakage_uncert_cm_per_yr,trend_grace_only_cm_per_yr,trend_gracefo_only_cm_per_yr,p_grace_only,p_gracefo_only,intermission_step_cm,intermission_step_se_cm,intermission_step_p,trend_with_step_term_cm_per_yr,annual_amplitude_cm,semiannual_amplitude_cm,residual_sd_cm,noise_sd_cm,residual_over_noise_sd,residual_lag1_autocorr,chirps_mean_annual_precip_mm,chirps_annual_cv,chirps_cells,precip_adjusted_trend_cm_per_yr,precip_adjusted_p_value,fraction_unexplained_by_precip,precip_explained_trend_cm_per_yr
9128,32.0,47.80327869999999,47.8032787,1.0,1.1803279,12380.52,80,6004,Iran,1.0,0.0,False,2.0993641890548305,-0.0837127008256228,2.080162405328824,7.26940159497186,52.84419954897943,1.1196610991868925,46.19660224630055,254,-0.3627824751531951,0.0156475090543381,True,0.0837127008256228,-0.7855177762809085,-1.4462802393345715,0.0086693801625696,0.002862771006895,8.84990089447688,0.9591943161493612,1.2971014097398119e-17,-0.8708479487649647,7.536124711365255,0.2839764477802458,4.256891617416784,1.0400812026644115,4.092845449481981,0.8509662471478986,,,0,,,,
9129,32.0,48.9836066,48.9836066,1.0,1.1803279,12380.52,80,6004,Iran,1.0,0.0,False,2.6030841128739723,-0.1276985786549345,2.18976257374879,7.884678606272081,62.16815672420464,1.2407553625276837,49.10508807921235,254,-0.2006119689594019,0.2347408346647325,False,0.1276985786549345,-0.8954945300078272,-0.6763581766129563,0.0137595979994222,0.1626966190221799,11.574087481459232,1.021264989690324,3.0009082170036625e-24,-0.8650707361261087,8.60594724971328,0.4246668268915977,4.818839571164826,1.0948812868743951,4.401243887290627,0.8682956848343681,,,0,,,,
9130,32.0,50.16393440000002,50.1639344,1.0,1.1803279,12380.52,80,6004,Iran,1.0,0.0,False,2.5764430838252763,-0.2585426724725859,2.0746971575248683,8.021886508882508,64.3506631613912,1.1137854168143444,56.776535937638094,254,-0.0491101837727612,0.8019413631721837,False,0.2585426724725859,-0.9495650134425055,0.2010239955501696,0.011934994690417,0.6535555376774371,12.99475390512833,1.0477934596158347,8.821164393413145e-28,-0.7951282325621856,8.703802826087955,0.681181173308781,5.1083350221569,1.0373485787624337,4.924415116325884,0.8929080533500603,,,0,,,,
9131,32.0,51.3442623,51.3442623,1.0,1.1803279,12380.52,80,6004,Iran,1.0,0.0,False,2.061217747721215,-0.4103771630590142,1.9771964957768235,7.437516483415579,55.31665144107845,1.0115602789481437,53.68448355702407,254,-0.0521058446868822,0.7832232931528857,False,0.4103771630590142,-0.9758473433063832,0.7199940867839525,0.0019271220900964,0.0326047289647545,12.153891858855598,1.0007167295418875,6.3301226792344575e-27,-0.7498507004907973,7.931182409517254,0.7459452084251793,4.840298096112737,0.988598247888412,4.896122470833153,0.8965364814748219,,,0,,,,
9136,31.0,48.506493500000005,48.5064935,1.0,1.1688312,12393.06,80,6004,Iran,0.9984857932090722,0.0,False,2.231559240844613,-0.3036098647427827,1.8870410160995343,6.149224251672076,37.81295889735201,0.9214139503499852,40.0379709174029,254,-0.115397689521008,0.2957059336888845,False,0.3036098647427827,-0.5026508301540336,-0.811551578943853,0.0181407466151377,0.0651821374832616,7.480563293123831,0.8715149057061892,1.042144069555549e-15,-0.5448506266466318,6.760610494240596,0.3056091797858757,3.800507690248017,0.9435205080497668,4.028007507863895,0.8217372921925584,156.61956733611686,0.2887149316450818,4,-0.0070087192215662,0.9466695575825166,0.0607353513805868,-0.1083889702994417
9392,31.0,49.6753247,49.6753247,1.0,1.1688312,12393.06,80,6010,Iran,0.9994211606340424,0.0,False,2.732338451294168,-0.1810769485092297,2.089062654285861,7.337919770598168,53.84506655973546,1.1292628315796396,46.681607021826544,254,-0.1899888334153612,0.1969297444772318,False,0.1810769485092297,-0.8439087857818626,-0.2913781278250629,0.0056419484991283,0.5480505862870155,10.16287419458012,0.9941567739667412,1.0978948522107521e-20,-0.7734310157056292,7.952409644845105,0.2910019788082618,4.538924614720598,1.044531327142931,4.345417410443548,0.8495558661934438,292.5657878469307,0.2582800773935318,6,-0.1334500446030878,0.4795789558054604,0.702409937490031,-0.0565387888122734
9393,31.0,50.84415580000001,50.8441558,1.0,1.1688312,12393.06,80,6010,Iran,1.0,0.0,False,2.378342301611462,-0.1113807862564606,1.9645459852316425,8.083903461277206,65.3494951712496,0.9986573470757394,64.43735482706404,254,-0.373427747514234,0.0523295987768916,False,0.1113807862564606,-1.207151228422684,0.0464774826066265,0.0006604390267846,0.9220432839919818,11.66423545028009,1.0277434541253248,2.6554540625025092e-24,-1.043061834836524,8.362293244688125,0.460247194044291,4.851791818360671,0.9822729926158208,4.939351743185173,0.8804876862126676,412.1253353432985,0.2766939864731956,4,-0.4623963444094323,0.014917523408357,1.2382484898013828,0.0889685968951983
9395,30.0,50.3536977,50.3536977,1.0,1.1575563,12401.62,80,6010,Iran,0.7001786578401242,0.0,False,2.3540251341724456,-0.0412773595197245,2.2132174807954303,7.358746896894054,54.15115589254788,1.2674775826792324,41.72356105745202,254,-0.5081045617972624,0.0004875797928569,True,0.0412773595197245,-1.184906206908563,-0.3319037194487881,2.7938653854172143e-05,0.3812334943182074,9.900192018420537,0.9258883056814752,3.5307998233615782e-22,-1.0764663781228467,6.7931333460396734,0.2815324680863074,4.285944524534684,1.1066087403977158,3.873044164637912,0.8214798693972853,331.9120625934254,0.2817420255748241,4,-0.4075878369366712,0.0185748493789437,0.8021731501385376,-0.1005167248605911
9396,30.0,51.51125400000001,51.511254,1.0,1.1575563,12401.62,80,6010,Iran,1.0,0.0,False,2.038804608274816,0.2482023409663644,2.0955630337046656,9.815206313140571,96.33827496951452,1.1363014500797115,83.78232159499258,254,-1.0007467999700133,1.472911204965413e-06,True,0.2482023409663644,-1.7523233296593066,-0.615784763343397,3.528341487161573e-07,0.1060669853263194,10.523311524402809,0.9279341746176945,2.836686412883652e-24,-1.6048813905558357,7.287599274740739,0.3325906271810397,4.379448258648937,1.047781516852333,4.179734217688195,0.8439160484470647,347.7814068443452,0.2471445206273826,4,-1.0154821096270812,1.8690621022907966e-05,1.0147243135401576,0.0147353096570679
9397,29.0,51.0191083,51.0191083,1.0,1.1464968,12406.28,80,6010,Iran,0.6448086864128133,0.0,False,2.3221020087511404,0.1528719958547941,2.490503103882094,8.448868737978854,71.38338295159639,1.6049676311063652,43.47652498909845,254,-0.9094392084038274,4.272737532690172e-10,True,0.1528719958547941,-1.5716199909335096,-0.6228511548795894,7.907669202287668e-09,0.0208695982084105,9.427181010369662,0.8352496818356173,4.252447786030072e-24,-1.450645854892544,5.289990043944488,0.3729945652646435,3.935610316609188,1.2452515519410463,3.1604942073547484,0.7687713102435071,237.58511206872453,0.2850480198501849,4,-0.6467316630344323,1.9110902498984897e-12,0.7111323737289954,-0.2627075453693951
9398,29.0,52.16560509999999,52.1656051,1.0,1.1464968,12406.28,80,6010,Iran,1.0,0.0,False,2.2035704940765504,0.5568321485839346,2.316645010709561,12.232020971198486,149.62233703983952,1.3887084675152082,106.74207872985475,254,-1.5268862448889884,3.6814036693431526e-14,True,0.5568321485839346,-2.1894660873436718,-1.295159405024786,3.4126913774349295e-11,5.084013521416938e-05,9.516430313141514,0.8195247174236026,3.660417431168236e-25,-2.0732166198604274,5.517451256625562,0.2747527848502702,3.899761800070168,1.1583225053547797,3.366732306453564,0.78455384379243,254.01517139514908,0.2619978010983221,6,-1.3921956023583362,4.4351597871689416e-11,0.9117873757907584,-0.1346906425306522
9399,29.0,53.312101900000016,53.3121019,1.0,1.1464968,12406.28,80,6010,Iran,1.0,0.0,False,1.89311597323822,0.9005325734907506,2.0272091870188893,15.93086006265572,253.79230233591892,1.0633818287952157,237.66526158666744,254,-2.1079328665985466,7.694913270146361e-20,True,0.9005325734907506,-2.6485957188659626,-2.140793218251585,9.535051738886434e-15,1.431365576849559e-07,8.23891976988986,0.7437771788480132,2.03916634528483e-23,-2.580922420363021,5.163890474348096,0.309149695852523,3.482600526586755,1.0136045935094449,3.435857087554037,0.7722030298759014,198.8306387863122,0.2932791821810692,4,-2.07976644231818,2.3413554614504564e-17,0.986637893110032,-0.0281664242803665
9400,29.0,54.45859870000001,54.4585987,1.0,1.1464968,12406.28,80,6010,Iran,1.0,0.0,False,1.6465948551791316,1.083962772469785,1.8674683220908683,18.24439188100654,332.85783510773734,0.9023989692197204,367.85883789910616,254,-2.468989606501636,1.5033989861289227e-28,True,1.083962772469785,-2.8395782357414188,-2.7661994296203414,2.5503395957242077e-18,9.19142560837814e-10,6.252378575973078,0.6717767112343348,7.393377245088087e-18,-2.827933477204674,4.426142619975932,0.3369436334477734,2.988052883467589,0.9337341610454344,3.200110918210471,0.7320585542712151,167.31305404837866,0.3233103528699534,4,-2.405381937125412,2.2159270917355687e-27,0.9742373685135308,-0.0636076693762239
9401,29.0,55.6050955,55.6050955,1.0,1.1464968,12406.28,80,6010,Iran,1.0,0.0,False,1.4084945519660297,1.0413841107221065,1.8101589737414288,18.31288844177471,335.36188308088583,0.8478627172253669,394.5379523920553,254,-2.499125668444124,2.644789343355364e-37,True,1.0413841107221065,-2.704542094073984,-2.987494378127665,2.874495518911769e-19,6.415938643814729e-13,4.197628213986644,0.6278077079006512,1.5164304410752622e-10,-2.740108024293576,3.527768947973612,0.277113943661508,2.6111561831689243,0.9050794868707144,2.885002058987017,0.6866541386918119,138.3226448095714,0.2899145025682219,4,-2.490113618113814,2.121735540607788e-48,0.9963939187036078,-0.0090120503303099
9402,28.0,51.6719243,51.6719243,1.0,1.1356467,12407.1,80,6010,Iran,0.5650820458324866,0.0,False,2.429510581512838,0.2361434964536159,2.4417458334859865,9.120652443945753,83.18630100325365,1.542740973313618,52.92110694031785,254,-1.1091323467245564,9.81236556846536e-17,True,0.2361434964536159,-1.6746255440222546,-1.0477765597536963,3.173546676932621e-12,3.972434498613102e-05,8.459502434099669,0.7203981868987516,1.359767849352595e-25,-1.594785368373993,4.086593440237015,0.2956379888479762,3.4417347052246337,1.2208729167429937,2.8190769555330832,0.71880286498045,209.20012092217803,0.2649523660976582,6,-0.9756081073692672,3.2182133881988014e-14,0.8796137902301673,-0.1335242393552892
9403,28.0,52.807571,52.807571,1.0,1.1356467,12407.1,80,6010,Iran,0.9600574090363124,0.0,False,2.3173172668273168,0.562912019714713,2.2606379145439024,12.55675134413342,157.67200431839643,1.3223734395144484,118.23409802929098,254,-1.636940940463245,3.633586214410209e-21,True,0.562912019714713,-2.159385224721493,-1.7612021189840013,2.647771757207086e-14,1.1974416483309378e-07,8.194053521319713,0.7135907791983404,9.720251215783062e-25,-2.107354760092299,4.121580242222275,0.1299859277632575,3.3823657009667096,1.130318957271951,2.992399339324647,0.7316846120756442,203.6955794886065,0.3013175154892225,4,-1.497478181887245,7.010143293165569e-18,0.9148028159546594,-0.139462758576
9404,28.0,53.94321769999999,53.9432177,1.0,1.1356467,12407.1,80,6010,Iran,1.0,0.0,False,2.0094046738720315,0.8252480933771414,2.075015278874265,15.432628549348932,238.1660239421797,1.114127005063017,212.7691868699553,254,-2.0727147927800096,1.1250105525251551e-27,True,0.8252480933771414,-2.467722367399753,-2.4103358586744927,1.2266975659769843e-17,4.293217691563456e-09,6.720962968780624,0.6834167379982176,1.793868758014807e-19,-2.458559705008545,3.7986136016066094,0.1922690672534956,3.085453069927808,1.037507639437133,2.9739087719891133,0.7149917114384459,165.98720913170837,0.3277331115760856,4,-1.9206365141159183,2.1191882861263678e-33,0.9266284588724736,-0.152078278664091
9405,28.0,55.07886439999999,55.0788644,1.0,1.1356467,12407.1,80,6010,Iran,1.0,0.0,False,1.6789387952604962,0.9339476430971247,1.9680068457714424,16.73527510465073,280.0694328283424,1.0021790341899444,278.46047889010265,254,-2.27553242381114,1.414984166385515e-36,True,0.9339476430971247,-2.533431827966637,-2.713006993209772,5.4114281655870525e-20,3.078794611555795e-11,4.862733539070499,0.649841467097124,1.274325236540436e-12,-2.554697924988394,3.226896515668222,0.2623554038190617,2.7546044267365697,0.9840034228857208,2.7993850048390345,0.6735049913127876,154.32709748856723,0.3327773622005888,4,-2.192765832876836,1.2078430467645081e-53,0.9636275932312652,-0.082766590934304
9406,28.0,56.214511000000016,56.214511,1.0,1.1356467,12407.1,80,6010,Iran,1.0,0.0,False,1.393863756190834,0.84762402054872,1.885728359846919,16.14936633101242,260.8020328932376,0.9201324953110616,282.4396505093219,254,-2.205971556054941,7.436468646170295e-43,True,0.84762402054872,-2.3477787216678925,-2.6514190359487757,1.9254015008035408e-20,1.0208792966683209e-12,3.135236760137424,0.617059545933916,7.412842358435938e-07,-2.385962899282111,2.557784604011476,0.2399954334900262,2.481968466583043,0.9428641799234594,2.6323711510437557,0.640704213508358,156.91632503876465,0.3272792783950541,6,-2.1704593262053216,1.2030253830719928e-71,0.983901773460249,-0.0355122298496195
9407,28.0,57.35015770000001,57.3501577,1.0,1.1356467,12407.1,80,6010,Iran,1.0,0.0,False,1.2301862404019095,0.6480216530772547,1.7440200987159011,14.135015734583677,199.79866981692803,0.7870368636261237,252.8618952311756,254,-1.9292206382625865,1.0698117500016675e-40,True,0.6480216530772547,-2.004661710409948,-2.281514338106338,2.6902332223645723e-16,2.2603732958646247e-12,1.929781806595608,0.5912119917726024,0.0012533379402678,-2.040007811952548,2.0562566647854967,0.2247216882316585,2.3109812178915266,0.8720100493579505,2.650177276733303,0.6463820040527634,123.28257397826138,0.3319287529388641,4,-1.9544867443521172,8.36385626038695e-53,1.0130965352476662,0.0252661060895311
9408,27.0,53.4375,53.4375,1.0,1.125,12404.16,80,6010,Iran,0.5921459404890671,0.0,False,2.096584584485784,0.2587221498966363,2.037651105262452,10.1864080649978,103.76290926665224,1.0743647537348722,95.5807086521925,254,-1.302368685431868,2.264172802391138e-24,True,0.2587221498966363,-1.6280047004488902,-1.7877673484326162,1.1178779261263542e-16,3.4685828560187e-07,6.011907552860735,0.6465738556162255,7.878811391556604e-18,-1.647507314053188,4.002922227886617,0.0918193901148012,2.875218820332565,1.018825552631226,2.822091390333708,0.6876438152233315,160.42435898755986,0.3084654806024728,4,-1.1913599457958428,4.468468770583016e-29,0.9147639674711509,-0.1110087396360253
9409,27.0,54.5625,54.5625,1.0,1.125,12404.16,80,6010,Iran,0.8830300278775733,0.0,False,1.8094391383579829,0.3915024015577693,1.9778765845057376,11.767724907724448,138.47934950387838,1.0122562836818103,135.8026573272501,254,-1.5492133453475103,1.6304759421336738e-32,True,0.3915024015577693,-1.7714007930846698,-2.061971499932808,9.126857693305725e-20,1.4029682266362213e-08,4.495513969017659,0.637834106345051,1.803876464965491e-11,-1.8072970754402051,3.848787708777357,0.1046652162893594,2.67536500359044,0.9889382922528688,2.7052901324063168,0.652657131873339,142.03168275843683,0.3446378299014613,4,-1.4716525864361316,2.226076718933118e-37,0.949935391955986,-0.0775607589113789
9446,32.0,52.524590200000006,52.5245902,1.0,1.1803279,12380.52,80,6011,Iran,1.0,0.0,False,1.947495452221188,-0.5000762553399374,1.869508940218376,6.286305445681252,39.51763615640177,0.9043721837237324,42.69620922404843,254,-0.2257253006934725,0.1190875421373427,False,0.5000762553399374,-0.9687755260593924,0.6054906297277822,3.537056201792109e-05,0.0099552707974221,9.28632370224384,0.8620869894274448,1.9668455623294791e-22,-0.7588454458961387,6.460622543773602,0.6204112316580866,3.9999922681486746,0.934754470109188,4.279190307248745,0.8702996569555516,,,0,,,,
9447,32.0,53.70491799999999,53.704918,1.0,1.1803279,12380.52,80,6011,Iran,1.0,0.0,False,1.9329207047461547,-0.4977954153877719,1.6234979946227863,5.63890240209764,31.79722030038254,0.682017653816912,45.6222833418305,254,-0.4964209189547408,1.256734231875997e-06,True,0.4977954153877719,-0.9558288352644596,-0.1174663850605828,2.260681505520669e-07,0.5249718332274458,6.041091374605755,0.650989489769766,8.945465424151304e-18,-0.8432349665884873,4.676223043528411,0.4359952709394185,2.893383330652165,0.8117489973113938,3.564381773473554,0.7972133354043661,,,0,,,,
9448,32.0,54.8852459,54.8852459,1.0,1.1803279,12380.52,80,6011,Iran,1.0,0.0,False,1.6111157801045328,-0.4466447069537917,1.4017702736093631,6.07537710316071,36.91020694560942,0.5084471241772228,71.59399294535906,254,-0.7368669871079727,5.5070734042315685e-18,True,0.4466447069537917,-0.9304710991395736,-0.9718139419548404,1.9259964269155e-08,3.405918187302662e-07,3.431407113746565,0.5248926289305511,3.5627748469244706e-10,-0.933861224804856,2.9529516176337043,0.3206164149535586,2.1757390062566957,0.7008851368046812,3.1042732853143926,0.7108190737264147,,,0,,,,
9449,32.0,56.06557380000001,56.0655738,1.0,1.1803279,12380.52,80,6011,Iran,1.0,0.0,False,1.2933939860091967,-0.4222334566382307,1.3490982298380392,6.613665243337727,43.74056795093348,0.4709548223786914,91.87635644117472,254,-0.8557069646076839,3.8434095651311335e-19,True,0.4222334566382307,-0.8813135901114446,-1.5300050439776596,5.63073762970973e-09,8.515898220751346e-10,1.891153705042208,0.5519431161920043,0.000716345635465,-0.9642765310109142,1.612691753319073,0.2924245150413622,2.1620235402363304,0.6745491149190197,3.205138799264281,0.7236619639557424,,,0,,,,
9450,32.0,57.2459016,57.2459016,1.0,1.1803279,12380.52,80,6011,Iran,1.0,0.0,False,1.0444517731294969,-0.4074117685134029,1.393479679933226,6.565796021817897,43.10967740011972,0.5024506166513064,84.79883469431032,254,-0.8530802139195682,9.817905350778992e-17,True,0.4074117685134029,-0.7733130716346828,-1.626156177295788,8.987324489095953e-08,3.7207198179986663e-09,0.5020456641464737,0.5826106381765052,0.3896788950998355,-0.8819022392925859,0.9358049767836976,0.2672062852340364,2.233125331730943,0.6967398399666128,3.2051064165326792,0.7479553749827611,,,0,,,,
9451,32.0,58.426229500000005,58.4262295,1.0,1.1803279,12380.52,80,6011,Iran,1.0,0.0,False,0.8988243577692494,-0.4278341884660881,1.415900924151248,5.937144411065546,35.24968375784685,0.5187496704124266,66.95124077827742,254,-0.758843970668966,1.6058784379107714e-14,True,0.4278341884660881,-0.6246598307416718,-1.5171761336346028,1.8681699051277088e-06,1.0830293146947824e-07,-0.3771379346998581,0.5923232031373556,0.5249035790470443,-0.737192794492537,0.6815004368893922,0.2705219813691454,2.268807830155301,0.707950462075624,3.2047550664822437,0.7571941670692995,,,0,,,,
9452,32.0,59.60655739999999,59.6065574,1.0,1.1803279,12380.52,80,6011,Iran,1.0,0.0,False,0.846321841565887,-0.4655321779211198,1.378099214266216,5.105297415572359,26.06406170144981,0.49142027832606,52.03822990421279,254,-0.6298377305435172,1.1847765869652814e-11,True,0.4655321779211198,-0.4482269678211818,-1.336442889505551,0.0001420481374876,6.402824223008778e-06,-1.23015388253298,0.5963689755033297,0.0401829490969569,-0.559215615968818,0.597608840203718,0.3287535401503461,2.3020072539293834,0.6890496071331084,3.3408440119532483,0.7695443156918342,,,0,,,,
9453,31.0,52.01298700000001,52.012987,1.0,1.1688312,12393.06,80,6011,Iran,1.0,0.0,False,1.700223035328644,-0.0191521697903654,1.7562517123170551,8.745812986539848,76.48924479552905,0.7981152785528248,94.83733935556586,254,-0.7139257863299422,0.0011693494580301,True,0.0191521697903654,-1.509154343077264,-0.1103427895179458,5.876378855468116e-06,0.7716821211310927,10.63354183651507,0.937964742459164,2.917863966052494e-24,-1.3243886077510565,7.901692178845205,0.5258227352634764,4.426286368173028,0.8781258561585277,5.040605896216718,0.8836902932061901,311.1188683420187,0.2645906684732149,4,-0.8354654711059597,1.811101590048324e-05,1.1702413431525047,0.1215396847760175
9454,31.0,53.18181820000001,53.1818182,1.0,1.1688312,12393.06,80,6011,Iran,1.0,0.0,False,1.6357068703101765,0.098406079977034,1.599477524747165,9.931489259981214,98.63447892112222,0.6619853633548435,147.9979754556163,254,-1.1154155637171108,3.135454452559101e-08,True,0.098406079977034,-1.7086359658925172,-0.7592631003911137,6.970415020573765e-09,0.0219304730907935,8.125588715867966,0.7729130392592319,1.3226910582681237e-21,-1.5818988756238408,6.7129512594536935,0.4917766082172264,3.5589046173903363,0.7997387623735833,4.45008393344308,0.8458543968641429,165.80417137825862,0.1941439780549271,6,-1.188155711936432,3.965748661689544e-11,1.0652134958355033,0.0727401482193212
9455,31.0,54.35064940000001,54.3506494,1.0,1.1688312,12393.06,80,6011,Iran,1.0,0.0,False,1.5757442975654388,0.1658470231187119,1.4980442682856034,11.087605522847866,122.93499623028652,0.5806860565797627,210.70647174546068,254,-1.4105917512655264,3.741276415449489e-18,True,0.1658470231187119,-1.7575190600295674,-1.5473436343247366,2.111238062106652e-11,1.11135043171246e-06,5.526802710082012,0.6170069235017589,8.278628950201018e-17,-1.72788091302428,5.186678116380035,0.388761987208768,2.718033348620108,0.7490221341428015,3.628775739358743,0.7721082925731191,117.3432290010775,0.1610186193382007,4,-1.4154797674910151,2.3342667630692513e-16,1.0034652238828872,0.0048880162254889
9456,31.0,55.51948049999999,55.5194805,1.0,1.1688312,12393.06,80,6011,Iran,1.0,0.0,False,1.3476721070041522,0.1017338168377047,1.3977470508092873,11.1242180491676,123.7482272054262,0.5055327229132844,243.787768618201,254,-1.4739632683465622,7.459328176388354e-25,True,0.1017338168377047,-1.604502055656226,-2.0434408779052324,9.19519176837528e-12,1.411749043694552e-11,3.244864622562102,0.5702846076960727,3.58616545963589e-08,-1.6602482562719008,3.602443850069397,0.2943713419035618,2.321238714807706,0.6988735254046438,3.3214002683299846,0.7320939407041962,108.61068425894092,0.1821838328630181,4,-1.456195749271537,3.1854547408209635e-26,0.98794575179953,-0.0177675190750252
9457,31.0,56.68831169999999,56.6883117,1.0,1.1688312,12393.06,80,6011,Iran,1.0,0.0,False,1.1035377661850077,-0.0800640906339942,1.4024086960896578,9.663085583249469,93.37522298920372,0.5089103641233034,182.48068652533857,254,-1.2867487937183597,1.5263208308501882e-21,True,0.0800640906339942,-1.2858620555580975,-2.0586769532462066,1.6302648854442414e-10,3.431534359675531e-11,1.7119026384668077,0.5927860488029641,0.004222240501573,-1.3850277049921198,2.268133268166449,0.233347074478572,2.30670319845232,0.7012043480448288,3.28963048344482,0.7466822965956762,126.9708843975483,0.2070833452153907,6,-1.298503342824762,2.1651112490462077e-29,1.0091350768415603,0.0117545491064021
9458,31.0,57.85714289999999,57.8571429,1.0,1.1688312,12393.06,80,6011,Iran,1.0,0.0,False,0.9868819154576453,-0.3602201993623977,1.462672494203163,7.164582713006952,51.33124545151806,0.5535875218474204,91.72471547085549,254,-0.9334857044973962,1.9021909134168796e-17,True,0.3602201993623977,-0.8629885118474585,-1.6937448567485929,3.62749995995385e-08,1.4247162153460038e-08,0.6143981464037954,0.5988624420431691,0.305922589108032,-0.9687577927344108,1.3826539762939425,0.2214034172962785,2.296853582939105,0.7313362471015816,3.1406259323832955,0.7483683009198506,104.56919587576218,0.2064003991247636,4,-0.969607176026868,5.03814725646625e-31,1.0386952594511558,0.0361214715294717
9459,31.0,59.02597399999999,59.025974,1.0,1.1688312,12393.06,80,6011,Iran,1.0,0.0,False,0.945291330913549,-0.6114878459068873,1.5229847982967395,4.763821441779974,22.69399472916263,0.6001823784267908,36.81183111148406,254,-0.571125455357008,1.0609853891807916e-11,True,0.6114878459068873,-0.4472017415628126,-1.2576835761028806,0.0001972175828447,1.467163991995045e-05,-0.3810935395052094,0.6031935916338043,0.5281063965690823,-0.5492471911879769,0.9093301418258356,0.2801352972895836,2.3104161495738404,0.7614923991483697,3.0340633106223263,0.7498306717930745,98.01513284958978,0.1830457289722502,4,-0.5940549066232463,5.725582731206545e-32,1.0401478362611334,0.0229294512662383
9460,30.0,52.66881029999999,52.6688103,1.0,1.1575563,12401.62,80,6011,Iran,1.0,0.0,False,1.6375324021664377,0.5448947300746416,1.8408715259101809,12.816225072189702,164.25562510102395,0.8768777771252623,186.31872261550083,254,-1.563239779830938,2.8144024534048917e-10,True,0.5448947300746416,-2.225108370794365,-1.2821500001353652,2.4243274920130527e-10,0.001851574066736,9.358533886539629,0.8346518196881499,7.414220968046717e-24,-2.100505451850376,6.929372603804869,0.4129327773919975,3.924019618590312,0.9204357629550902,4.263219419019655,0.8376069386545836,259.4467702057833,0.2284023651963986,6,-1.621125347572275,9.601167487758164e-11,1.0370292315281266,0.0578855677413374
9461,30.0,53.8263666,53.8263666,1.0,1.1575563,12401.62,80,6011,Iran,1.0,0.0,False,1.544831455113117,0.7619026977678433,1.679740719438614,15.45684160538212,238.91395241387173,0.730090342884736,326.2388886420192,254,-2.0241527257951883,9.405971921903159e-18,True,0.7619026977678433,-2.4960649264473806,-2.082438798050454,8.614906235648043e-14,3.926020198053018e-06,7.241463928425727,0.7110684068360159,1.4530775413853964e-20,-2.4398791666115205,5.988951721376162,0.4203571679609685,3.242807877338671,0.8398703597193075,3.861081463123008,0.7948897259513645,153.0603238241747,0.2218335531472251,4,-2.042659278080333,5.087476537271264e-18,1.00914286360377,0.0185065522851446
9462,30.0,54.983922800000016,54.9839228,1.0,1.1575563,12401.62,80,6011,Iran,1.0,0.0,False,1.400867535550795,0.783148279012747,1.57034269826095,16.409321068077443,269.2658179152502,0.6380885951421325,420.98813764297415,254,-2.206871528054592,1.7400556302690583e-27,True,0.783148279012747,-2.474480885773265,-2.617801970037421,1.0671911236023044e-15,2.417987766790902e-10,4.958332758882176,0.6171652375036889,3.8783676920219455e-14,-2.491525301187618,4.760124298726044,0.3359937659536468,2.6527531075220065,0.7851713491304749,3.378565851211655,0.7408013386716028,137.122064421031,0.2112630953377611,4,-2.1897343377835083,9.354232027499828e-27,0.992234622607964,-0.0171371902710832
9463,30.0,56.1414791,56.1414791,1.0,1.1575563,12401.62,80,6011,Iran,1.0,0.0,False,1.2174433567467118,0.6020412679547079,1.5248688266997223,15.161650493034475,229.8756456729326,0.6016682239327568,381.0637961738591,254,-2.055667323617695,5.248613900862172e-30,True,0.6020412679547079,-2.1566318543992176,-2.716112103821154,6.524126983584566e-15,6.458742843770415e-13,3.0093102031758243,0.5990826028006734,9.74907635603812e-07,-2.2284293276052693,3.4714475158726694,0.2326131123217148,2.4070831008086047,0.7624344133498608,3.1571018551389263,0.7247554131406393,148.6957128951326,0.2184825004827321,4,-2.0693874659292844,2.6709676913652045e-39,1.006674300921145,0.0137201423115893
9464,30.0,57.29903540000001,57.2990354,1.0,1.1575563,12401.62,80,6011,Iran,1.0,0.0,False,1.1094224202919911,0.2368958472516205,1.564989591506082,11.996779037728448,143.9227072800807,0.6337456776067678,226.09852290208937,254,-1.6190610458165582,3.8398980295777266e-27,True,0.2368958472516205,-1.628687589505578,-2.3089292874429765,3.414997782650744e-13,3.6502886823914027e-11,1.6852637484892277,0.6053477819759837,0.0057855041108823,-1.715810640500863,2.415269524326529,0.1842591234637354,2.352863860904515,0.782494795753041,3.006874772426077,0.7223861379234876,139.59868917940184,0.2192930522962907,6,-1.6350157047043248,4.138405435034271e-43,1.0098542664150876,0.0159546588877665
9465,30.0,58.4565916,58.4565916,1.0,1.1575563,12401.62,80,6011,Iran,1.0,0.0,False,0.9749211103680242,-0.1846011597699686,1.5899853529702388,8.253511538857122,68.12045272204765,0.6541515134910636,103.13558834176456,254,-1.0888765964748364,9.029029005631176e-22,True,0.1846011597699686,-1.0428406151380818,-1.6937688476189978,9.69958349351518e-10,1.574828252143139e-07,0.6304479335333898,0.6050113079891352,0.2984104916781819,-1.1250700896853747,1.650211113497538,0.2229514245215332,2.3205924381558445,0.7949926764851192,2.9190110887760885,0.7207785671947311,87.57307647514,0.2163056029619895,4,-1.1585303772706226,1.0979290827240577e-44,1.0639684800107612,0.0696537807957862
9466,30.0,59.614147900000006,59.6141479,1.0,1.1575563,12401.62,80,6011,Iran,1.0,0.0,False,0.9966990885842024,-0.4353068305567528,1.6058364971394414,5.468866186927914,29.908497370523467,0.6672594787319817,43.82288873192137,254,-0.6744300485576206,3.8178376758187996e-14,True,0.4353068305567528,-0.5660116892434915,-1.2159367786812971,3.151768212505598e-05,7.069405077148355e-05,-0.4737510812178016,0.6143823447980349,0.4413838408930078,-0.6472323917337758,1.2180202106907738,0.2805472357648623,2.354201809398568,0.8029182485697214,2.9320566740041416,0.7357278723480146,81.82792387126634,0.1835800479749796,4,-0.6790058468471261,4.5140012436194e-39,1.0067846892339565,0.0045757982895054
9467,29.0,56.75159239999999,56.7515924,1.0,1.1464968,12406.28,80,6011,Iran,1.0,0.0,False,1.2341888686809197,0.7868990622963026,1.73504241246873,16.159992852397874,261.1453689895504,0.7789548652457339,334.25096336251505,254,-2.207241394986626,1.62417757335002e-37,True,0.7868990622963026,-2.30610532494427,-2.744227673857571,1.2997443680582037e-17,2.0726714707630905e-13,2.703446653378265,0.606152447519815,1.2451030563638109e-05,-2.362444026147158,2.708136506545919,0.2120328708879228,2.411480622507397,0.8675212062343653,2.7797368008729952,0.6799263393938735,166.06107964258024,0.2406595289688908,6,-2.2498754505141214,6.303948148149387e-65,1.019315538220845,0.0426340555274955
9468,29.0,57.898089200000015,57.8980892,1.0,1.1464968,12406.28,80,6011,Iran,1.0,0.0,False,1.1717709665881637,0.403172823421511,1.7083647849942023,12.68640787019557,160.9449446489601,0.7551849468893198,212.1199056759645,254,-1.7217199479571634,5.562048484911818e-33,True,0.403172823421511,-1.7624205354869416,-2.185917063614772,1.4702723800456415e-14,1.1927649143498838e-10,1.6436522112116194,0.6009244463747309,0.0066860843034765,-1.816080658783135,2.09194553629753,0.2397519420567035,2.334437409404749,0.8541823924971012,2.7329495783450857,0.6849120995086545,127.23161845778426,0.2232915929319464,4,-1.7940892361308831,5.602182452812474e-36,1.0420331356789974,0.0723692881737196
9469,29.0,59.04458600000001,59.044586,1.0,1.1464968,12406.28,80,6011,Iran,1.0,0.0,False,1.1138445546518438,0.090132017971094,1.6345842846038132,9.377362043107416,87.9349188875117,0.6913639681970766,126.19048566679922,254,-1.2526041773941996,3.5441300026566195e-25,True,0.090132017971094,-1.228130585032969,-1.6457537643264373,3.99027697137183e-10,2.5151381059386455e-07,0.4810451603238875,0.5996530276968957,0.4232050415422286,-1.2802205812525882,1.681474696140812,0.261818868139286,2.29798879951623,0.817292142301906,2.8117103794047704,0.708889331314663,77.91201799797514,0.1956366055998556,4,-1.318123504954106,1.3137783721198984e-33,1.052306489745393,0.0655193275599064
9471,28.0,58.485804400000006,58.4858044,1.0,1.1356467,12407.1,80,6011,Iran,1.0,0.0,False,1.1188534335482876,0.4228592383784844,1.5647914960102003,11.684376746027786,136.52465994311487,0.6335852494231915,214.47954291455696,254,-1.5854083924102464,1.5276578757443e-32,True,0.4228592383784844,-1.6139172307678542,-1.825679433050484,4.126446156982819e-12,2.580611244164261e-09,0.9528813866277708,0.5742302747279242,0.0983030430407235,-1.6401125228593227,1.8270711400147717,0.2746031455079489,2.209919072399983,0.7823957480051003,2.824554041908696,0.6845686194439365,103.51144197086492,0.2751325799194623,4,-1.635170773517981,1.0507168672622804e-32,1.031387736652562,0.0497623811077345
9472,28.0,59.6214511,59.6214511,1.0,1.1356467,12407.1,80,6011,Iran,1.0,0.0,False,1.1073350565553717,0.2789591132571884,1.54741483653125,9.611377932315683,92.3785857578049,0.6195917357664089,148.09589722583448,254,-1.2904181800905163,2.9609695061986877e-27,True,0.2789591132571884,-1.2780086629434086,-1.4203748618473109,1.0528204375551992e-09,8.640106306941248e-07,0.0634241239633131,0.5694295364940453,0.9114039955448162,-1.294059306467416,1.723198257529109,0.3023709059108821,2.179383975822202,0.7737074182656248,2.8168063590596053,0.7017322750053931,87.45388274546713,0.2157013819535486,4,-1.336320436308781,4.461292189166481e-27,1.0355716130836323,0.0459022562182647
9474,27.0,59.0625,59.0625,1.0,1.125,12404.16,80,6011,Iran,1.0,0.0,False,1.1587252133383334,0.2740598264899032,1.5446446797486266,9.39444980922323,88.2556872180144,0.6173753553836118,141.95304541784944,254,-1.257208409233014,2.457423169661741e-31,True,0.2740598264899032,-1.2741278290820226,-1.268799538097091,2.40141448764397e-10,3.63564079760229e-07,0.2525545286002361,0.5547011987388557,0.649294588712966,-1.2717073553473304,2.051297169849789,0.292373596253669,2.1238514002120388,0.7723223398743131,2.749954637538611,0.6662488037027224,104.1686537473773,0.2586964064533298,4,-1.3033010654293604,7.840109869631583e-29,1.036662701154271,0.0460926561963463
9476,27.0,57.9375,57.9375,1.0,1.125,12404.16,80,6012,Iran,1.0,0.0,False,1.197908724619647,0.3171336073136213,1.6631030830886826,10.516552407761209,110.59787454518803,0.7156990498860866,153.53125802359418,254,-1.4156525568487548,4.65142747787127e-37,True,0.3171336073136213,-1.4624556787106588,-1.5959748332698176,4.116660125830766e-13,2.961714703236057e-09,1.1029502553836932,0.5684934667147981,0.0535023049626883,-1.4789720166430935,2.120623758520677,0.2488852847860008,2.1922624097242367,0.8315515415443419,2.636351807673651,0.6338184986411542,113.05122301215306,0.3445045349681935,4,-1.408295048179568,2.9213464608084047e-38,0.9948027440535516,-0.0073575086691868
9479,26.0,57.39938080000002,57.3993808,1.0,1.1145511,12397.52,80,6012,Iran,0.5260163547488206,0.0,False,1.2123667527167594,-0.0531665554991466,1.6584615165420316,7.123815987785398,50.74875422782685,0.7117097251673941,70.30541066569063,254,-0.9078921191917724,4.735334117278039e-32,True,0.0531665554991466,-0.9409150934010536,-1.114657303315568,1.6800829683037413e-12,3.924045721110636e-06,0.9461562518538396,0.542896549548281,0.0826142959964305,-0.9622101652287453,2.759665565120941,0.1977080863477283,2.090517875106306,0.8292307582710152,2.5210327212959798,0.6014390516401273,108.39235987591869,0.3936555327697955,4,-0.8438503250296776,8.331947489013253e-30,0.9294610088485994,-0.0640417941620947
9480,26.0,58.51393189999999,58.5139319,1.0,1.1145511,12397.52,80,6012,Iran,0.9335009489533984,0.0,False,1.244323924197017,-0.0267866141894403,1.6184029519237564,6.906420465306168,47.698643643599866,0.6777436030877517,69.37859660539507,254,-0.8859192834976781,1.4760355358121498e-29,True,0.0267866141894403,-0.8986938581671458,-0.9095271619373508,2.732481725078533e-10,4.391912100962794e-05,0.2201595948634865,0.5447650314449068,0.6864618268394389,-0.8985584633221992,2.386992383302704,0.2736428392907042,2.08562209136148,0.8092014759618782,2.5773829550698126,0.6215102760073145,96.23136647200832,0.3112371002096786,4,-0.8860097068330536,6.089913459272891e-34,1.000102067239149,9.042333537545576e-05
9481,26.0,59.62848300000002,59.628483,1.0,1.1145511,12397.52,80,6012,Iran,1.0,0.0,False,1.1798834225943,0.0526377358551447,1.5822282823789766,6.613714813742743,43.74122363752021,0.6477842580302153,66.52436956484351,254,-0.8399339798201586,1.37257348059877e-25,True,0.0526377358551447,-0.8425303239546911,-0.6983277882170815,1.3296917903225692e-08,0.000721840363579,-0.328711244137739,0.5415524869785191,0.5444220691180842,-0.8210629398022307,2.477505914745976,0.3280165952352137,2.074182977936682,0.791114141189489,2.621850463724513,0.6535003464214353,107.85924262056749,0.2580083457727389,4,-0.8248431597179853,8.370476334124613e-32,0.982033325874726,-0.0150908201021733
