mascon,year,all_field_km2,ag_km2,crop_km2,irr_km2,irr_crop_km2,mascon_km2,all_field_frac_pct,ag_frac_pct,crop_frac_pct,irr_frac_pct,irr_crop_frac_pct
0,2014,81.37302777363233,76.13674145487981,74.798525209234,76.13674145487981,74.798525209234,12379.21,0.6573361932920787,0.6150371587110955,0.6042269677082303,0.6150371587110955,0.6042269677082303
0,2016,93.58988276829456,88.0067873326694,86.31110562510386,88.0067873326694,86.31110562510386,12379.21,0.7560246798325141,0.7109241004286171,0.6972262820091417,0.7109241004286171,0.6972262820091417
0,2018,94.3696867173852,88.7818281993718,84.9970062693574,88.7818281993718,84.9970062693574,12379.21,0.7623239828501595,0.7171849269813809,0.6866109086876901,0.7171849269813809,0.6866109086876901
0,2019,97.50317548662687,90.58611379818157,86.03172655035044,89.94941430833612,85.39502706050502,12379.21,0.7876364928507302,0.7317600541406244,0.6949694411061001,0.7266167575179362,0.6898261444834123
0,2020,99.64257891737316,92.76509217932818,86.87337965068306,92.76509217932818,86.87337965068306,12379.21,0.804918721932766,0.7493619720428703,0.7017683652727683,0.7493619720428703,0.7017683652727683
0,2021,99.89687712815605,93.2344253376274,89.18065565893366,93.2344253376274,89.18065565893366,12379.21,0.8069729581140965,0.7531532734126605,0.7204066790928797,0.7531532734126605,0.7204066790928797
0,2022,99.13450199723822,93.24419703394969,89.6180123480043,87.53670466031429,83.9105199743689,12379.21,0.8008144461337858,0.7532322097609597,0.723939672628579,0.707126744439381,0.6778342073070002
0,2023,100.2072863248097,94.73453542220554,91.41350929485768,89.32747098320216,86.00644485585428,12379.21,0.8094804622008166,0.7652712525452395,0.7384438045308035,0.7215926620778076,0.6947652140633714
1,2014,901.8220923080986,645.9551977431261,570.1476863493152,645.9551977431261,570.1476863493152,12379.21,7.284972888480757,5.218064785581036,4.605687167026937,5.218064785581036,4.605687167026937
1,2016,924.6360946026257,665.7770273663994,599.7722810231523,665.7770273663994,599.7722810231523,12379.21,7.469265765768783,5.378186712774074,4.844996417567457,5.378186712774074,4.844996417567457
1,2018,707.140977621733,682.9672252925244,591.3180814071741,682.9036222103055,591.254478324955,12379.21,5.7123271809892,5.5170501614604195,4.7767028865911,5.51653637195189,4.776189097082568
1,2019,726.0535039795133,698.5505342453282,609.7410746288841,698.0143285531719,609.2048689367277,12379.21,5.865103701928583,5.642933064753956,4.925524929530108,5.638601563049435,4.921193427825586
1,2020,748.547562148773,720.9175157202898,643.6630015211676,720.9175157202898,643.6630015211676,12379.21,6.0468120514053245,5.823614881081182,5.199548287178,5.823614881081182,5.199548287178
1,2021,757.5208515177729,730.9461334709711,591.5322279806178,730.9461334709711,591.5322279806178,12379.21,6.119298820504483,5.904626656070712,4.77843277544058,5.904626656070712,4.77843277544058
1,2022,766.97292694948,740.7630763490872,590.1493032220942,712.2527391616507,561.6389660346576,12379.21,6.195653252101549,5.983928508758534,4.767261426392268,5.753620296946661,4.536953214580395
1,2023,770.558185513057,747.324145924201,672.318575898898,706.689821091175,631.6842510658718,12379.21,6.2246151855656136,6.036929221850191,5.431029733714009,5.708682711507237,5.102783223371054
2,2014,174.0114979148849,172.13244359079013,164.27320909361396,172.13244359079013,164.27320909361396,12379.21,1.4056753049256367,1.3904961915242584,1.3270088244210572,1.3904961915242584,1.3270088244210572
2,2016,249.9006649398601,242.14051322068514,229.98694102889593,242.14051322068514,229.98694102889593,12379.21,2.018712542560148,1.9560255720735422,1.8578482878058935,1.9560255720735422,1.8578482878058935
2,2018,247.96277597895482,246.071561832324,224.9826644316742,246.071561832324,224.9826644316742,12379.21,2.003058159437919,1.987780818261618,1.8174234416547923,1.987780818261618,1.8174234416547923
2,2019,250.64500322796226,248.31889796056862,234.45943457712534,248.09075779663152,234.23129441318827,12379.21,2.0247253518436334,2.005934934140132,1.8939773586289055,2.0040920042283115,1.8921344287170851
2,2020,283.47126710092124,281.12516032028645,263.85892654974305,281.12516032028645,263.85892654974305,12379.21,2.289897877981885,2.2709458868561603,2.1314682160634084,2.2709458868561603,2.1314682160634084
2,2021,284.5699898336519,282.0226862718033,240.54436415962476,282.0226862718033,240.54436415962476,12379.21,2.2987734260397223,2.278196155261954,1.943131784335388,2.278196155261954,1.943131784335388
2,2022,300.5367471034002,298.0513420530517,281.50735683309193,282.0056299358528,265.4616447158931,12379.21,2.4277538478093534,2.4076765969157297,2.2740332931834257,2.278058373158326,2.1444150694260222
2,2023,308.32057332348273,306.01557651612995,284.78061071426225,295.5090239687741,274.27405816690646,12379.21,2.4906320623325944,2.4720121600338794,2.3004748341312755,2.387139599124452,2.215602273221849
3,2014,224.74931778724803,86.9520633550733,83.75727325244321,86.9520633550733,83.75727325244321,12387.74,1.8142883026867536,0.7019203127856519,0.6761303777157351,0.7019203127856519,0.6761303777157351
3,2016,235.75145590178806,96.30531526093138,90.00789573140176,96.30531526093138,90.00789573140176,12387.74,1.9031030349505889,0.7774244152761632,0.7265885119594193,0.7774244152761632,0.7265885119594193
3,2018,237.6333747439745,98.33879109388651,91.6388394627761,98.07122108768671,91.3712694565763,12387.74,1.9182948200718979,0.7938396438243499,0.7397543011297953,0.791679685622129,0.7375943429275744
3,2019,273.90425146554236,101.87660592374482,94.21336579070505,101.14321976475634,93.47997963171655,12387.74,2.2110913812006254,0.8223986451422521,0.7605371584381416,0.8164783872179779,0.7546169005138673
3,2020,285.0231006516281,113.2818160521377,104.40908560860399,113.2818160521377,104.40908560860399,12387.74,2.300848263296034,0.9144671752243565,0.8428420810301475,0.9144671752243565,0.8428420810301475
3,2021,285.7275298687111,115.75487973386345,108.34571503803387,115.75487973386345,108.34571503803387,12387.74,2.3065347663795905,0.9344309755763639,0.8746205122002388,0.9344309755763639,0.8746205122002388
3,2022,311.35689772387445,114.29428271793296,111.34818922393907,100.66421211303108,97.7181186190372,12387.74,2.513427773943225,0.9226403098380573,0.8988579775159883,0.8126115991539303,0.7888292668318612
3,2023,295.52641878003897,113.51862927182299,110.45714582301424,99.37700431417488,96.31552086536612,12387.74,2.3856362724761655,0.9163788493447795,0.8916650319026251,0.8022206174344544,0.7775067999922999
4,2014,346.3356998877412,276.54513834049465,259.6182566907113,276.54513834049465,259.6182566907113,12387.74,2.795794066453939,2.2324099338579484,2.0957677243041206,2.2324099338579484,2.0957677243041206
4,2016,365.782653700005,293.4148636241882,255.53105398067504,293.4148636241882,255.53105398067504,12387.74,2.9527795522024602,2.368590748790241,2.0627737907049633,2.368590748790241,2.0627737907049633
4,2018,320.4106556165538,309.581486782738,264.3475916523922,308.7707576697344,263.53686253938855,12387.74,2.586514211765454,2.499095773585319,2.133945268889985,2.492551164859243,2.1274006601639086
4,2019,316.98917272581497,304.2804929240665,262.614968960071,304.2804929240665,262.614968960071,12387.74,2.558894299733567,2.4563035139909823,2.119958676563045,2.4563035139909823,2.119958676563045
4,2020,398.49896289407974,385.7422059310327,343.43342059212137,385.4118420132826,343.10305667437126,12387.74,3.2168818759037543,3.1139029873974806,2.7723654241380706,3.1112361255021708,2.76969856224276
4,2021,402.80845320207527,389.63359325510305,335.5337696837373,389.63359325510305,335.5337696837373,12387.74,3.251670225578477,3.1453162017858225,2.7085955120444676,3.1453162017858225,2.7085955120444676
4,2022,407.64385130447215,395.7114033990797,371.2759287287071,374.66754378994665,350.23206911957413,12387.74,3.2907039646010663,3.1943793088899164,2.9971240010583617,3.0245028051117204,2.827247497280167
4,2023,407.8561799279221,397.64353059180155,366.02334400031486,360.7007705055047,329.080583914018,12387.74,3.292417986879948,3.209976400794669,2.9547225240464754,2.911756062893673,2.656502186145479
5,2014,353.8116264659155,311.975171463715,301.19418678596753,311.975171463715,301.19418678596753,12387.74,2.8561434649574133,2.5184187871533874,2.431389315451951,2.5184187871533874,2.431389315451951
5,2016,411.5133782794887,368.4140673761725,339.422668783351,368.4140673761725,339.422668783351,12387.74,3.321940711376641,2.9740216324864144,2.73998864024714,2.9740216324864144,2.73998864024714
5,2018,385.2618028168223,381.20547595675566,341.9449249362161,381.20547595675566,341.9449249362161,12387.74,3.110024934466031,3.077280246088114,2.7603495466987207,3.077280246088114,2.7603495466987207
5,2019,395.3687708479419,390.05528576083015,346.21977653126226,389.9526111458589,346.11710191629106,12387.74,3.1916134084824344,3.148720313477924,2.7948582754502618,3.1478914729067524,2.7940294348790906
5,2020,431.49397739701817,426.1994136052891,387.19775497477224,426.1994136052891,387.19775497477224,12387.74,3.4832340475100234,3.440493694614911,3.12565290339297,3.440493694614911,3.12565290339297
5,2021,444.8357448688139,437.23008126212585,384.6121397086497,437.23008126212585,384.6121397086497,12387.74,3.5909354318771136,3.5295387315371958,3.1047805306589393,3.5295387315371958,3.1047805306589393
5,2022,457.1302354222357,449.736703099704,421.35777825695925,430.87594681005953,402.4970219673147,12387.74,3.690182675954094,3.6304984048721076,3.401409605440212,3.478244997150889,3.2491561977189924
5,2023,463.27428375007645,456.4255185883519,422.4300261017814,435.64577299351816,401.65028050694764,12387.74,3.7397804906308694,3.6844938510846363,3.410065323471282,3.5167494070227354,3.2423208794093807
6,2014,65.67428433738051,49.42014245948822,46.171769538318706,49.42014245948822,46.171769538318706,12392.33,0.529959130666957,0.39879621071653365,0.3725834410342422,0.39879621071653365,0.3725834410342422
6,2016,73.1211995464174,56.72717547173805,53.78770375671324,56.72717547173805,53.78770375671324,12392.33,0.5900520688717731,0.4577603684838771,0.43404027940438356,0.4577603684838771,0.43404027940438356
6,2018,73.39837898133582,57.061768039093224,49.40926973867083,57.015803963671225,49.36330566324882,12392.33,0.5922887704034336,0.4604603657189021,0.39870847321424485,0.4600894582670993,0.39833756576244195
6,2019,76.87790012912684,59.4271818458208,56.45583680255834,59.359694871139624,56.388349827877164,12392.33,0.6203667924363445,0.4795480901962811,0.4555707990552086,0.4790035035472718,0.45502621240619934
6,2020,78.42747351843855,60.49373907467039,55.327345412628304,59.916808548046035,54.75041488600395,12392.33,0.6328710865385165,0.48815468176420723,0.44646442930932523,0.48349913654692894,0.4418088840920469
6,2021,78.53694582326581,60.60306162572664,54.17273480361256,60.18535492817933,53.755028106065254,12392.33,0.6337544741244449,0.4890368609109557,0.43714729032887734,0.48566617357816755,0.43377660299608917
6,2022,77.58252817540091,60.564122372711296,55.08217630881159,48.804220802407315,43.3222747385076,12392.33,0.6260527937474302,0.48872264031631907,0.4444860353848839,0.3938260262792172,0.3495894213477821
6,2023,75.51057909047755,61.32144420510191,56.29875025207578,40.250422673392926,35.28866694499935,12392.33,0.6093331850465372,0.4948338545301966,0.45430318795638736,0.3248010880390768,0.2847621629265792
7,2014,1853.659723689114,1666.138640542602,1352.1733528968157,1666.138640542602,1352.1733528968157,12392.33,14.958121061084668,13.444918272371716,10.91137302587016,13.444918272371716,10.91137302587016
7,2016,1924.159129902909,1736.2844015732544,1523.8114668330998,1736.2844015732544,1523.8114668330998,12392.33,15.527016548969476,14.010960017795318,12.296408075261875,14.010960017795318,12.296408075261875
7,2018,1898.5595522596489,1752.0986525019102,1559.050541576559,1751.0704843767694,1558.0223734514184,12392.33,15.32044056492725,14.138573234427344,12.580770053545692,14.130276424020096,12.572473243138443
7,2019,1907.154415075602,1750.9361706576428,1570.852618957879,1709.9790968867305,1529.8955451869667,12392.33,15.389796874967033,14.129192578454923,12.676007005606525,13.798689164077542,12.345503591229146
7,2020,1952.5217387002278,1793.7241183387941,1598.079516253967,1792.968238887427,1597.3320677287472,12392.33,15.755888833659432,14.474470243600631,12.895714657808233,14.468370668691255,12.889683116320718
7,2021,1949.899931409864,1792.098749334727,1579.8658835166302,1792.0720666361967,1579.8392008181,12392.33,15.734732140040363,14.461354316215973,12.748739611651967,14.4611389999798,12.748524295415791
7,2022,1967.8898209749914,1800.146173751451,1512.9126859010871,1732.45703786376,1445.223550013396,12392.33,15.8799016889882,14.526293067981976,12.208460280682385,13.980075077598482,11.662242290298886
7,2023,1971.3299760339714,1812.2562315159598,1650.1935388996142,1746.6592213380682,1584.5965287217223,12392.33,15.907662046071817,14.62401527005785,13.316249154917712,14.094679703801207,12.78691358866107
8,2014,311.8080268740351,159.35891664305544,143.47331317135735,159.35891664305544,143.47331317135735,12392.33,2.516137214503125,1.2859479746186184,1.157758978104661,1.2859479746186184,1.157758978104661
8,2016,341.0440287378787,188.3224989133197,161.7271617376099,188.3224989133197,161.7271617376099,12392.33,2.752057351102486,1.5196698192617506,1.305058546194379,1.5196698192617506,1.305058546194379
8,2018,355.89049827564065,206.10873953629806,179.06558678118188,204.29703384768675,177.25388109257057,12392.33,2.871861048532767,1.6631960215415347,1.444971097293099,1.6485764488815804,1.4303515246331444
8,2019,393.4435658968799,236.44385132538923,205.47871015900668,236.44385132538923,205.47871015900668,12392.33,3.1748958097216575,1.9079854339368725,1.6581119947500325,1.9079854339368725,1.6581119947500325
8,2020,418.97514114195064,259.8865564344763,230.65609049506787,259.8865564344763,230.65609049506787,12392.33,3.3809230479010055,2.0971565188667207,1.8612810544511635,2.0971565188667207,1.8612810544511635
8,2021,422.98042659367076,265.7308492370137,230.48376850579655,265.7308492370137,230.48376850579655,12392.33,3.4132437289329025,2.1443170835267757,1.8598905008646198,2.1443170835267757,1.8598905008646198
8,2022,429.2259635982615,270.5058600769256,250.10086990229533,256.21062986813564,235.80563969350538,12392.33,3.463642136694726,2.1828490693592375,2.0181908479058848,2.0674936018338412,1.9028353803804885
8,2023,411.2038073733471,272.0818920866724,255.56587881921615,259.3339636545361,242.81795038707986,12392.33,3.318212211693419,2.1955668714977117,2.062290778402578,2.092697367279084,1.9594212741839498
9,2014,534.9841829846249,362.2816186406262,337.8262291725542,362.2816186406262,337.8262291725542,12393.11,4.316787174362407,2.923250246634027,2.7259197180736243,2.923250246634027,2.7259197180736243
9,2016,548.9015651128461,379.54384347320206,354.09384429232205,379.54384347320206,354.09384429232205,12393.11,4.429086525600484,3.062539132414721,2.857183098450042,3.062539132414721,2.857183098450042
9,2018,551.8904516437373,383.72052555671723,366.1689357514816,383.72052555671723,366.1689357514816,12393.11,4.453203849911259,3.0962407785996997,2.9546170069617843,3.0962407785996997,2.9546170069617843
9,2019,575.2421867452142,390.1004189783797,367.7127380993363,378.7100970982335,359.93054212263337,12393.11,4.641628991796362,3.1477201362561913,2.9670739475348507,3.0558116332238923,2.904279411081103
9,2020,581.8397428612683,396.3677596554106,368.5315648078559,377.284017236688,356.47273033046463,12393.11,4.694864669653286,3.1982913058579374,2.9736810599426287,3.0443045953492547,2.8763783290107536
9,2021,588.534369375194,400.90338195080847,368.9046520770778,379.1714191125491,354.34090306072267,12393.11,4.748883608514683,3.2348892404796574,2.9766915009798005,3.059534040386546,2.8591766155607643
9,2022,587.840770625768,404.0175234878294,363.8432279953104,380.879046546779,340.70475105426,12393.11,4.74328696046245,3.2600172473885034,2.9358508719386043,3.073312885520898,2.749146510070999
9,2023,571.9179736745234,405.68552285066164,367.2438294773858,339.6745485478575,319.21778995055996,12393.11,4.614805917760138,3.273476333629425,2.963290324038,2.74083380642839,2.5757682288833066
10,2014,6416.8007277168745,4695.681395216208,3747.1242631081277,4695.681395216208,3747.1242631081277,12393.11,51.77716269537569,37.88945143887376,30.235544291207997,37.88945143887376,30.235544291207997
10,2016,6487.831215162922,4737.140534901309,4294.472555239719,4737.140534901309,4294.472555239719,12393.11,52.350307672270496,38.22398522163774,34.65209745769802,38.22398522163774,34.65209745769802
10,2018,6026.270841892294,4755.113902324092,4344.579099723756,4755.113902324092,4344.579099723756,12393.11,48.62597719129656,38.369012316715434,35.0564071465819,38.369012316715434,35.0564071465819
10,2019,6064.0563930956605,4755.678279678002,4318.884578125203,4541.646509072461,4187.359725081558,12393.11,48.930868789962,38.3735662773751,34.84907806131958,36.64654399962932,33.78780407082289
10,2020,6099.385106485515,4768.404871821831,4370.191651453275,4555.075647781898,4236.3700677731495,12393.11,49.21593616522015,38.47625714467015,35.26307481700134,36.75490371490205,34.18326850784952
10,2021,6104.799318746015,4768.772432387631,3944.042353026556,4511.2356304797495,3810.2822267754646,12393.11,49.259623441944875,38.47922299073945,31.824476285827817,36.40115863152791,30.745165876648105
10,2022,6106.172355983769,4765.790387873684,3410.8601617083664,4617.322461505806,3262.3922353404887,12393.11,49.27070247890779,38.455160874660876,27.522229381554478,37.2571732317861,26.324241738679707
10,2023,6108.868673925846,4773.212415427666,4410.983557148771,4487.665935645669,4238.679067854366,12393.11,49.29245906738378,38.51504921224508,35.592224688950324,36.21097477264116,34.20189982864967
11,2014,345.4976406929311,81.42224071472029,74.61372948172757,81.42224071472029,74.61372948172757,12393.11,2.7878203347903074,0.6569960301709602,0.6020581555535904,0.6569960301709602,0.6020581555535904
11,2016,328.23894641989256,86.7623918387922,78.9352996748764,86.7623918387922,78.9352996748764,12393.11,2.6485599370932116,0.7000857076132802,0.636928903841541,0.7000857076132802,0.636928903841541
11,2018,332.67986721474523,88.59906564820159,81.4017188251,88.59906564820159,81.4017188251,12393.11,2.6843937253421073,0.7149058279011611,0.6568304390512147,0.7149058279011611,0.6568304390512147
11,2019,372.8722626438768,89.46764092328289,82.75604261148447,87.68075767199,81.08471443541367,12393.11,3.00870614917383,0.7219143614741004,0.6677584771819541,0.7074960011812208,0.6542725307482438
11,2020,381.8410034340601,91.65382837893151,81.82922188962914,89.7933841021295,80.10838047202705,12393.11,3.081074915288092,0.7395547072440372,0.6602799611205672,0.7245427830635691,0.646394492359279
11,2021,389.2184666677089,92.87137526074798,81.27920130980175,87.95599479217026,79.69850539493795,12393.11,3.140603663388035,0.7493790925824751,0.6558418452656496,0.7097168894020166,0.6430872105140514
11,2022,515.099121341199,92.48316552660656,82.18312478783321,86.60184553274466,76.30180479397131,12393.11,4.156334619326375,0.746246628381468,0.6631356034751019,0.6987902595292438,0.6156792346228777
11,2023,526.5316807908324,93.17359249617564,84.41241974292325,81.07371127169203,74.57522552316809,12393.11,4.248583937291223,0.7518176833432095,0.6811237836420659,0.654183746224249,0.6017474671262345
12,2014,796.5209915663005,412.17427382722724,376.4280925491212,412.17427382722724,376.4280925491212,12390.17,6.428652646140453,3.3266232329921803,3.038118868014896,3.3266232329921803,3.038118868014896
12,2016,934.1988571753118,460.4296343124019,437.7149688235913,460.4296343124019,437.7149688235913,12390.17,7.539838897894958,3.7160881110783945,3.5327599929911475,3.7160881110783945,3.5327599929911475
12,2018,821.3066669005766,473.17060745821743,444.402103582155,473.17060745821743,444.402103582155,12390.17,6.628695707166057,3.818919413197861,3.586731284414621,3.818919413197861,3.586731284414621
12,2019,819.4335399046773,475.50940965359797,423.93818217393505,348.84989255761104,344.94854955539944,12390.17,6.613577859744275,3.837795685237555,3.421568728870831,2.815537579852504,2.7840501748999364
12,2020,843.6968398648621,487.3797928427532,424.5839718090554,325.3536509680289,312.49569175281175,12390.17,6.809404873902958,3.9336005304427077,3.4267808416596015,2.625901428051664,2.522125941393958
12,2021,866.4573314190282,492.43322318747977,426.4284716826247,301.8469278344418,300.95090364490954,12390.17,6.993102850235535,3.974386333581216,3.4416676420309384,2.436180680607625,2.4289489461799922
12,2022,883.032252035631,507.4191495142079,454.72203556367316,352.18502992692953,299.5283993939977,12390.17,7.126877613750505,4.095336460389227,3.670022570825688,2.842455187676437,2.417468036306182
12,2023,1066.8069754589997,512.7314954806486,454.0876015380452,333.6290278342683,331.00415894231895,12390.17,8.610107653559231,4.1382119493166645,3.6649021081877424,2.6926912853840443,2.6715061935576263
13,2014,7705.725719599421,4264.032658175469,3906.4345014192813,4264.032658175469,3906.4345014192813,12390.17,62.19225175763869,34.41464207654511,31.528498006236248,34.41464207654511,31.528498006236248
13,2016,8209.521282648195,4434.282835555572,4035.4622973452974,4434.019833616652,4035.199295406378,12390.17,66.25834256227473,35.788716664545944,32.56987028705254,35.78659399844112,32.56774762094772
13,2018,7795.326935685753,4480.16270304138,4134.228175421998,4476.225336585221,4130.290808965839,12390.17,62.915415492166396,36.15900914225858,33.367001222921054,36.127230995097094,33.335223075759565
13,2019,7863.399661582217,4478.559401896493,4207.820489354208,4406.1833972469885,4144.013517837853,12390.17,63.46482462776715,36.14606903615118,33.96095848042608,35.56192850660636,33.44597788277201
13,2020,7901.851516015232,4488.968057392942,4011.7362157595894,4416.786694529038,3953.465557841164,12390.17,63.77516624885075,36.23007640244598,32.37837911634457,35.647506810068286,31.908081631173452
13,2021,7889.067778396263,4482.651708807447,4018.655788232563,4429.260286309553,3970.3323282710976,12390.17,63.67198979833419,36.17909769444202,32.434226392636766,35.74818010010801,32.04421188951481
13,2022,7887.78458476763,4476.567623843268,4116.855074595642,4386.394715245079,4026.682165997453,12390.17,63.661633252551255,36.12999356621634,33.226784415352185,35.402215750430216,32.49900659956605
13,2023,7657.563043617781,4471.2991616758445,4161.600894768475,4373.682484449651,4075.625670979918,12390.17,61.8035349282357,36.08747225966911,33.58792409441093,35.299616425356966,32.89402543290301
14,2014,879.6034309501787,701.6619648249575,656.6144228792562,701.6619648249575,656.6144228792562,12390.17,7.09920389268411,5.663053572509154,5.299478722884804,5.663053572509154,5.299478722884804
14,2016,1022.4991230620716,720.7840882650812,666.5996329212555,710.0527643486074,655.8683090047816,12390.17,8.252502774877758,5.817386591669696,5.380068497213965,5.730774996215608,5.293456901759876
14,2018,1036.9307920699327,731.3255489074029,691.5221769746522,727.2648418070095,687.4614698742588,12390.17,8.368979538375445,5.9024658169129465,5.581216213939375,5.869692197984446,5.548442595010874
14,2019,1044.1798793210528,731.7828504549348,693.2998900978412,715.848814193108,677.3658538360146,12390.17,8.427486300196469,5.906156658503756,5.595563984173269,5.777554417680371,5.466961743349886
14,2020,1055.253761407405,733.8507554676212,692.1031898650673,714.4017637063164,672.6541981037625,12390.17,8.516862653275984,5.922846542602896,5.585905519174211,5.7658753972408485,5.4289343738121625
14,2021,1055.5097798655709,734.1311640072668,677.4429999301203,728.3829610182333,671.7012592993821,12390.17,8.518928956306256,5.925109695890103,5.467584382862546,5.878716442294443,5.421243286406741
14,2022,1052.1978554253842,735.875832855483,672.623188780189,711.1809998248547,647.9283557495608,12390.17,8.492198698043563,5.939190768613207,5.428684100219683,5.739880888033454,5.22937421963993
14,2023,1064.4750145388196,745.69150888086,698.787285237921,725.7084207896528,678.8041971467136,12390.17,8.591286596865253,6.018412248426454,5.639852279976151,5.857130457367838,5.4785704889175335
15,2014,28.662276354995278,27.38596736253403,26.74880906046219,27.38596736253403,26.74880906046219,12390.17,0.23133077556639883,0.2210297950918674,0.21588734505226473,0.2210297950918674,0.21588734505226473
15,2016,107.02691328361705,93.27268993147327,91.4501100597117,93.27268993147327,91.4501100597117,12390.17,0.8638050428978541,0.7527958852176626,0.7380859993019603,0.7527958852176626,0.7380859993019603
15,2018,118.28476302695901,104.5305397297716,103.250715358071,104.5305397297716,103.250715358071,12390.17,0.9546661831674546,0.8436570259308114,0.8333276731317731,0.8436570259308114,0.8333276731317731
15,2019,119.51937360663005,105.27484304762105,103.93655625881141,105.27484304762105,103.93655625881141,12390.17,0.9646306193266925,0.8496642342084173,0.8388630362522178,0.8496642342084173,0.8388630362522178
15,2020,130.81132219799764,116.23379237067746,115.29457572527029,116.23379237067746,115.29457572527029,12390.17,1.0557669684757969,0.9381129748072662,0.9305326377706706,0.9381129748072662,0.9305326377706706
15,2021,137.25553581655953,121.83839920875629,120.70335608789418,121.83839920875629,120.70335608789418,12390.17,1.1077776642012138,0.9833472761774559,0.9741864404434658,0.9833472761774559,0.9741864404434658
15,2022,136.8009867693162,121.71311533333737,120.52245926339504,121.51758147020632,120.32692540026399,12390.17,1.1041090378042933,0.9823361207581282,0.9727264376791847,0.9807579837097176,0.9711483006307742
15,2023,140.00540182252635,123.66040728970155,122.92437898777538,123.58486412770893,122.84883582578276,12390.17,1.1299715970202697,0.998052547218493,0.9921121258850797,0.9974428448335166,0.9915024235001033
16,2014,515.6088468284798,253.16186883040842,234.678681898221,253.16186883040842,234.678681898221,12383.61,4.163639252435113,2.044330117230827,1.8950748763746676,2.044330117230827,1.8950748763746676
16,2016,535.4606470233902,266.63181166403604,255.58999984207372,266.63181166403604,255.58999984207372,12383.61,4.323946305022446,2.1531024609466547,2.063937735782003,2.1531024609466547,2.063937735782003
16,2018,537.7296506013743,267.7272868471396,257.1337068990016,255.7301933674832,245.13661341934522,12383.61,4.342268939359155,2.161948630868863,2.0764034631177952,2.065069825095293,1.9795246573442253
16,2019,544.453384224687,268.9542952001834,256.8768335722955,258.56213106534807,247.96684220969536,12383.61,4.396564363902667,2.171856956091022,2.0743291622741307,2.087938259242241,2.002379291738801
16,2020,550.2157279800135,270.756931277854,250.7487336959024,245.74663442704338,229.19733305612385,12383.61,4.443096382880384,2.1864135843898023,2.0248435932325255,1.9844506927062737,1.8508119446278093
16,2021,563.7421744837774,273.146547800652,248.53804021319993,246.566500900847,228.1556183385156,12383.61,4.552325004451669,2.20571019113693,2.006991823977014,1.9910712700161501,1.8423999006631797
16,2022,560.7740567270308,272.6689881424276,253.1031865477051,253.83959765902094,234.27379606429838,12383.61,4.528356890495024,2.2018538063006474,2.043856246665593,2.0498029060913656,1.891805346456311
16,2023,577.4755736336998,272.89547658177617,245.94937860008375,250.9149452307139,230.38593376042965,12383.61,4.663224807900925,2.203682743414692,1.9860878903654406,2.0261857829075196,1.8604101208002322
17,2014,4600.268890019939,3682.954561399023,3154.1941196290036,3682.954561399023,3154.1941196290036,12383.61,37.14804398733438,29.74055676332687,25.470715886797173,29.74055676332687,25.470715886797173
17,2016,4698.404511178332,3748.123901730671,3328.625299092888,3681.3102857066738,3261.8116830688905,12383.61,37.94050774514323,30.266811549545494,26.879280751678127,29.72727892518154,26.339748127314174
17,2018,4121.513737851279,3766.705530041474,3390.1685365823446,3578.3504563875786,3201.81346292845,12383.61,33.28200531065884,30.416861723208935,27.376254069551162,28.89585877129188,25.85525111763411
17,2019,4103.45472741448,3767.8299953591923,3468.9837438810528,3468.4022553176947,3169.5560038395547,12383.61,33.13617537547193,30.42594199396777,28.012701820237012,28.008006189775795,25.594766016045035
17,2020,4149.5844172108245,3766.2464737300797,3364.3271003996642,3535.0804352497807,3133.161061919365,12383.61,33.50868137167453,30.413154756408506,27.16757957009034,28.54644514200448,25.300869955686302
17,2021,4150.659808369825,3764.8347389553264,3275.7567429117194,3633.650680896547,3144.6475685468067,12383.61,33.51736535929204,30.401754730287262,26.452357131012032,29.342418575007986,25.39362567576665
17,2022,4147.898418263067,3764.0372149250065,3236.0816064187384,3626.147737036954,3098.192128530686,12383.61,33.4950666103266,30.395314572447017,26.131972877204127,29.28183087998535,25.01848918474246
17,2023,4155.484035595109,3769.792021934578,3398.2935180471304,3547.716689057711,3176.2181851702635,12383.61,33.55632190932296,30.441785730772995,27.441864836240242,28.64848528868166,25.64856439414891
18,2014,4592.821291598306,3980.166138629725,3568.6645690976316,3980.166138629725,3568.6645690976316,12383.61,37.087903217222646,32.14059663240142,28.817643393950807,32.14059663240142,28.817643393950807
18,2016,5055.191848982964,4107.727622529483,3539.6910550142475,4068.8056980227275,3500.7691305074923,12383.61,40.82163318275498,33.1706798141211,28.583676771266596,32.85637788999111,28.269374847136596
18,2018,4883.9632316196985,4108.6935633037965,3607.3192809609345,4039.542118665857,3538.167836322995,12383.61,39.43892961438303,33.17847996911883,29.129787525292983,32.62006893519625,28.57137649137041
18,2019,4901.9210890444165,4102.82547163102,3683.898343476355,3947.5025274772097,3528.5753993225444,12383.61,39.58394271980801,33.131094015646646,29.748177982642822,31.876831775848963,28.493915742845136
18,2020,4904.248087639604,4098.057396165769,3630.552000686645,4023.11032366662,3555.6049281874957,12383.61,39.60273367491066,33.09259090173035,29.31739614447358,32.487379073360835,28.71218431610407
18,2021,4897.920456643228,4093.707523671711,3568.781136892325,4046.138985984162,3521.212599204776,12383.61,39.55163685422286,33.0574648561422,28.81858470100661,32.67333989025948,28.43445973512389
18,2022,4883.174699592568,4087.0636722567615,3556.8835259622515,4018.6372639438046,3488.457117649294,12383.61,39.43256206867438,33.00381449558538,28.7225092356934,32.45125826753107,28.16995300763908
18,2023,4882.038466042379,4075.3376394929396,3686.0876195181854,3927.6280506437606,3538.378030669007,12383.61,39.423386767205834,32.90912455651413,29.76585680200027,31.716341605103523,28.573073850589665
19,2014,66.92176547067008,47.342798073210595,45.111308149198315,47.342798073210595,45.111308149198315,12383.61,0.5404059516624803,0.3823020756726883,0.36428237120838197,0.3823020756726883,0.36428237120838197
19,2016,69.67204246301276,49.484964559417435,46.05686156831305,49.484964559417435,46.05686156831305,12383.61,0.5626149601207786,0.3996004764314883,0.37191789444526313,0.3996004764314883,0.37191789444526313
19,2018,66.23220583613721,50.141506752872004,47.305547595043,49.431953994603006,46.595994836774,12383.61,0.5348376267997555,0.4049021791938861,0.38200127099483105,0.39917240606416876,0.3762714978651136
19,2019,60.02677658929785,53.261316664704324,50.66484111631468,52.85799614260808,50.26152059421844,12383.61,0.484727608421921,0.43009523607982103,0.40912820345856077,0.4268383463514119,0.4058713137301517
19,2020,61.52128849250389,53.75272930941905,51.51127345167252,53.16122255676183,50.919766699015305,12383.61,0.496796075558774,0.43406348641001335,0.41596330514020163,0.42928695716969306,0.41118677589988145
19,2021,75.27704517845329,56.203671098695054,52.72755089590957,56.158678834736115,52.68255863195064,12383.61,0.6078764203528154,0.4538553063177462,0.425784976238024,0.4534919852509576,0.42542165517123554
19,2022,81.77184505929232,63.007825479177754,59.415437105825475,60.53837884180727,56.945990468454994,12383.61,0.6603231614956568,0.508800143731737,0.47979092611787255,0.4888588936651531,0.4598496760512887
19,2023,84.33807849090915,65.27102270638522,63.605358627415406,64.46132540104367,62.79566132207387,12383.61,0.6810459832868537,0.5270758906844226,0.513625337259615,0.5205374313390333,0.5070868779142258
20,2014,8.257996538760505,8.257996538760507,8.257996538760507,8.257996538760507,8.257996538760507,12383.61,0.06668488864523757,0.06668488864523758,0.06668488864523758,0.06668488864523758,0.06668488864523758
20,2016,8.250891063186565,8.250891063186563,8.250891063186563,8.250891063186563,8.250891063186563,12383.61,0.06662751058202386,0.06662751058202383,0.06662751058202383,0.06662751058202383,0.06662751058202383
20,2018,8.2508910583708,8.2508910583708,7.7499298947534,8.2508910583708,7.7499298947534,12383.61,0.06662751054313565,0.06662751054313565,0.06258215411138916,0.06662751054313565,0.06258215411138916
20,2019,8.375579316616927,8.375579316616928,8.250891115795744,8.375579316616928,8.250891115795744,12383.61,0.06763439188263298,0.067634391882633,0.06662751100685295,0.067634391882633,0.06662751100685295
20,2020,8.375544393064969,8.375544393064969,8.375544393064969,8.375544393064969,8.375544393064969,12383.61,0.0676341098683257,0.0676341098683257,0.0676341098683257,0.0676341098683257,0.0676341098683257
20,2021,8.375579288369844,8.375579288369844,8.375579288369844,8.375579288369844,8.375579288369844,12383.61,0.06763439165453243,0.06763439165453243,0.06763439165453243,0.06763439165453243,0.06763439165453243
20,2022,8.375545788375351,8.375545788375351,8.375545788375351,8.375545788375351,8.375545788375351,12383.61,0.06763412113572174,0.06763412113572174,0.06763412113572174,0.06763412113572174,0.06763412113572174
20,2023,8.375545788849239,8.375545788849239,8.375545788849239,8.375545788849239,8.375545788849239,12383.61,0.06763412113954848,0.06763412113954848,0.06763412113954848,0.06763412113954848,0.06763412113954848
21,2014,232.07006102096253,214.24695665791148,211.45524816415838,214.24695665791148,211.45524816415838,12373.54,1.875534899640382,1.7314928198228756,1.7089308974162476,1.7314928198228756,1.7089308974162476
21,2016,241.18286075101426,221.0253849731323,217.441422921011,221.0253849731323,217.441422921011,12373.54,1.949182374251946,1.7862744612546797,1.757309734489976,1.7862744612546797,1.757309734489976
21,2018,244.0516492416302,223.68284853110498,222.136213506015,220.0314687744456,218.48483374935563,12373.54,1.9723672388146818,1.8077514480989674,1.7952519125974862,1.7782418675209002,1.765742332019419
21,2019,244.4496707305779,223.72040906276996,221.9860782278715,220.6368710472858,218.9025402123874,12373.54,1.9755839535862645,1.8080550033601537,1.7940385550769746,1.783134584341149,1.7691181360579702
21,2020,245.33633842698072,223.719631762702,219.40781117268006,219.2453799012318,214.93355931120982,12373.54,1.9827497904963391,1.8080487214063397,1.7732016154849788,1.7718888846783682,1.7370417787570074
21,2021,246.1279064208389,223.97165780801026,209.92226847301131,222.29629150599413,208.24690217099516,12373.54,1.9891470542855068,1.810085535812793,1.696541721067789,1.7965456248251843,1.6830018100801805
21,2022,246.507796300899,224.23585167362646,210.73456657098305,222.08159189739473,208.58030679475132,12373.54,1.9922172337172626,1.8122206876417455,1.7031065206156284,1.7948104737802981,1.685696306754181
21,2023,246.6475091479752,224.31742062047562,207.46384316829415,222.16378785144718,205.3102103992657,12373.54,1.9933463596349565,1.8128799084213216,1.676673313928707,1.7954747618825913,1.6592681673899765
22,2014,2043.0175001521955,1908.3349441350938,1308.4748019595272,1908.3349441350938,1308.4748019595272,12373.54,16.51118031017959,15.422708005430085,10.57478136377728,15.422708005430085,10.57478136377728
22,2016,2141.9510954970597,2000.6657696782231,1595.569562322079,1929.7161892132203,1524.6199818570763,12373.54,17.31073803856503,16.16890372260665,12.895012763704477,15.595506130122988,12.321615171220817
22,2018,2179.3108872302632,2043.629514810184,1638.4405816116887,1926.775769960608,1521.5868367621124,12373.54,17.61267096748597,16.51612646671998,13.241486119668977,15.57174236282105,12.297102015770042
22,2019,2204.5600890711585,2071.1050526750496,1682.3430441635107,1950.3266505003244,1561.5646419887855,12373.54,17.816728996480865,16.73817721262508,13.59629535414692,15.762074963998373,12.62019310552021
22,2020,2220.7775097510016,2085.226851367594,1581.9876926370555,1995.1507582956167,1491.9115995650789,12373.54,17.94779432362122,16.85230622253287,12.785247331297716,16.124332715581932,12.057273824346781
22,2021,2226.8612011033633,2092.079301650574,1469.6917784835964,2041.0113900264053,1418.6238668594274,12373.54,17.996961266568526,16.907686091858707,11.877698528340282,16.494967406469005,11.46497984295058
22,2022,2246.2223111755334,2117.1378071667623,1430.470271337952,2043.178390399421,1356.510854570611,12373.54,18.153433141813363,17.110202958625923,11.560719659353362,16.512480586795864,10.962997287523303
22,2023,2210.143023530906,2125.3317833031647,1566.0839607935563,2007.6537576289156,1448.4059351193073,12373.54,17.861848941619826,17.176424720032944,12.656717162538419,16.22537897504607,11.705671417551542
23,2014,6921.785942895789,6453.238743304446,5599.525480382867,6453.238743304446,5599.525480382867,12373.54,55.94022359725502,52.15353684801961,45.25402981186359,52.15353684801961,45.25402981186359
23,2016,7098.9062933554205,6614.806600060567,5468.167633817906,6501.6695878241535,5355.030621581494,12373.54,57.371668038050714,53.45928974295607,44.19242701618054,52.54494338583908,43.27808065906357
23,2018,6938.458542139032,6631.956975252233,5488.276700378619,6505.127936119357,5361.447661245744,12373.54,56.074967569014454,53.59789498601235,44.35494369742708,52.57289293217104,43.32994164358578
23,2019,6944.87842087569,6626.881570910306,5716.76811597668,6288.369603559877,5378.25614862625,12373.54,56.126851498242935,53.55687677827288,46.201556838032445,50.82110377111058,43.465783830870144
23,2020,6964.8111232688625,6630.175158760512,5521.738065412254,6484.20286926011,5375.765775911852,12373.54,56.28794284633874,53.58349476997296,44.6253704712819,52.40378153107445,43.44565723238339
23,2021,6944.407385706413,6607.3637094051965,5148.215123365131,6560.400508471218,5101.251922431152,12373.54,56.12304470431592,53.399138075321986,41.6066471144485,53.019592683025365,41.22710172215188
23,2022,6949.893461985467,6596.915817076548,5370.144944963167,6479.018367559611,5252.247495446232,12373.54,56.16738186473286,53.31470070066082,43.40023101685667,52.36188162449558,42.44741194069144
23,2023,6963.553892440677,6605.435017199202,5464.34512881644,6286.373426762642,5145.283538379879,12373.54,56.277782206552665,53.38355084478008,44.16153444217612,50.80497114619294,41.58295474358897
24,2014,105.95705564541926,22.8788085682795,20.51048084271182,22.8788085682795,20.51048084271182,12373.54,0.8563196598986164,0.18490107574937728,0.16576081576260165,0.18490107574937728,0.16576081576260165
24,2016,122.68115353937756,28.831725977451818,27.042283958416935,26.223079359897532,24.433637340862646,12373.54,0.9914798314740774,0.23301113486885577,0.2185492911358991,0.2119286748973821,0.19746683116442543
24,2018,111.8563003812724,28.8089680245164,26.6362430460148,28.8089680245164,26.6362430460148,12373.54,0.9039959492697515,0.232827210519515,0.21526776529606564,0.232827210519515,0.21526776529606564
24,2019,116.5321337634287,28.80896826364536,25.203583795313047,28.80896826364536,25.203583795313047,12373.54,0.9417849197838993,0.23282721245209825,0.20368935482742243,0.23282721245209825,0.20368935482742243
24,2020,119.52937856573263,31.16683872499214,28.65906757946698,30.059935366833287,27.55216422130813,12373.54,0.9660079376292687,0.2518829593228141,0.23161575086407754,0.24293723030622832,0.22267002184749174
24,2021,111.9124514810337,31.166961187346345,27.44106072628199,29.341221199582073,25.61532073851771,12373.54,0.9044497490696574,0.25188394903436157,0.2217721098916073,0.2371287537728255,0.20701691463007119
24,2022,108.95710762568203,31.368732306729964,27.956829047435576,29.68133374485867,26.269430485564275,12373.54,0.8805653646869207,0.2535146151120048,0.22594042648615978,0.23987746226915393,0.2123032736433088
24,2023,103.78505419024098,32.087614886028845,29.078343983711243,31.513042521509803,28.5037716191922,12373.54,0.8387660620181531,0.2593244527114217,0.23500424279317997,0.2546808958593078,0.23036068594106615
25,2014,684.7838296374213,485.5449972550869,438.55306905805384,485.5449972550869,438.55306905805384,12402.09,5.521519595789268,3.915025590485853,3.536122291146523,3.915025590485853,3.536122291146523
25,2016,724.4706396575087,513.591956872404,485.8936269187442,513.591956872404,485.8936269187442,12402.09,5.841520579656402,4.141172631970934,3.917836646232564,4.141172631970934,3.917836646232564
25,2018,747.6880617366069,534.6597580878248,489.249930575211,533.3224651475734,487.91263763495965,12402.09,6.028726301265407,4.311045622857315,3.9448990498795853,4.300262819795481,3.9341162468177515
25,2019,752.3052503976526,535.4683009306859,494.4996115813898,535.4683009306859,494.4996115813898,12402.09,6.065955418785483,4.317565030818885,3.9872280525410617,4.317565030818885,3.9872280525410617
25,2020,766.971830552297,546.1732298206438,477.5300290674025,543.4719456875853,474.82874493434406,12402.09,6.184214358646785,4.403880554169851,3.850399642861828,4.382099675841614,3.828618764533591
25,2021,773.5689288366789,549.7853608203704,468.2469841596836,549.7853608203704,468.2469841596836,12402.09,6.237407798497502,4.4330057338752615,3.7755489934332327,4.4330057338752615,3.7755489934332327
25,2022,777.9942221062211,556.1189942093519,468.2079694478179,551.6607100806679,463.74968531913385,12402.09,6.273089633329714,4.484074814884845,3.775234411682369,4.448126969572611,3.7392865663701347
25,2023,843.5195236283593,563.48403195287,473.4598845617722,557.4812340428887,467.45708665179086,12402.09,6.801430433325023,4.543460271235494,3.8175814283058114,4.495058768666319,3.769179925736637
26,2014,2342.6948636175316,1955.3193247712939,1716.8207993487526,1955.3193247712939,1716.8207993487526,12402.09,18.88951671546918,15.76604689025232,13.842995812389304,15.76604689025232,13.842995812389304
26,2016,2376.619142576939,1979.6150779783154,1701.4668578073715,1976.6345649447028,1698.486344773759,12402.09,19.163053506118235,15.961947365148257,13.719194569684396,15.937915020328854,13.695162224864994
26,2018,2388.609133243855,2000.9080412432907,1658.4436350472595,1981.6805946694358,1639.2161884734044,12402.09,19.25973068445605,16.13363587301246,13.372291565754315,15.978601950715047,13.217257643456904
26,2019,2395.7249252023635,2000.3344269233778,1671.4435608456995,1960.4494617190662,1631.558595641388,12402.09,19.31710643288642,16.129010730637965,13.477112009715293,15.807411990390865,13.155513269468193
26,2020,2401.8302185775437,2002.3882025102869,1618.865674928088,1989.6450784361643,1606.122550853965,12402.09,19.366334372493217,16.145570645837008,13.05316825573825,16.042820834521958,12.9504184444232
26,2021,2403.5973774436375,1998.6840919509968,1550.3534978548253,1980.9410372123998,1532.6104431162282,12402.09,19.380583252045724,16.115703820493135,12.50074380894531,15.972638782756775,12.35767877120895
26,2022,2398.7911118066577,1998.230683086143,1566.850540707254,1979.7169608845666,1548.336818505678,12402.09,19.34182957716528,16.112047913586686,12.633762057098876,15.96276886302685,12.48448300653904
26,2023,2383.4279734964484,1979.5589103270013,1630.7167480634434,1945.874431764245,1597.032269500687,12402.09,19.217954179468528,15.961494476551946,13.148725320195576,15.689891234172988,12.87712207781662
27,2014,602.379029650619,163.1759326569284,136.17260711776314,163.1759326569284,136.17260711776314,12402.09,4.857076747956345,1.3157131794474028,1.0979811234861474,1.3157131794474028,1.0979811234861474
27,2016,638.2474057913153,173.2322775083971,134.67250742604978,171.61875531037913,133.0589852280318,12402.09,5.146289099589789,1.3967990678054836,1.0858855840108383,1.3837889848435152,1.0728755010488698
27,2018,646.6694077942898,176.245826548382,117.12936393891019,176.1164340273604,116.9999714178886,12402.09,5.214197024810252,1.4210977871341204,0.9444324621004218,1.420054474909958,0.9433891498762597
27,2019,642.0690189765955,175.75766077115566,121.24282389189857,175.28918977460734,120.77435289535025,12402.09,5.177103367066321,1.4171616297830094,0.9775999359132095,1.4133842745424952,0.973822580672695
27,2020,646.5386698020286,179.93334133613928,117.44985177329472,177.22134527837753,114.73785571553297,12402.09,5.213142863840115,1.4508307981649808,0.9470166058567122,1.4289635479050509,0.9251493555967822
27,2021,647.7307850741882,180.7004313087526,93.4291234089786,180.66134846405544,93.3900405642814,12402.09,5.222755076557163,1.4570159651216255,0.7533336994730614,1.4567008340050382,0.7530185683564738
27,2022,641.5283763849901,181.5588577264814,92.68304503270308,179.62213289048776,90.74632019670945,12402.09,5.172744080916927,1.4639375921839093,0.7473179523185454,1.448321475577808,0.731701835712444
27,2023,599.4054138656004,183.54081527614147,103.23762520576098,182.64557242720835,102.34238235682784,12402.09,4.833100016735893,1.4799184272662227,0.8324211903458286,1.472699943535391,0.8252027066149966
28,2014,894.3448915611203,377.9159815268892,365.2825329896079,377.9159815268892,365.2825329896079,12384.63,7.221409856904247,3.051491901872638,2.9494828104643247,3.051491901872638,2.9494828104643247
28,2016,917.0177611717146,386.07206139550533,368.25429636650097,386.07206139550533,368.25429636650097,12384.63,7.404482501065552,3.1173483696768116,2.9734783870531536,3.1173483696768116,2.9734783870531536
28,2018,925.817918607622,387.762390638825,360.20678254503923,387.762390638825,360.20678254503923,12384.63,7.475539589052092,3.130996974789114,2.908498538470986,3.130996974789114,2.908498538470986
28,2019,930.8130644097099,388.9881092938467,361.6189593825925,388.9881092938467,361.6189593825925,12384.63,7.515873016874222,3.140894070261661,2.9199011951313243,3.140894070261661,2.9199011951313243
28,2020,936.180285297798,391.1518830666632,364.0547468937292,391.1518830666632,364.0547468937292,12384.63,7.55921077414342,3.1583655148895295,2.9395690213896515,3.1583655148895295,2.9395690213896515
28,2021,948.7064676654996,390.14175993202616,354.37641010575135,390.14175993202616,354.37641010575135,12384.63,7.660353742223221,3.1502092507569963,2.8614210525930237,3.1502092507569963,2.8614210525930237
28,2022,934.7795516874303,391.6641762754959,361.3244221714924,391.5089804273946,361.16922632339106,12384.63,7.5479005161028665,3.1625020390233374,2.9175229471650943,3.161248906324974,2.9162698144667307
28,2023,926.5691636370871,393.38027190775955,364.6874852957436,391.24338108058276,362.55059446856694,12384.63,7.481605535547587,3.176358695477859,2.9446780832026764,3.159104317856753,2.927423705581571
29,2014,6941.584304924378,90.38517191831914,57.402372317097715,90.38517191831914,57.402372317097715,12384.63,56.04999345902444,0.7298172970716053,0.4634968692411297,0.7298172970716053,0.4634968692411297
29,2016,7001.497344390757,95.09497103893911,60.95400175243957,95.09497103893911,60.95400175243957,12384.63,56.53376277200657,0.7678466860854068,0.492174588602482,0.7678466860854068,0.492174588602482
29,2018,7029.194023690318,90.62300292210261,60.0352877656502,90.62300292210261,60.0352877656502,12384.63,56.757400291250676,0.7317376693700386,0.4847564098858844,0.7317376693700386,0.4847564098858844
29,2019,7028.968624023956,90.06794707856477,66.43539110364574,90.06794707856477,66.43539110364574,12384.63,56.75558029609247,0.7272558572889524,0.5364342019393857,0.7272558572889524,0.5364342019393857
29,2020,7005.337578422536,91.25059370344299,66.76529914848477,91.25059370344299,66.76529914848477,12384.63,56.564770836290926,0.736805166593132,0.5390980525739144,0.736805166593132,0.5390980525739144
29,2021,6958.041936627682,90.53399813866699,57.24431700949743,90.53399813866699,57.24431700949743,12384.63,56.182881011606185,0.7310189980537731,0.4622206477666061,0.7310189980537731,0.4622206477666061
29,2022,6871.336093174297,87.38950735903518,54.74624236709249,87.09372338729068,54.450458395348,12384.63,55.482772542855926,0.7056287297968141,0.4420498825325625,0.7032404148310502,0.4396615675667986
29,2023,6822.177522813112,87.76044897000827,62.771908180755936,87.59183420177777,62.60329341252543,12384.63,55.08584045557366,0.7086239069718536,0.506853318837591,0.707262422872365,0.5054918347381023
33,2014,177.122357225633,126.96022603263273,113.05501318838478,126.96022603263273,113.05501318838478,12392.33,1.4292901918011627,1.0245064974273017,0.9122982779540634,1.0245064974273017,0.9122982779540634
33,2016,213.38974889371394,162.92313477113055,123.6259420991195,162.92313477113055,123.6259420991195,12392.33,1.721950181230761,1.3147094595699966,0.9976004681857205,1.3147094595699966,0.9976004681857205
33,2018,177.13094892838862,169.0448282030338,135.1555397000562,169.0448282030338,135.1555397000562,12392.33,1.4293595226110716,1.3641085106919666,1.0906386426124564,1.3641085106919666,1.0906386426124564
33,2019,181.95567468442755,173.45109036580655,139.6097066507563,173.45109036580655,139.6097066507563,12392.33,1.4682926833325738,1.3996648763049933,1.1265815762714217,1.3996648763049933,1.1265815762714217
33,2020,286.78944775714376,275.853067170256,236.38882631610136,275.853067170256,236.38882631610136,12392.33,2.314249602432664,2.2259983971557893,1.9075414092111924,2.2259983971557893,1.9075414092111924
33,2021,290.05071610814207,280.9236975417572,229.88062159056682,280.9236975417572,229.88062159056682,12392.33,2.3405664318828023,2.2669158870184796,1.8550234023026082,2.2669158870184796,1.8550234023026082
33,2022,295.48213607186756,286.35518271567787,266.70003753904325,267.2110799987779,247.5559348221432,12392.33,2.3843953160694364,2.3107452974192735,2.1521379558084983,2.156261816775198,1.9976544751644219
33,2023,299.10345626817457,291.99133397053856,273.6435283928746,270.48322581350055,252.13542023583665,12392.33,2.4136175865892415,2.356226262297232,2.208168507398323,2.182666422000548,2.0346086671016397
36,2014,52.29856874706857,35.92937511188765,35.33249795634687,35.92937511188765,35.33249795634687,12393.11,0.421997131850428,0.2899141144707636,0.2850979129237687,0.2899141144707636,0.2850979129237687
36,2016,91.5799546665928,44.80915937918098,44.12256779505648,44.80915937918098,44.12256779505648,12393.11,0.7389586202865366,0.3615650904347737,0.356024983196764,0.3615650904347737,0.356024983196764
36,2018,83.9107096225188,45.8273864123994,44.327270043009406,45.8273864123994,44.327270043009406,12393.11,0.6770754848663393,0.3697811639886953,0.35767672555968116,0.3697811639886953,0.35767672555968116
36,2019,58.649944993395636,58.22137142213661,56.57974787607204,58.22137142213661,56.57974787607204,12393.11,0.47324638442970035,0.46978822444194085,0.4565419646567491,0.46978822444194085,0.4565419646567491
36,2020,60.061244329049096,59.632672843865464,58.645309260875834,59.55680901701842,58.56944543402879,12393.11,0.4846341582463893,0.4811760150911713,0.473208978705715,0.48056386990044,0.47259683351498366
36,2021,64.27433033124501,60.99411678860086,60.50855940098536,60.70599924305367,60.22044185543817,12393.11,0.5186295476377197,0.4921615057770072,0.4882435433961722,0.4898366854086961,0.48591872302786115
36,2022,63.7547307907706,60.47453036940749,60.01695869414548,58.76467030516035,58.30709862989834,12393.11,0.5144368991380742,0.4879689631529736,0.48427681747475393,0.47417210292783935,0.4704799572496196
36,2023,62.37141536385801,59.6747111683304,57.9874506909274,58.799276609223725,57.112016131820724,12393.11,0.5032749274706512,0.48151522231570926,0.4679007181484502,0.47445134118250964,0.46083683701525063
38,2014,4.042849810419547,4.042849810419547,4.042849810419547,4.042849810419547,4.042849810419547,12390.17,0.03262949427182635,0.03262949427182635,0.03262949427182635,0.03262949427182635,0.03262949427182635
38,2016,4.5375767999258025,4.5375767999258025,3.8076996967555607,4.5375767999258025,3.8076996967555607,12390.17,0.0366223933967476,0.0366223933967476,0.030731617861220313,0.0366223933967476,0.030731617861220313
38,2018,5.0804360972514,5.0804360972514,5.0804360972514,5.0804360972514,5.0804360972514,12390.17,0.04100376425223706,0.04100376425223706,0.04100376425223706,0.04100376425223706,0.04100376425223706
38,2019,5.242757825096158,5.242757825096158,5.030989089382752,5.242757825096158,5.030989089382752,12390.17,0.04231384900365497,0.04231384900365497,0.04060468169026536,0.04231384900365497,0.04060468169026536
38,2020,5.229876413792731,5.229876413792731,5.018118766313851,5.229876413792731,5.018118766313851,12390.17,0.042209884237203614,0.042209884237203614,0.040500806416004384,0.042209884237203614,0.040500806416004384
38,2021,5.22989605150463,5.22989605150463,5.22989605150463,5.22989605150463,5.22989605150463,12390.17,0.042210042731493036,0.042210042731493036,0.042210042731493036,0.042210042731493036,0.042210042731493036
38,2022,5.229875133352468,5.2298751333524685,5.2298751333524685,5.2298751333524685,5.2298751333524685,12390.17,0.04220987390288,0.04220987390288001,0.04220987390288001,0.04220987390288001,0.04220987390288001
38,2023,5.229875133961116,5.229875133961116,5.061169482552598,5.229875133961116,5.061169482552598,12390.17,0.04220987390779235,0.04220987390779235,0.04084826505651334,0.04220987390779235,0.04084826505651334
