footprint,area_km2,irr_frac_pct,irr_crop_frac_pct,n_months,cu_mm_yr,cu_ds_std_mm,dsdt_ds_std_mm,tws_noise_floor_mm,dsdt_noise_mm,snr_vs_noisefloor,snr_vs_dsdt_std,snr_vs_residual,r_raw,r_deseason,r_dsdt_P,r_P_CU,induced_via_P,partial_r,partial_p,n_eff_resid,b_P,se_P,b_CU,se_CU,p_CU,months_for_2sigma,mascon_id,lat,lon,cu_mm_month,_icf,cu_over_irrigated_mm_yr
mascon 1850,12373.54,52.07559529627272,42.68241882461931,187,318.4814290567542,7.621497740037139,14.543653088923463,16.645637231125427,11.770242963300054,0.6475225501972374,0.5240428724088392,0.5917090697450437,0.7810382000317201,0.3447599930943629,0.4596363102053838,-0.7316485976038622,0.3362922617695829,0.0139868476320722,0.8837415977031746,112.44493014959636,0.3520422236273779,0.0976893121294325,-0.0347725561036396,0.2363285769267787,0.8832949973307764,9.540040016287117,1850,36.0,-119.3814433,26.540119088062852,42.68241882461931,611.5752057078247
mascon 1837,12393.11,37.1233931269771,32.70726923241854,187,184.18624058603524,5.752663358582588,19.474010542743876,23.24057726467431,16.43356978254111,0.3500556138870186,0.2954020871024979,0.3807189007528073,0.8910242317156125,0.4480805657186287,0.6178841618518024,-0.5744138381145352,0.3549212129194765,0.1447444876099669,0.0888703220165199,139.78609780668725,0.2146889809161887,0.0323377987520034,-0.4706591506961122,0.274338396607544,0.0884966447031714,32.64268676207175,1837,39.0,-121.9354839,15.348853382169603,32.70726923241854,496.14602834402393
mascon 1840,12390.17,35.65332465515829,32.67061059037666,187,208.11095522983288,5.9689250929192506,17.2339763471324,21.641794377802373,15.303059561588956,0.3900478246782359,0.3463463667752122,0.4155799727830121,0.8700974182785723,0.3868424846945429,0.5467438956573126,-0.6329712116423671,0.3460731460922771,0.0628945914682835,0.5000984397769722,115.48659246902189,0.2508373807801228,0.050426442526232,-0.1964013059919652,0.2923590215500381,0.5031003440382473,26.29203919381628,1840,38.0,-121.4840989,17.342579602486072,32.67061059037666,583.7070097745388
mascon 1845,12383.61,32.38308534818446,28.460619712972694,187,185.86007619017096,6.636065836136534,14.27228558027642,17.55277063784078,12.411683146629336,0.534662846105502,0.4649616768674558,0.5596568126089339,0.818212571163567,0.2750908489317402,0.5506493716057439,-0.5786367320827007,0.3186259529093403,-0.0639470724504495,0.498964819024482,118.09926783134954,0.2287372770725833,0.0368259531523637,0.1407613909583985,0.2037799197638539,0.4911120806820667,13.992650269217863,1845,37.0,-119.7909408,15.488339682514246,28.460619712972694,573.941840907976
mascon 1844,12383.61,28.92147482456124,25.593044924476803,187,145.80075656988396,3.53404900352155,15.953439414314548,20.31074688026929,14.36186685000193,0.2460717008750903,0.2215227018915152,0.2559845759662935,0.8492588855628035,0.4289896826119788,0.475735925732102,-0.6794380620448551,0.3232330954245345,0.1638664631340743,0.0794295313137323,111.32509777476584,0.201474486830532,0.0665122503809887,-0.8867745918862701,0.5100678010713905,0.0849565095269568,66.05970789980537,1844,37.0,-121.0452962,12.15006304749033,25.593044924476803,504.1262848949332
mascon 1849,12373.54,16.04092616297647,11.918547523554754,187,83.76784833294563,2.547388060306863,16.28355748511068,19.67556757820076,13.91272725823993,0.1830976783360826,0.1564392831625483,0.1681266629877831,0.7131028708436241,0.2496758732347022,0.3540258402660227,-0.5525003778218834,0.1955994105056873,0.0693705332231276,0.4632363569914483,112.59604267834416,0.1680520563110111,0.0574600086295763,-0.4975515354831519,0.679776070666038,0.4657708480403392,119.31479964132772,1849,36.0,-120.6185567,6.980654027745469,11.918547523554754,522.2132904413427
mascon 1855,12402.09,15.913149810844764,12.962519348253986,187,72.42143369656044,2.0066728720682177,15.66700457504041,16.947904774089487,11.983978392662538,0.167446302581524,0.128082739904545,0.1430908184122097,0.6152890905370508,0.2899206273247857,0.4398702099298203,-0.7091692147640897,0.311942411374046,-0.0347803358998108,0.6939793953156472,132.08652506571332,0.2286542476592364,0.0541758698606489,0.3458887625118514,0.8718112702027486,0.6922089647349916,142.66218352847807,1855,35.0,-119.3877551,6.03511947471337,12.962519348253986,455.1043291706174
mascon 1834,12392.33,14.1348842937091,12.471678314332276,187,86.61979750700065,3.499312816069396,20.26108185292256,23.29222594749549,16.470090916403315,0.2124646933541981,0.1727110546944776,0.2156462245010024,0.8554072706163997,0.2967376324776816,0.5959043690945075,-0.4936783942534266,0.2941851120631777,0.0036549541676058,0.9646433555979532,150.45971600934627,0.18796338933942,0.0240057529802568,-0.0195418434051869,0.4394226770115047,0.9645886296572654,88.61075759635338,1834,40.0,-122.39999999999998,7.218316458916721,12.471678314332276,612.8086775040093
mascon 1841,12390.17,5.80280354240243,5.409569086985286,187,26.28943738881496,1.5081066624580266,14.958100174384006,18.55264495736421,13.11870105829864,0.1149585355864197,0.1008220726480147,0.1278083284210392,0.7697674349040408,0.174790661944264,0.6093934861230071,-0.370367911204737,0.225699792557151,-0.0691246273770682,0.4594104434732152,120.10334754188948,0.1385083923800568,0.0171874101622312,0.5852157762825291,0.7769221349703669,0.4528120556168078,302.6756931371056,1841,38.0,-120.21201410000003,2.190786449067913,5.409569086985286,453.04717274524205
mascon 1827,12379.21,5.674838456197313,4.880013777577949,187,17.746833129875657,0.5912132502017854,13.968826536460243,16.717768083025003,11.821247177811008,0.0500127644155447,0.0423237591689359,0.0498329688985219,0.8797008710614418,0.3029341623425274,0.5206761833141768,-0.4794750582774596,0.2496512433382501,0.0711181639964238,0.3845035126554076,153.36854257927038,0.2312958320824963,0.0374794036554791,-1.6347621811144608,1.8664515447053212,0.3824996641069616,1599.1833901248715,1827,42.0,-122.02247190000004,1.4789027608229715,4.880013777577949,312.72842860389966
mascon 1854,12402.09,4.359613090077301,3.8502593136664247,187,12.146018231371674,0.4508658425107029,18.17039747883499,20.053354341147703,14.179862840162231,0.0317962061828762,0.0248132074730822,0.0260945533326701,0.4542379523002633,0.1400862894979873,0.2978418360687833,-0.5973660717955427,0.177920607628781,-0.0494197039800147,0.5876375319947428,126.56799788681928,0.1446143688361331,0.0462678964756096,2.370763217364439,4.293455722730789,0.5818219377438998,3956.483713288842,1854,35.0,-120.6122449,1.0121681859476395,3.8502593136664247,278.60312326836123
mascon 1832,12387.74,3.309174311686716,3.002325447572176,187,4.7971191554451895,0.2046752287201207,14.335195869925208,16.544756107653424,11.698909236799285,0.0174952403320053,0.0142778117981298,0.017118096474731,0.8535270612753861,0.2194260062323537,0.5467685132770483,-0.4664173993639814,0.2550223480167914,-0.0480621326543393,0.5706577899167742,142.04773032065904,0.3711177593922712,0.0522526987529714,3.18628376437335,5.601108320806331,0.5703643258496252,13068.332199942222,1832,41.0,-120.2214022,0.39975992962043244,3.002325447572176,144.96423287536203
mascon 1859,12384.63,3.14545248636512,2.9209373878123484,187,16.145182673252947,0.6439990197098399,16.173383370227345,16.577845548570853,11.72230700485767,0.0549379076527316,0.0398184476907497,0.0445436227123489,0.4433536662825909,0.1299592630642041,0.4283936230017462,-0.5298570129279874,0.2269873654411036,-0.1266148520457508,0.1396836265013917,140.4471934611647,0.1640778565840446,0.0295099950225977,3.387914242531616,2.257843069900843,0.1357761974630066,1325.304770772883,1859,34.0,-118.99328860000004,1.3454318894377455,2.9209373878123484,513.2864903615281
mascon 1836,12393.11,3.0189395531319145,2.825221314288393,187,9.213584074398714,0.5084085378386045,24.6484053295981,26.899256001691157,19.02064632766875,0.0267292987357132,0.0206264271882977,0.0254004355527229,0.7381393413463548,0.1779735459235588,0.5798855275692332,-0.3514788220230387,0.2038174821382424,-0.0338840508642289,0.68984083378248,144.17081690460486,0.1586461081021208,0.019626710235799,1.4295562379922913,3.540215309364135,0.6869672268612956,5598.66989452064,1836,39.0,-123.22580649999998,0.7677986728665595,2.825221314288393,305.19273116417116
mascon 1839,12390.17,2.9925390979783617,2.849084367106209,187,8.510509151107689,0.5672543154277001,21.742204682259008,25.74925818491837,18.207475073079,0.0311550235906363,0.0260900089810378,0.0307868328825563,0.6984975184284695,0.1760650017250501,0.5270103163979541,-0.3058820505242456,0.1612029962272377,0.0183680047921408,0.8376513924860205,127.02001240385812,0.1688177553777833,0.0258185879565462,-0.6284430987437047,3.059894968116041,0.837611492680115,4121.011461955299,1839,38.0,-122.7561837,0.7092090959256407,2.849084367106209,284.39090927356784
mascon 1831,12387.74,2.7871795175619787,2.46745384073497,187,11.718991404309646,0.5452282914878988,15.875783348073524,19.0413715197666,13.464282924719358,0.0404944173066136,0.0343433945610035,0.041460012670402,0.8256403068797213,0.1957075951627533,0.5542522067677516,-0.4410791226641706,0.2444690770958003,-0.0652758400377697,0.4360756402733195,147.31462387159883,0.1507407752281044,0.0199451046483604,1.7627694612677784,2.238230361021033,0.4322382092772294,2439.3250920918226,1831,41.0,-121.54981550000002,0.9765826170258038,2.46745384073497,420.46058857954597
mascon 1828,12379.21,2.1660340584234805,2.000289071603491,187,19.2562366431662,0.7385698462401941,12.882335947247418,15.033701761476276,10.63043246187602,0.0694769332187501,0.0573319815027805,0.0695244320965329,0.8654679503230823,0.2769928954183011,0.5576941454499317,-0.6010567822876756,0.3352058485648108,-0.0877522545827043,0.2716804884485895,158.47609031637748,0.3517816477600265,0.0475861731412634,1.5896622412348735,1.4451002901560583,0.2730167778346724,828.6644566037888,1828,42.0,-120.6741573,1.6046863869305168,2.000289071603491,889.0089501723531
mascon 1843,12383.61,2.0510887424293567,1.9273241424875087,187,4.007825675515939,0.1598032680869404,19.31856079955946,24.37345209119487,17.234633254609328,0.0092722175010136,0.0082720068924898,0.0092558679718483,0.7273114366974588,0.2911202183933431,0.4352546840439268,-0.4954123622406686,0.2156305511985176,0.0965268022641482,0.307684646335721,110.85889940868395,0.1343908205393872,0.034416374462064,-12.094253026835824,11.940568492168422,0.3133886504307991,46525.6844057462,1843,37.0,-122.2996516,0.3339854729596616,1.9273241424875087,195.3999157915019
mascon 1835,12392.33,1.925413753369518,1.7109928964939682,187,10.661779808971632,0.4850020021537147,17.20835603501081,20.88972853588689,14.77126870487175,0.0328341466020285,0.0281840985371854,0.0356615955092548,0.8272807526732128,0.2876273756341043,0.6087689636016494,-0.4158765281796758,0.2531727230461933,0.0477550567480058,0.5800364653491126,136.9579419984921,0.1104333965559002,0.0140154827368022,-1.4781335909531592,2.6632799673773837,0.5798168326411263,3710.2957205498224,1835,40.0,-121.09090909999998,0.888481650747636,1.7109928964939682,553.7396723334542
mascon 1875,12392.33,1.8443321956452816,1.57280694869278,187,4.725696211628183,0.1988593131848966,15.265546904588332,17.691069665594572,12.509475326985548,0.0158966949441848,0.0130266746699475,0.0160891743522469,0.8586030485523121,0.2435590097805861,0.5838784210004128,-0.4099914260399493,0.2393851464599131,0.0056367631436217,0.9486058305596023,134.3258915011415,0.365244453628518,0.048601839382301,-0.3851499639945877,5.9432664600918566,0.9484282609862686,15828.738735823765,1875,40.0,-119.78181819999998,0.3938080176356819,1.57280694869278,256.228038679051
mascon 1848,12373.54,1.7866243797547388,1.72245403793553,187,7.292085207387446,0.3144265991439707,19.0155915067625,23.833706103860617,16.852975206847052,0.0186570380176092,0.0165351994983774,0.0175709655894014,0.5610619810465419,0.165037442876355,0.3307923252436965,-0.4576568888503572,0.1513893864266056,0.016265615094349,0.857641975523512,124.49911068330448,0.1029867889046477,0.0305821006525562,-1.0440755688800831,5.79872817979885,0.8574113020565711,11491.443823455173,1848,36.0,-121.8556701,0.6076737672822872,1.72245403793553,408.14875751267186
mascon 1856,12402.09,1.431987647902751,0.8893085282683602,187,4.807140508959333,0.1267654784035069,14.144688552020217,15.103498964262348,10.679786537273904,0.0118696640575238,0.0089620551161164,0.0102812106825285,0.7084449692472695,0.3029569788361127,0.4858425222176923,-0.6313697898897336,0.3067462911720826,-0.0055905465018018,0.94683386476826,145.63273615056974,0.3114984024063241,0.0598765754920511,0.7030876245805313,10.505840180265755,0.9467363203479282,28391.159948065004,1856,35.0,-118.16326530000003,0.40059504241327776,0.8893085282683602,335.697065264476
mascon 1842,12390.17,0.9065397464121212,0.896806644432995,187,8.759522418656088,0.3053358917657582,13.669235111944614,16.09805216636633,11.383041850732424,0.0268237520137125,0.0223374526273928,0.0282999786979088,0.878889162249819,0.4446391068297519,0.5987250994215464,-0.5742337492213416,0.3438081585937551,0.1537679168457018,0.0977855938722315,122.2795174557726,0.1917889411870082,0.0329907755073136,-6.734723264685307,3.9454180778484025,0.0904289479028242,5559.310622081072,1842,38.0,-118.93992930000002,0.729960201554674,0.896806644432995,966.2590585050785
mascon 1830,12387.74,0.8356161222150537,0.7860854879222012,187,6.3654004261191135,0.3440315782519624,18.514476699315924,21.13769157909739,14.946605054209543,0.0230173726410914,0.0185817608479678,0.0217401932619511,0.7941712871955998,0.233206478813483,0.5102267564477758,-0.3233773864686728,0.1649957950064698,0.0838144088913742,0.3056702084345197,153.36144186122326,0.0962059704645973,0.0146068360944852,-4.0995418045874885,3.96770726009038,0.3031567151279964,7550.02680843428,1830,41.0,-122.8782288,0.5304500355099261,0.7860854879222012,761.7613228004375
mascon 1860,12384.63,0.7293096021563883,0.4942624718675962,187,5.417768372720424,0.2239087503854217,14.177794730382413,14.760837648505168,10.437488397251697,0.0214523592135804,0.0157929180555559,0.0178202439089134,0.5636684255864624,0.1807440488568836,0.4564125775596178,-0.4829404452985997,0.2204200934465235,-0.0509236260762683,0.5290656748920909,155.93648966385788,0.1606152136181718,0.0273336518976216,3.276436155349284,5.187481527242214,0.5285883424331357,8691.802917755493,1860,34.0,-117.78523489999998,0.451480697726702,0.4942624718675962,742.8626137241881
mascon 1826,12379.21,0.7265657767000934,0.6954911144166092,187,1.2047010569087957,0.0763553767135979,15.97014214374822,18.36419317274166,12.985445523465328,0.0058800737006381,0.0047811331938262,0.0053867780003226,0.7534228404857154,0.061069542713958,0.454042170401372,-0.2263469654746099,0.1027710674678563,-0.048051183316113,0.5563971033180278,152.65964533847094,0.0875292682168375,0.0140630627201535,9.1930897055884,15.592121974681842,0.5563489876427802,115689.63536339416,1826,42.0,-123.3707865,0.10039175474239964,0.6954911144166092,165.80756973997464
mascon 1838,12393.11,0.7013887449878201,0.6364200397519203,187,4.7023797707248125,0.2460384643602216,16.383829852208663,20.60116317752645,14.567222183159553,0.0168898683130305,0.0150171520688158,0.0195635412952424,0.7982534653351318,0.3200877042841276,0.6288763545903293,-0.3446281551881999,0.2167284979239454,0.1416122435903249,0.1145660422959094,129.43090373356077,0.1079015052780668,0.0133219110838762,-7.810369974693207,4.837987806335572,0.1089371857513033,14021.91933478286,1838,39.0,-120.64516130000004,0.3918649808937344,0.6364200397519203,670.4384414960167
mascon 1882,12393.11,0.4457369254692707,0.4371537177458441,187,0.6776476858452757,0.0263750818800538,14.690804978416368,17.41189242833685,12.312067209367688,0.0021422139297604,0.0017953462671925,0.0023005207157273,0.869042722171047,0.3178564509672857,0.6221687994030405,-0.4764457907802625,0.2964297056303882,0.031129324451445,0.7294400102598986,126.71083697291591,0.3443176840608047,0.0450682629909832,-15.43934327379218,44.39699888390624,0.7286140787343124,871634.3027362674,1882,39.0,-119.35483869999996,0.05647064048710631,0.4371537177458441,152.02861758241139
mascon 1846,12383.61,0.4453980708959865,0.4225150987253085,187,4.2531240786889954,0.137171135963457,13.319235164090076,15.335997580079384,10.844187885134614,0.0126492769598259,0.0102987246845286,0.0123735890253703,0.8415897191649265,0.4043658676840262,0.5464047649606525,-0.64103203504329,0.3502629584400776,0.0841663340189483,0.3723309243056924,114.6155475924614,0.1454294074455804,0.0305426375956865,-8.917937377793463,9.94196872738621,0.3716500607601191,24999.342578791107,1846,37.0,-118.53658540000004,0.35442700655741627,0.4225150987253085,954.9040188102263
mascon 1833,12392.33,0.4406636792488055,0.3996201612765032,187,0.7265412603262243,0.070674077171782,25.321180564394066,26.53610177822702,18.76385751364073,0.0037665004181791,0.0027911051379319,0.0032420101599035,0.6275713843075487,0.0825576328698068,0.5045461142504479,-0.1954748586266217,0.0986260803537176,-0.0189770854384711,0.8202964640482471,147.07199690881149,0.104854105413968,0.0151083001292196,5.985737317897359,26.21542018604193,0.8197143360414463,281957.69486723293,1833,40.0,-123.70909089999998,0.06054510502718536,0.3996201612765032,164.8743235577643
mascon 1851,12373.54,0.2360296342966444,0.2126821210499787,187,1.1749843169455996,0.0873491232678593,13.41115538475999,14.77802711853489,10.449643188074717,0.0083590531940404,0.0065131691313576,0.0074335204650408,0.6255627833076645,0.0937599778119319,0.4761761619499556,-0.2730728789170725,0.1300307954153565,-0.0428769172506336,0.6478531988577946,117.2632710432271,0.2214424505389102,0.0386688235521626,6.017565843293086,13.05354918616751,0.6456814778237596,57246.08794946184,1851,36.0,-118.1443299,0.09791535974546663,0.2126821210499787,497.8122007632599
mascon 1847,12383.61,0.0673465938294172,0.0666248456426277,187,0.1181704966148573,0.0023062818074346,12.546166848471149,13.888800157334876,9.82086477379628,0.0002348349010555,0.0001838236200179,0.0002190379595925,0.8628320793063284,0.3010703079868695,0.5384106562712729,-0.6243476249366248,0.3361554144835387,-0.0532998778718683,0.5478462262774999,130.98471005627746,0.6453103039004628,0.1066197503218114,312.792526495294,516.1952189760897,0.5456159471855331,72532844.14751673,1847,37.0,-117.28223000000004,0.009847541384571442,0.0666248456426277,175.46618157730802
mascon 1889,12390.17,0.0412542402045726,0.039729864558659,187,1.304040308229855,0.0432453626144801,12.819929882908506,14.249273505535673,10.075757922746082,0.0042920208034031,0.0033732916645772,0.004079198686907,0.8279743084628133,0.2052218483888623,0.5533741183790449,-0.495034228735726,0.2739391298940828,-0.0949509810270711,0.3104562357853763,118.80363373870324,0.6878508648535704,0.1014523307809402,26.983544703770157,26.16555573899466,0.3045669511464662,217138.26066085463,1889,38.0,-117.6678445,0.10867002568582125,0.039729864558659,3160.9849115226607
