,tws,reservoir,soil_moisture,groundwater,tws_minus_reservoir_only
2002-10-01,-29.35229779530163,-11.587529180827728,12.687103817085815,-30.451872431559718,-17.764768614473905
2002-11-01,-5.115244031355245,-4.335999464912483,40.86187727749792,-41.64112184394069,-0.7792445664427634
2002-12-01,8.358864328708666,-3.5963686564267006,33.72871523983066,-21.77348225469528,11.955232985135368
2003-01-01,-33.4631791639137,-1.8333810725719946,22.461973436200797,-54.091771527542505,-31.62979809134171
2003-02-01,-8.548115979924571,-3.345294504311196,15.89485690798796,-21.097678383601338,-5.202821475613376
2003-03-01,-2.23792579495423,-4.353681108298313,19.944056634905106,-17.828301321561028,2.1157553133440845
2003-04-01,-20.570625043530224,-3.088807023298319,6.590092637388965,-24.071910657620865,-17.481818020231906
2003-05-01,-41.78354799146915,-4.410784364200868,0.8045384885429172,-38.177302115811194,-37.37276362726828
2003-07-01,-14.409398048566015,-3.421657813722977,18.169853681513647,-29.15759391635668,-10.987740234843034
2003-08-01,-36.91621715076953,-5.3804233800271986,12.698049383212636,-44.233843153954965,-31.535793770742334
2003-09-01,-2.2352920878111995,-4.111416995058108,53.05852039183114,-51.18239548458421,1.8761249072469068
2003-10-01,50.27958795696219,7.303841226806032,83.05590453806501,-40.08015780790885,42.97574673015617
2003-11-01,87.91929399974013,11.764428805094008,62.66702378178303,13.487841412863077,76.15486519464612
2003-12-01,58.628993868302786,13.130299271181041,38.78463903471347,6.714055562408272,45.49869459712173
2004-01-01,38.71390930130985,14.716462035837438,29.03927918611964,-5.04183192064724,23.997447265472406
2004-02-01,17.796976064211115,13.110722068733935,30.61727118176406,-25.931017186286887,4.686253995477176
2004-03-01,39.12624033457787,12.791651009088385,25.32685564546312,1.0077336800263748,26.334589325489492
2004-04-01,56.712655239600515,18.562531982658,45.939290306883585,-7.789167049941077,38.15012325694252
2004-05-01,64.14899951083801,17.57793573359179,34.811896002590004,11.759167774656218,46.571063777246216
2004-06-01,50.72380048780297,15.998002738794519,33.88178664318556,0.8440111058228783,34.72579774900844
2004-07-01,15.855951702827943,12.817952869752308,16.685838302622713,-13.647839469547076,3.03799883307564
2004-08-01,17.339442904130507,10.702272357138888,33.20282620532196,-26.565655658330336,6.637170546991627
2004-09-01,14.63773833087679,13.876114802540618,42.441771362286616,-41.680147833950436,0.7616235283361721
2004-10-01,22.464235438661625,12.368832843521094,22.976208183645408,-12.880805588504879,10.09540259514053
2004-11-01,21.924549195926677,12.651181422603912,14.701520304032655,-5.428152530709892,9.273367773322763
2004-12-01,32.84482376291521,12.877639285604586,12.036700371896675,7.930484105413958,19.967184477310635
2005-01-01,18.328599933811077,13.014852467031085,3.1909984272416105,2.122749039538383,5.3137474667799935
2005-02-01,44.357241567891464,12.454762141198582,19.355970030256117,12.54650939643677,31.902479426692885
2005-03-01,37.341489365831755,13.216775749137147,19.546195226422448,4.578518390272166,24.12471361669461
2005-04-01,31.759835644311494,10.244984173616924,4.68885392182812,16.825997548866454,21.51485147069457
2005-05-01,-3.402195037529209,8.51968511496896,-1.6436938742544638,-10.278186278243703,-11.921880152498167
2005-06-01,-4.368693045120792,9.826122701075677,-6.746177507310694,-7.448638238885779,-14.194815746196472
2005-07-01,-12.26889907333115,5.651656932786409,-4.947274166464741,-12.97328183965282,-17.920556006117558
2005-08-01,23.899345809228727,14.275652663495922,16.804958252914364,-7.181265107181562,9.623693145732801
2005-09-01,-7.180839306756963,11.809512140385861,-10.473332151977234,-8.517019295165591,-18.99035144714283
2005-10-01,-19.42489525792453,12.13386291385944,-6.343882013782374,-25.214876158001598,-31.558758171783968
2005-11-01,-34.87420781385993,14.716735850615498,-7.547286735321135,-42.043656929154295,-49.590943664475425
2005-12-01,-37.84324492052864,14.710898125307686,-8.253588525846745,-44.3005545199896,-52.55414304583633
2006-01-01,-31.490192848831263,14.65686551423971,-20.524707912694087,-25.622350450376885,-46.14705836307097
2006-02-01,-35.44425649254702,13.101696856571904,-21.66755582902655,-26.87839752009239,-48.545953349118925
2006-03-01,-55.58478092937008,8.626026974414447,-25.069746269063778,-39.14106163472074,-64.21080790378453
2006-04-01,-39.80278375592496,4.373828596474435,-22.591190886855014,-21.585421465544385,-44.1766123523994
2006-05-01,-52.512693724906185,2.9418755802447705,-19.035374980080128,-36.41919432507082,-55.454569305150955
2006-06-01,-30.365058065806448,4.626716152961251,-26.982802597438027,-8.008971621329673,-34.9917742187677
2006-07-01,-24.80684593528931,0.7421235391796087,-28.402857573792954,2.853888099324031,-25.54896947446891
2006-08-01,-13.47366937111557,-1.931361921516,-23.971133130211047,12.428825680611475,-11.542307449599573
2006-09-01,-20.54405017451009,-3.5025462912913548,-14.354275825064223,-2.6872280581545103,-17.041503883218734
2006-10-01,-15.756256399420876,-2.5397978593528108,11.388530019088691,-24.60498855915676,-13.216458540068066
2006-11-01,-10.234923784186078,-2.5527182308991176,4.854396178970363,-12.536601732257322,-7.68220555328696
2006-12-01,-7.109109834018533,-2.803677263406645,15.986894561741327,-20.292327132353222,-4.305432570611887
2007-01-01,17.047275710537196,-0.9521728842258018,23.135714560462773,-5.136265965699779,17.999448594763
2007-02-01,8.622052653748904,-0.9178357569548855,34.93842739258663,-25.398538981882844,9.539888410703787
2007-03-01,-2.8859188270049234,-1.7581007904311412,15.394482660570683,-16.522300697144463,-1.1278180365737833
2007-04-01,2.4119861561743687,-1.384596842121378,24.627928389313453,-20.831345391017706,3.7965829982957464
2007-05-01,-19.817324397378936,-1.8107846650056756,20.670111306503856,-38.67665103887711,-18.00653973237326
2007-06-01,8.102152917614323,1.7238679902416307,20.818462792251864,-14.440177864879168,6.378284927372693
2007-07-01,10.746326828362683,2.058712513867443,39.75751075612506,-31.069896441629812,8.68761431449524
2007-08-01,19.17210394335743,5.493191415996477,43.440140108139445,-29.76122758077848,13.678912527360952
2007-09-01,36.108643732343026,8.800089031601644,42.7891314118317,-15.480576711090325,27.308554700741375
2007-10-01,11.204712201185114,8.776637677512122,3.595521395012957,-1.167446871339967,2.4280745236729895
2007-11-01,11.703488857633738,8.244121579350347,-0.7444542008585764,4.203821479141967,3.459367278283391
2007-12-01,-21.146513878818812,7.640411784503941,-4.367625378310994,-24.419300285011758,-28.78692566332275
2008-01-01,-6.458677034137941,5.942362561791602,-9.931818771839438,-2.4692208240901086,-12.401039595929543
2008-02-01,-6.427774858533446,4.127902043685875,-12.737031159609087,2.1813542573897675,-10.555676902219322
2008-03-01,-16.424089410379366,2.480715578395696,-21.46701194402148,2.562206955246421,-18.904804988775062
2008-04-01,-3.9495169957528313,2.003103768822851,-16.44978859275028,10.497167828174598,-5.952620764575682
2008-05-01,-7.455391169033872,1.8308222572529915,-9.47022420829067,0.18401078200380488,-9.286213426286862
2008-06-01,-18.682883206772818,2.300428744201681,-21.997886747445573,1.0145747964710765,-20.9833119509745
2008-07-01,21.13901875613648,-0.6008259118476678,9.251286559353092,12.488558108631054,21.73984466798414
2008-08-01,37.4480882681236,-1.6312387824467136,30.545986802846436,8.533340247723865,39.079327050570306
2008-09-01,95.6182129362405,4.475222779129142,68.9142940599753,22.228696097136055,91.14299015711137
2008-10-01,91.54531804365212,18.346210915729106,33.804713893962735,39.39439323396027,73.19910712792301
2008-11-01,41.98918171179848,21.211616458845256,22.479102031875723,-1.7015367789225033,20.77756525295322
2008-12-01,46.20077031578728,22.32970809701652,10.716731234097724,13.154330984673033,23.87106221877076
2009-01-01,35.666677211640916,23.493097657169393,-0.2416894681469296,12.415269022618446,12.173579554471514
2009-02-01,28.222353439334658,22.2248369505993,-5.310521714535511,11.30803820327086,5.997516488735349
2009-03-01,10.979893645624614,20.922659634508715,-10.908117137593763,0.9653511487096597,-9.942765988884101
2009-04-01,17.143733615313465,19.265901450888716,-13.707983988738295,11.58581615316304,-2.1221678355752513
2009-05-01,13.04283245598255,15.893889754248695,-13.665684914986244,10.814627616720102,-2.8510572982661437
2009-06-01,26.71996595498224,16.704824774090746,-16.887329854384948,26.902471035276445,10.015141180891495
2009-07-01,-1.532537675733876,12.692645531863954,-38.50957658267321,24.28439337507538,-14.22518320759783
2009-08-01,-22.304642551840395,9.206671190303384,-40.39207172629108,8.88075798414729,-31.51131374214377
2009-09-01,2.5508731042208708,7.010652434877506,-21.041216676511397,16.581437345854763,-4.459779330656636
2009-10-01,22.067073271088752,5.7713052731991805,-23.17952335832686,39.475291356216445,16.29576799788957
2009-11-01,5.5493016508560675,5.663694588527071,-24.26294854115713,24.14855560348612,-0.11439293767100508
2009-12-01,31.523866277628215,5.786181078483202,-2.2358540012264894,27.9735392003715,25.737685199145012
2010-01-01,30.26144383194315,7.863179249287538,13.062407365764365,9.33585721689125,22.398264582655617
2010-02-01,45.982507167118705,7.933756449221118,33.66802363742623,4.380727080471365,38.04875071789759
2010-03-01,7.558798393719159,8.048894015342002,18.8518737572151,-19.341969378837945,-0.490095621622843
2010-04-01,18.065570996307628,10.740905976968806,27.686065931415065,-20.36140091207624,7.324665019338824
2010-05-01,22.44030970272509,13.208943947642462,29.803549916303986,-20.572184161221347,9.231365755082633
2010-06-01,33.33118486051903,13.991086644501465,21.875367500996433,-2.535269284978875,19.34009821601756
2010-07-01,107.90976425319509,30.139317075394004,97.05915022421183,-19.288703046410745,77.77044717780107
2010-08-01,84.39108016004631,22.195598463749114,49.36110246467733,12.834379231619872,62.195481696297215
2010-09-01,71.85224550661108,21.765258924309837,40.38840983322882,9.69857674907242,50.08698658230124
2010-10-01,48.69946854524426,24.44993049970048,26.312257801034026,-2.0627197554902508,24.24953804554378
2010-11-01,29.640705205158262,21.457525007935562,8.923334436995349,-0.7401542397726455,8.183180197222704
2010-12-01,18.816926680005714,22.20269456220916,-0.3777634442012656,-3.0080044380021835,-3.3857678822034507
2011-02-01,-21.839120886371788,20.149620275945974,-1.3571092375202531,-40.6316319247975,-41.988741162317766
2011-03-01,15.358564818096845,19.908450608833828,-11.7568036733539,7.206917882616915,-4.549885790736983
2011-04-01,1.6822919638090212,19.57847919736692,-14.609704865163092,-3.2864823683948083,-17.8961872335579
2011-05-01,1.2204210422382922,15.263344328620294,-24.316882406026068,10.273959119644063,-14.042923286382003
2011-07-01,-13.441955184971418,12.347301467383517,-18.83248808231146,-6.956768570043484,-25.789256652354936
2011-08-01,-23.515508568792438,8.66928090583455,-26.205903737010644,-5.978885737616343,-32.184789474626974
2011-09-01,-34.105957803823934,5.004812509281205,-50.90538664467709,11.794616331571968,-39.11077031310513
2011-10-01,-43.48742663121106,1.698073814476961,-57.15695472251079,11.971454276822787,-45.185500445688
2011-11-01,-32.039373795926934,0.35408442174341814,-50.139685419691865,17.746227202021526,-32.39345821767036
2011-12-01,-42.13488102633745,-0.4038501056240271,-42.15274611602137,0.42171519530794427,-41.73103092071342
2012-01-01,-57.41371730079785,-1.338479718131893,-44.01453228328371,-12.060705299382246,-56.07523758266596
2012-02-01,-24.79661646647654,-0.9000354905870955,-14.175923468981408,-9.720657506908038,-23.896580975889446
2012-03-01,-27.012654031734954,-0.04179306861356466,-15.861580200564052,-11.109280762557333,-26.970860963121392
2012-04-01,-23.4570795222137,0.8425516681571956,-8.928625806226112,-15.37100538414479,-24.2996311903709
2012-06-01,-32.07860234380919,-0.7958353033666998,-14.586278752240224,-16.696488288202268,-31.28276704044249
2012-07-01,-33.4262155530457,-4.924811895226147,-32.98757241969649,4.486168761876934,-28.501403657819555
2012-08-01,-25.408123027727985,-7.649464257759503,-34.563772467721286,16.805113697752805,-17.758658769968484
2012-09-01,-23.713162535170063,-10.151770520437475,-56.119670858369524,42.55827884363692,-13.561392014732593
2012-11-01,-56.51433179266092,-12.303562544745157,-48.57087258467339,4.360103336757633,-44.210769247915756
2012-12-01,-57.70326200595133,-17.0340016605223,-45.77378873829892,5.1045283928698915,-40.66926034542903
2013-01-01,-63.211653148026535,-16.237446054050693,-38.30284167563754,-8.671365418338311,-46.97420709397584
2013-02-01,-45.17347006856339,-15.855696551918605,-39.73944927841239,10.4216757617676,-29.317773516644788
2013-04-01,-57.444836078167164,-18.846709350800882,-38.24963365555262,-0.3484930718136799,-38.598126727366285
2013-05-01,-27.433761494336906,-17.482020165863133,-34.619259248673266,24.66751792019949,-9.951741328473771
2013-06-01,-3.1919965958357386,-14.214859043963793,-25.976988729773744,36.999851177901796,11.022862448128055
2013-07-01,-20.54024003698483,-16.921598591918737,-38.97707168335089,35.358430238284804,-3.618641445066096
2013-10-01,25.793551588713843,-4.392186412304567,22.077771229188173,8.107966771830244,30.18573800101841
2013-11-01,39.792625059974135,-4.278443721717812,24.33343481494275,19.737633966749193,44.071068781691935
2013-12-01,36.55364680496107,-2.9829478422028126,31.502293465182756,8.034301181981126,39.53659464716389
2014-01-01,36.297124902958515,0.7002539088638946,45.679896904006085,-10.083025909911463,35.59687099409462
2014-03-01,59.48780940934975,1.0658073857829156,18.594627790396782,39.82737423317005,58.42200202356684
2014-04-01,28.970307603474414,3.2163284833153587,14.237564847162547,11.516414272996505,25.75397912015905
2014-05-01,31.229679431605742,2.66108503917754,10.73663499129069,17.831959401137507,28.56859439242821
2014-06-01,15.411119105909487,3.291982262490337,5.691741552762332,6.427395290656818,12.119136843419149
2014-08-01,1.6836307455788802,-1.4785671893910721,-9.5740939618993,12.736291896869252,3.1621979349699525
2014-09-01,7.256975856517778,-2.4673785874056473,9.439147871119888,0.28520657280354067,9.724354443923428
2014-10-01,22.052874092974157,0.5437746143292034,20.609748229847806,0.8993512487971465,21.509099478644956
2014-11-01,23.507292163749252,2.200433459815716,33.620589647621564,-12.313730943688038,21.30685870393354
2015-01-01,70.66046169201843,6.8759380076440975,35.30142543340374,28.48309825097058,63.784523684374335
2015-02-01,79.70027962179013,7.877179266444549,33.964498529497774,37.85860182584782,71.82310035534557
2015-03-01,82.8799628178679,8.818403944121211,59.31552160755599,14.746037266190712,74.0615588737467
2015-04-01,98.57151008984572,15.068511049069567,67.85036395183009,15.652635088946045,83.50299904077615
2015-05-01,105.29076221192547,15.864747643486673,60.12676225395094,29.299252314487838,89.4260145684388
2015-07-01,69.80644546981134,12.214797138821947,26.741197596845897,30.850450734143493,57.59164833098938
2015-08-01,6.850199355023644,8.177700672724383,6.942393587501359,-8.269894905202099,-1.3275013177007395
2015-09-01,-4.725078830589862,5.482505467034666,-7.424526109253188,-2.7830581883713412,-10.207584297624528
2015-12-01,37.260700701939555,3.995187585623682,2.1676507711607993,31.097862345155075,33.26551311631587
2016-01-01,39.02748273334374,5.278537123644239,1.2297570154260549,32.51918859427346,33.7489456096995
2016-02-01,35.698871251678675,4.073680141245923,-6.348377941190089,37.973569051622846,31.625191110432755
2016-03-01,32.856404083865705,3.019180222089002,-1.9093364632550918,31.74656032503181,29.837223861776714
2016-05-01,11.242612474353665,1.8957168523341141,14.394749513215293,-5.047853891195743,9.34689562201955
2016-06-01,13.677272754124955,4.692206401173254,32.19793350558678,-23.212867152635084,8.985066352951698
2016-07-01,-17.61355128291916,0.3135584605455604,-7.179569436950636,-10.747540306514091,-17.927109743464726
2016-08-01,31.32911171414463,-2.475257675889112,8.07391191468162,25.73045747535211,33.804369390033735
2016-11-01,-1.1996298169693511,-2.722116411073836,10.487796670778918,-8.965310076674434,1.5224865941044847
2016-12-01,47.687564872817426,-1.8097062782918403,24.082467053103613,25.414804098005657,49.497271151109274
2017-01-01,24.36760002715131,-1.746202172326727,7.171651508296778,18.942150691181258,26.113802199478037
2017-03-01,-8.893074673891494,-2.707198167541223,11.954758045579203,-18.14063455192947,-6.185876506350272
2017-04-01,20.743459797347136,-1.4778117683598406,12.942151855909383,9.279119709797595,22.22127156570698
2017-05-01,-2.4617049356851664,-1.5660547332801973,-0.07336469547475553,-0.8222855069302132,-0.8956502024049698
2017-06-01,-21.812526323446978,0.6419603622739152,-1.1747704756852435,-21.279716210035648,-22.454486685720894
2018-06-01,-10.504995820703254,-4.355842128563931,-0.5267732865165815,-5.622380405622742,-6.149153692139324
2018-07-01,-2.798019128014663,-6.558760900157407,-10.722221091683783,14.482962863826526,3.7607417721427443
2018-10-01,30.80212845625342,-4.271741758942845,23.17117812035874,11.902692094837521,35.073870215196266
2018-11-01,31.160083322058917,-3.4634647305788766,21.161955075893154,13.461592976744639,34.623548052637794
2018-12-01,18.190689082881907,-2.613622600627799,22.634539000119336,-1.8302273166096268,20.804311683509706
2019-01-01,37.65328443618542,-2.353913602479212,30.659433321519717,9.34776471714491,40.007198038664626
2019-02-01,51.53031436090497,-3.708173244643803,15.694984686785961,39.543502918762805,55.23848760554878
2019-03-01,34.69049069292238,-4.422607092647814,16.581411262585295,22.531686522984906,39.11309778557019
2019-04-01,3.331572708411591,-2.5801127246459044,11.863777788953826,-5.952092355896331,5.911685433057495
2019-05-01,-4.261776562234909,-2.1834694271526645,2.934255403494926,-5.012562538577172,-2.078307135082245
2019-06-01,17.067021891529485,-1.1266019074376779,3.366465492927808,14.82715830603936,18.19362379896716
2019-07-01,-0.8196184967103273,-4.579864956454356,-13.875523154749775,17.6357696144938,3.7602464597440295
2019-08-01,-30.886718963161815,-7.616962135781335,-25.938351212213213,2.6685943848327454,-23.269756827380476
2019-09-01,-18.251219582867712,-4.045021701065623,-15.36839343708337,1.1621955552812833,-14.206197881802087
2019-10-01,-45.46332618101629,-7.2720825701953515,-31.462620712057436,-6.728622898763506,-38.191243610820955
2019-11-01,-20.241365490658342,-8.35169733106498,-20.574056622318693,8.684388462725336,-11.88966815959336
2019-12-01,-7.694182414829497,-8.640461554744858,-21.339831477646044,22.286110617561402,0.946279139915359
2020-01-01,-1.3589296819523384,-8.34789723686104,-11.01562041055993,18.00458796546863,6.988967554908701
2020-02-01,6.792884316954676,-10.9015318427835,-7.938909158120909,25.633325317859082,17.694416159738175
2020-03-01,-27.32249774530141,-11.755957074634498,-16.23163140900778,0.6650907383408605,-15.566540670666916
2020-04-01,-21.373136571583284,-11.33663508720268,-13.539313642437554,3.502812158056948,-10.036501484380604
2020-05-01,-7.05922308574709,-10.642466792440358,-4.137426770633906,7.720670477327173,3.5832437066932665
2020-06-01,30.66590846945812,-6.68256639368916,8.769552445788245,28.578922417359028,37.348474863147274
2020-07-01,-4.890473675802536,-9.860493337949254,-0.8981803973519109,5.868200059498625,4.970019662146715
2020-08-01,5.35435669340939,-3.1878918685694524,5.475693613271966,3.0665549487068757,8.542248561978841
2020-09-01,-12.170671305839043,-4.969479619668924,-15.762869950793329,8.561678264623213,-7.201191686170117
2020-10-01,-16.46619352782603,-5.453805105941704,-38.21434233315964,27.201953911275325,-11.012388421884319
2020-11-01,12.3520020148729,-6.234301508098246,-37.871139523740716,56.457443046711866,18.58630352297115
2020-12-01,-13.812381144308032,-7.102497056882615,-33.04299063837967,26.333106550954252,-6.709884087425416
2021-01-01,-21.048195876849157,-6.925433202521708,-34.11877369142338,19.99601101709592,-14.12276267432745
2021-02-01,-42.80219170501627,-12.866772365029348,-28.92060889544211,-1.0148104445448225,-29.935419339986932
2021-03-01,-24.686626807226737,-14.424227796722066,-29.04560097032189,18.78320195981722,-10.262399010504671
2021-04-01,-1.8648339536569771,-13.512538901220701,-27.966703092569766,39.614408040133505,11.647704947563724
2021-05-01,9.765259950666263,-12.113761942994522,-21.19197555421323,43.07099744787401,21.879021893660784
2021-06-01,17.19750163557387,-8.379146251088287,10.499759429437729,15.076888457224433,25.57664788666216
2021-07-01,17.921536736911793,-9.913513636893262,18.13631824050635,9.698732133298705,27.835050373805057
2021-08-01,28.344145790431103,-10.549917736143628,11.803143368490009,27.090920158084717,38.894063526574726
2021-09-01,5.578210872256488,-13.761060525072626,-18.016722627855675,37.35599402518479,19.339271397329117
2021-10-01,3.8666288927800334,-16.48502431910078,-6.870912984973418,27.22256619685423,20.351653211880812
2021-11-01,-18.951882864259357,-16.131483928181044,-4.938229867924737,2.1178309318464184,-2.820398936078318
2021-12-01,-36.598538180984384,-16.389298036808864,-8.05343759029921,-12.155802553876315,-20.209240144175528
2022-01-01,-17.280004041219037,-15.619195911630646,-15.797778437971123,14.13697030838273,-1.6608081295883943
2022-02-01,-18.854505177107427,-16.482958169932648,-10.048629264473265,7.67708225729848,-2.3715470071747853
2022-03-01,-23.774655109096877,-17.163994453920346,-20.489313575794437,13.878652920617917,-6.610660655176525
2022-04-01,-18.953062333082958,-15.486751243787092,-17.77150293513275,14.30519184583689,-3.4663110892958606
2022-05-01,-31.012678223130365,-14.378751932956314,-17.272500564216642,0.6385742740425921,-16.633926290174053
2022-06-01,-25.492746738118658,-12.681292974259433,-30.653960081496514,17.842506317637294,-12.811453763859227
2022-07-01,-40.940016179013995,-16.49167404929499,-41.55765074692659,17.109308617207596,-24.44834212971899
2022-08-01,-17.207788899034004,-18.381408091356555,-35.9144492617866,37.088068454109155,1.17361919232255
2022-09-01,13.400633870717929,-13.024311643308659,-8.428589563086078,34.85353507711267,26.424945514026586
2022-10-01,-39.06494940091665,-14.592520870668942,-34.17254942710592,9.700120896858209,-24.47242853024772
2022-11-01,-41.84053032813011,-14.854703248328402,-22.682205937371,-4.303621142430701,-26.98582707980169
2022-12-01,-29.929300839076827,-17.000170859546746,-15.043994771837358,2.1148647923072716,-12.929129979530089
2023-01-01,-31.844776449758136,-16.21802954238683,-24.559242211933523,8.932495304562224,-15.626746907371297
2023-02-01,-17.494908533216694,-17.581369022505882,-26.621942364036236,26.708402853325424,0.08646048928918872
2023-03-01,-21.303363083378173,-19.113199441605243,-30.697442949769552,28.507279307996622,-2.190163641772932
2023-04-01,-15.484075783818692,-16.224164879939227,-14.966211722828277,15.537517449161623,0.6179973425399599
2023-05-01,-19.483227536589713,-12.555223343127256,-3.3876380110072017,-3.540366182455256,-6.928004193462457
2023-06-01,-24.14034201809435,-8.93143443938275,-14.036664412723274,-1.1722431659883321,-15.208907578711605
2023-07-01,-54.726736029261325,-12.930593334371276,-39.06047530568012,-2.735667389209932,-41.796142694890044
2023-08-01,-72.75430295280843,-15.710755442344613,-42.798426784400235,-14.24512072606358,-57.04354751046382
2023-09-01,-94.43966418755373,-18.62171304516304,-66.91197350316737,-8.905977639223332,-75.81795114239068
2023-10-01,-79.89176471325885,-20.95173259791485,-58.722379838937314,-0.21765227640668153,-58.940032115343996
2023-11-01,-65.91661787531568,-20.267478525984803,-19.981409457340128,-25.66772989199076,-45.64913934933088
2023-12-01,-59.54364206800247,-19.682898363872383,-3.560189854228896,-36.30055384990119,-39.86074370413009
2024-01-01,-45.040822483479076,-18.2500504634984,-2.354515834460797,-24.436256185519873,-26.79077201998067
2024-02-01,-39.235209410304805,-18.172052072368295,1.594380016142167,-22.657537354078677,-21.063157337936516
2024-03-01,-51.88904134367737,-17.91484683501846,-6.798456333444821,-27.175738175214093,-33.97419450865891
2024-04-01,-63.8771063364661,-16.931862899457673,-13.694649580246452,-33.25059385676197,-46.945243437008415
2024-05-01,-41.697352622293586,-18.51472888454729,-25.468471770629755,2.2858480328834694,-23.182623737746287
2024-06-01,-42.258083919806225,-16.629620330052745,22.46856880196574,-48.09703239171922,-25.628463589753483
2024-07-01,-1.1645374476010246,-2.7742711017586745,50.14930346107126,-48.53956980691361,1.6097336541576488
2024-08-01,-13.344533898224029,-2.7271191880175354,21.00999979005789,-31.62741450026439,-10.61741471020649
2024-09-01,-29.637598394861858,-3.5694691606890094,27.7756819981648,-53.84381123233765,-26.06812923417285
2024-10-01,-39.868468580639544,-3.8460491038840354,-3.5557776913019605,-32.46664178545357,-36.022419476755516
2024-11-01,-18.61041558844661,-2.7678519489460336,-6.778741997971161,-9.063821641529415,-15.842563639500574
2024-12-01,-22.551790383091845,-2.6135195109722362,-7.438822986414858,-12.499447885704756,-19.938270872119613
2025-01-01,-39.41371175193455,-2.7193466648240565,-10.071017348338705,-26.623347738771795,-36.694365087110505
2025-02-01,-58.08731086557134,-4.322437172611911,-10.862352866516996,-42.902520826442434,-53.764873692959426
2025-03-01,-58.26502580584041,-5.242959292280682,-15.274746033303225,-37.74732048025648,-53.02206651355973
2025-04-01,-12.615867440398421,-3.0737008862995583,-13.95078145536655,4.408614901267688,-9.542166554098861
