time,gsfc_tws,gsfc_minus_res,reservoir,chirps_cum_cm,csr_tws,csr_minus_res,gsfc_tws_paired,csr_tws_paired
2002-04-01,-64.48726760654564,,,-26.95247182151213,-41.93150775674023,,,
2002-05-01,-65.66461220336045,,,-27.49786338447502,-46.10445210169571,,,
2002-06-01,,,,-26.635990183959724,,,,
2002-07-01,,,,-20.41681908530651,,,,
2002-08-01,-63.55784903755095,,,-20.47033085197803,-31.23213567570531,,,
2002-09-01,-41.068405378806666,,,-8.462003224218236,-13.40388523572955,,,
2002-10-01,-25.757489348262638,-7.878727076018195,-17.878762272244437,-2.7917123465496005,7.8308011038873815,25.709563376131822,-25.757489348262638,7.8308011038873815
2002-11-01,-2.2840889750438986,8.215948777999378,-10.500037753043273,-4.741906058212709,1.0352953952967083,11.535333148339982,-2.2840889750438986,1.0352953952967083
2002-12-01,16.64959535972132,26.227516175461584,-9.577920815740262,-8.212976112422947,-8.024070207002316,1.553850608737948,16.64959535972132,-8.024070207002316
2003-01-01,-20.800696831224926,-11.462697544409602,-9.337999286815322,-10.881654626273125,-39.01625602039276,-29.678256733577438,-20.800696831224926,-39.01625602039276
2003-02-01,-7.568668372627206,2.7768686643781937,-10.345537037005396,-13.352618241997353,11.697946751142565,22.04348378814796,-7.568668372627206,11.697946751142565
2003-03-01,-2.4941928800597624,8.477446279863846,-10.971639159923612,-16.294696118583943,5.690170695614771,16.661809855538383,-2.4941928800597624,5.690170695614771
2003-04-01,-38.22212490182618,-26.020203046838162,-12.201921854988024,-18.09684044235732,-9.880725299009711,2.3211965559783128,-38.22212490182618,-9.880725299009711
2003-05-01,-61.44658875550404,-45.922214852817845,-15.524373902686195,-16.908583962577406,-41.88979718783826,-26.365423285152087,-61.44658875550404,-41.88979718783826
2003-06-01,,,,-14.39992763276629,,,,
2003-07-01,-37.81755014580107,-22.721687781275005,-15.095862364526077,-12.924946119193475,-30.587027986805797,-15.491165622279714,-37.81755014580107,-30.587027986805797
2003-08-01,-60.19007606201386,-44.24465437058182,-15.94542169143204,-8.521475358036055,-26.37052859145935,-10.425106900027314,-60.19007606201386,-26.37052859145935
2003-09-01,-12.866605686133424,-0.17478268230087662,-12.69182300383255,6.9802521508950734,-2.9579360072893865,9.733886996543164,-12.866605686133424,-2.9579360072893865
2003-10-01,53.87439640400119,52.86178826861187,1.012608135389323,12.766242619936918,61.03576192849175,60.02315379310243,53.87439640400119,61.03576192849175
2003-11-01,90.75044905605145,85.15005853908823,5.600390516963214,9.731560232212674,67.51303707839917,61.91264656143595,90.75044905605145,67.51303707839917
2003-12-01,66.91972489931543,59.770977787447954,7.148747111867479,6.242478579494961,30.2503569251596,23.101609813292125,66.91972489931543,30.2503569251596
2004-01-01,51.37639163399862,44.164547812404514,7.211843821594108,3.6245684972162278,23.88642898066315,16.67458515906904,51.37639163399862,23.88642898066315
2004-02-01,18.776423671508486,12.665944135468745,6.110479536039735,0.8563868739184133,17.522222992965382,11.41174345692564,18.776423671508486,17.522222992965382
2004-03-01,38.86997324947236,32.69628029200926,6.173692957463087,0.8256433299628332,22.970103937561134,16.79641098009805,38.86997324947236,22.970103937561134
2004-04-01,39.061155381304566,29.611738230336258,9.449417150968294,1.2613663282370133,17.900164510034877,8.450747359066582,39.061155381304566,17.900164510034877
2004-05-01,44.48595874680311,38.02161255169665,6.4643461951064625,0.9058235467816301,7.495309788987429,1.0309635938809658,44.48595874680311,7.495309788987429
2004-06-01,14.427829581399095,12.445831539795918,1.9819980416031777,4.036289613922957,12.512073484399997,10.530075442796816,14.427829581399095,12.512073484399997
2004-07-01,-7.552200394407118,-8.695948713356325,1.143748318949209,5.015451605577185,0.7017567152507721,-0.44199160369843715,-7.552200394407118,0.7017567152507721
2004-08-01,-5.93441600711381,-6.071690052847857,0.13727404573404597,8.099478041445572,-1.456105453639431,-1.593379499373477,-5.93441600711381,-1.456105453639431
2004-09-01,4.006424732554564,-1.289284061211612,5.295708793766175,17.4010348938145,11.360386015392999,6.064677221626824,4.006424732554564,11.360386015392999
2004-10-01,26.05904388570063,19.981444133596245,6.077599752104386,16.37596768283196,25.405010023567677,19.327410271463293,26.05904388570063,25.405010023567677
2004-11-01,24.755704252238026,18.268561117764904,6.4871431344731185,14.080481684182129,16.28028991451446,9.793146780041342,24.755704252238026,16.28028991451446
2004-12-01,41.135554793927874,34.23946766763685,6.896087126291025,10.725459191585715,24.088451054366733,17.19236392807571,41.135554793927874,24.088451054366733
2005-01-01,30.991082266499856,25.480848013712095,5.510234252787757,7.9274653095698895,26.30988342486042,20.79964917207266,30.991082266499856,26.30988342486042
2005-02-01,45.33668917518884,39.88216956668445,5.454519608504385,8.066316819239463,29.784737193514964,24.33021758501059,45.33668917518884,29.784737193514964
2005-03-01,37.085222280726235,30.486404583214377,6.5988176975118495,5.340192354474709,23.69740876350538,17.098591065993528,37.085222280726235,23.69740876350538
2005-04-01,14.108335786015534,12.976466444088322,1.1318693419272168,2.17807372711917,14.42035411097365,13.288484769046434,14.108335786015534,14.42035411097365
2005-05-01,-23.065235801564107,-20.471331378047743,-2.5939044235163657,2.9994989159248586,-10.945595262603016,-8.351690839086649,-23.065235801564107,-10.945595262603016
2005-06-01,-40.664663951524645,-36.474781955409,-4.189881996115662,0.5124648774193303,-16.779266300377827,-12.589384304262165,-40.664663951524645,-16.779266300377827
2005-07-01,-35.67705117056622,-29.65450355254953,-6.022547618016689,8.762906980080107,-3.816716855740265,2.2058307622764244,-35.67705117056622,-3.816716855740265
2005-08-01,0.6254868979844045,-3.0851674541066783,3.710654352091083,7.517021240824951,-0.9294385678096209,-4.640092919900706,0.6254868979844045,-0.9294385678096209
2005-09-01,-17.81215290507919,-21.04125903669061,3.2291061316114202,9.072625982922311,-4.746009023429097,-7.975115155040517,-17.81215290507919,-4.746009023429097
2005-10-01,-15.830086810885534,-21.67271663332826,5.8426298224427295,11.695162197720732,5.514476193543408,-0.3281536288993218,-15.830086810885534,5.514476193543408
2005-11-01,-32.04305275754859,-40.59575032003329,8.552697562484704,8.519762635208275,-1.1604330394790703,-9.71313060196377,-32.04305275754859,-1.1604330394790703
2005-12-01,-29.552513889515993,-38.28185985551011,8.729345965994126,5.26419411890792,-7.868196220307253,-16.59754218630138,-29.552513889515993,-7.868196220307253
2006-01-01,-18.827710516142478,-25.979957816138857,7.152247299996382,1.6427773026288583,-23.88075702071469,-31.033004320711076,-18.827710516142478,-23.88075702071469
2006-02-01,-34.464808885249646,-40.56626320912735,6.101454323877702,-2.159736175981402,-28.150825454808036,-34.25227977868574,-34.464808885249646,-28.150825454808036
2006-03-01,-55.84104801447562,-57.849116937264775,2.0080689227891497,-5.4386460275056425,-26.235248404487837,-28.243317327276987,-55.84104801447562,-26.235248404487837
2006-04-01,-57.454283614220934,-52.714997379005666,-4.739286235215271,-7.4113579219554095,-31.429649447486852,-26.690363212271585,-57.454283614220934,-31.429649447486852
2006-05-01,-72.17573448894107,-64.00402053070053,-8.171713958240556,-6.851361693895301,-44.33179978139376,-36.16008582315321,-72.17573448894107,-44.33179978139376
2006-06-01,-66.66102897221032,-57.27174042798022,-9.389288544230089,-8.4457700083772,-52.32088214916811,-42.931593604938016,-66.66102897221032,-52.32088214916811
2006-07-01,-48.21499803252437,-37.28291702090088,-10.932081011623492,-6.4518741050775095,-43.263204124842304,-32.331123113218815,-48.21499803252437,-43.263204124842304
2006-08-01,-36.747528282359895,-24.251168049439052,-12.496360232920841,-5.9018490125034475,-14.639476346946553,-2.143116114025712,-36.747528282359895,-14.639476346946553
2006-09-01,-31.175363772832306,-19.09241147276651,-12.082952300065795,7.1627735038532885,-3.141197470732363,8.941754829333432,-31.175363772832306,-3.141197470732363
2006-10-01,-12.161447952381874,-3.330417001612355,-8.831030950769518,7.056694928791727,12.486946302392523,21.317977253162038,-12.161447952381874,12.486946302392523
2006-11-01,-7.403768727874735,1.3129877911551764,-8.71675651902991,3.995050631711076,-9.284752742371111,-0.5679962233411998,-7.403768727874735,-9.284752742371111
2006-12-01,1.181621196994124,9.966850619714332,-8.785229422720207,2.613510509425686,-13.173182849352719,-4.387953426632514,1.181621196994124,-13.173182849352719
2007-01-01,29.709758043225975,38.16654914169509,-8.456791098469129,1.6584422371701582,13.776820776638642,22.233611875107773,29.709758043225975,13.776820776638642
2007-02-01,9.601500261046272,17.519578550695357,-7.9180782896490856,-1.4882706705144773,4.334683272974285,12.252761562623371,9.601500261046272,4.334683272974285
2007-03-01,-3.1421859121104565,5.2338729299459805,-8.376058842056437,-4.914285611589091,5.234413724898313,13.610472566954751,-3.1421859121104565,5.234413724898313
2007-04-01,-15.23951370212159,-4.741802028310505,-10.497711673811084,-6.555186451930026,-13.798296958123643,-3.300585284312559,-15.23951370212159,-13.798296958123643
2007-05-01,-39.480365161413836,-26.55599095792283,-12.924374203491002,-3.3216135640729556,-29.07219795898373,-16.14782375549273,-39.480365161413836,-29.07219795898373
2007-06-01,-28.193817988789537,-15.901681281839835,-12.29213670694971,2.5264052772589074,-20.145041655126235,-7.852904948176522,-28.193817988789537,-20.145041655126235
2007-07-01,-12.66182526887238,-3.0463332319367256,-9.615492036935654,10.42773487942122,0.770935098255996,10.38642713519165,-12.66182526887238,0.770935098255996
2007-08-01,-4.101754967886889,0.9700519275214744,-5.071806895408365,14.329358667357981,14.447862195114702,19.519669090523067,-4.101754967886889,14.447862195114702
2007-09-01,25.477330134020793,25.25764711119359,0.21968302282720237,19.366945843635907,30.97910455993201,30.75942153710481,25.477330134020793,30.97910455993201
2007-10-01,14.799520648224116,12.3141160621287,2.4854045860954135,16.78054917743933,24.684409691703724,22.19900510560831,14.799520648224116,24.684409691703724
2007-11-01,14.53464391394508,12.454560622725529,2.080083291219553,13.607016250257082,5.07631592471871,2.996232633499158,14.53464391394508,5.07631592471871
2007-12-01,-12.855782847806152,-14.51464247299653,1.6588596251903793,9.765838023364937,-14.493815911253856,-16.15267553644424,-12.855782847806152,-14.493815911253856
2008-01-01,6.203805298550836,7.766060951002561,-1.562255652451724,6.7410807733758284,2.093085286333879,3.6553409387856033,6.203805298550836,2.093085286333879
2008-02-01,-5.448327251236078,-2.575986762227755,-2.8723404890083244,3.003791434720865,-9.006196110924815,-6.133855621916491,-5.448327251236078,-9.006196110924815
2008-03-01,-16.680356495484897,-12.543114022255297,-4.137242473229601,-0.9287091312343506,-22.0914141342019,-17.9541716609723,-16.680356495484897,-22.0914141342019
2008-04-01,-21.60101685404879,-14.491005791181934,-7.110011062866856,-2.7506399629904474,-41.32543004265827,-34.215418979791416,-21.60101685404879,-41.32543004265827
2008-05-01,-27.11843193306877,-17.835664651836435,-9.282767281232333,-3.009752321992071,-45.15750517313642,-35.87473789190409,-27.11843193306877,-45.15750517313642
2008-06-01,-54.97885411317668,-43.26327816018702,-11.715575952989658,-5.316390247364542,-47.59720564779,-35.88162969480034,-54.97885411317668,-47.59720564779
2008-07-01,-2.2691333410985903,10.005897121552177,-12.275030462650768,1.634897186736856,-6.381329148842213,5.893701313808555,-2.2691333410985903,-6.381329148842213
2008-08-01,14.174229356879271,26.370466450730824,-12.196237093851556,13.251429054665177,5.499072897863809,17.695309991715362,14.174229356879271,5.499072897863809
2008-09-01,84.98689933791829,89.09208256756358,-4.105183229645298,24.130684445142528,79.74817792920938,83.85336115885467,84.98689933791829,79.74817792920938
2008-10-01,95.1401264906911,83.08514866637873,12.0549778243124,23.162178101844926,76.67404951746532,64.6190716931529,95.1401264906911,76.67404951746532
2008-11-01,44.82033676810983,29.772758597395363,15.047578170714463,19.76271596754887,38.91796774702163,23.87038957630717,44.82033676810983,38.91796774702163
2008-12-01,54.49150134679994,38.14334540909697,16.348155937702966,15.914251804951238,32.80743851530185,16.45928257759889,54.49150134679994,32.80743851530185
2009-01-01,48.32915954432969,32.34068010140362,15.988479442926073,12.399687704478971,18.30480435229884,2.316324909372771,48.32915954432969,18.30480435229884
2009-02-01,29.201801046632013,13.977206628726911,15.224594417905104,8.809738167495647,-5.476429234126168,-20.701023652031267,29.201801046632013,-5.476429234126168
2009-03-01,10.72362656051908,-3.581075022364338,14.304701582883418,5.142831817775145,-4.494819619445076,-18.799521202328492,10.72362656051908,-4.494819619445076
2009-04-01,-0.507766242982495,-10.660552862181499,10.152786619199007,2.396809397699726,-15.225398361572015,-25.378184980771028,-0.507766242982495,-15.225398361572015
2009-05-01,-6.620208308052347,-11.400508523815713,4.780300215763369,3.873764728703843,-16.91842805334355,-21.698728269106915,-6.620208308052347,-16.91842805334355
2009-06-01,-9.576004951421625,-12.264825028321034,2.6888200768994075,3.3082793935845105,-10.075643872618132,-12.764463949517541,-9.576004951421625,-10.075643872618132
2009-07-01,-24.940689772968945,-25.959130754029797,1.0184409810608532,1.2025539841066881,-27.37082605732244,-28.389267038383295,-24.940689772968945,-27.37082605732244
2009-08-01,-45.57850146308472,-44.22017434198326,-1.3583271211014571,-0.3820059200596142,-23.660854134477713,-22.302527013376256,-45.57850146308472,-23.660854134477713
2009-09-01,-8.080440494101357,-6.510686920204422,-1.5697535738969361,8.384674060053142,1.313396192722976,2.8831497666199124,-8.080440494101357,1.313396192722976
2009-10-01,25.661881718127745,26.181809536345277,-0.5199278182175289,8.447805184299554,21.50138181916341,22.02130963738094,25.661881718127745,21.50138181916341
2009-11-01,8.380456707167413,8.880800406771135,-0.5003436996037217,5.274674449186101,4.913199204835873,5.413542904439594,8.380456707167413,4.913199204835873
2009-12-01,39.81459730864086,40.009968389471226,-0.19537108083035878,5.1585444737902595,16.43044647668782,16.625817557518175,39.81459730864086,16.43044647668782
2010-01-01,42.92392616463192,42.56536512958771,0.3585610350442109,3.1548777055785484,8.234590294744491,7.876029259700279,42.92392616463192,8.234590294744491
2010-02-01,46.96195477441607,46.02844085788915,0.9335139165269183,1.9265450716955925,18.785197302954337,17.851683386427414,46.96195477441607,18.785197302954337
2010-03-01,7.302531308613625,5.871595344896922,1.4309359637167052,-1.37777078219213,20.800522623022808,19.369586659306105,7.302531308613625,20.800522623022808
2010-04-01,0.4140711380116722,-1.2137200072674263,1.627791145279098,1.1833074325437218,15.79481401970045,14.16702287442135,0.4140711380116722,15.79481401970045
2010-05-01,2.7772689386901965,0.6819145295330623,2.095354409157135,1.6287990309705023,-8.140761975367555,-10.23611638452469,2.7772689386901965,-8.140761975367555
2010-06-01,-2.964786045884841,-2.939867993194964,-0.024918052689876822,2.7727330278566114,-14.178561181765115,-14.153643129075236,-2.964786045884841,-14.178561181765115
2010-07-01,84.50161215596003,66.03649963136914,18.465112524590904,19.036674797312322,100.11142639372164,81.64631386913074,84.50161215596003,100.11142639372164
2010-08-01,61.117221248802004,49.48662109645774,11.630600152344272,16.893777987409518,69.63647319425235,58.00587304190807,61.117221248802004,69.63647319425235
2010-09-01,61.220931908288854,48.03607899275346,13.184852915535396,29.765295863075448,58.267740082130686,45.08288716659529,61.220931908288854,58.267740082130686
2010-10-01,52.29427699228326,34.135579583999494,18.15869740828377,26.49453614639957,65.15655399178304,46.997856583499264,52.29427699228326,65.15655399178304
2010-11-01,32.471860261469615,17.178373541664843,15.293486719804767,22.641610648694883,15.520425764151858,0.2269390443470947,32.471860261469615,15.520425764151858
2010-12-01,27.107657711018366,10.88651530812277,16.221142402895598,18.668196958725932,14.115034439052549,-2.1061079638430495,27.107657711018366,14.115034439052549
2011-01-01,,,,15.523172742304002,,,,
2011-02-01,-20.859673279074414,-34.009051022326176,13.149377743251769,11.546366337573664,6.584050283988996,-6.565327459262774,-20.859673279074414,6.584050283988996
2011-03-01,15.102297732991309,1.8118051757827802,13.29049255720853,7.728271875640512,6.995505635706816,-6.294986921501715,15.102297732991309,6.995505635706816
2011-04-01,-15.969207894486939,-26.434572260164146,10.465364365677214,4.311934200454034,-9.34790781546192,-19.813272181139133,-15.969207894486939,-9.34790781546192
2011-05-01,-18.442619721796607,-22.592374511931574,4.149754790134968,1.6543740632038184,-37.027188596959746,-41.17694338709472,-18.442619721796607,-37.027188596959746
2011-06-01,,,,0.9746798601282568,,,,
2011-07-01,-36.85010728220649,-37.5232041987869,0.6730969165804199,5.640168457904071,-7.267146660663041,-7.9402435772434625,-36.85010728220649,-7.267146660663041
2011-08-01,-46.78936748003676,-44.893650074466464,-1.8957174055702912,4.539351141101175,-17.780595650630122,-15.884878245059832,-46.78936748003676,-17.780595650630122
2011-09-01,-44.737271402146156,-41.16167790265292,-3.5755934994932357,4.850825022128167,-21.92827846571201,-18.352684966218774,-44.737271402146156,-21.92827846571201
2011-10-01,-39.892618184172036,-35.2994589072323,-4.593159276939748,3.6991376406118355,-28.511787033015302,-23.918627756075555,-39.892618184172036,-28.511787033015302
2011-11-01,-29.208218739615585,-23.39826487322821,-5.809953866387374,0.09537274089845511,,,-29.208218739615585,
2011-12-01,-33.84414999532479,-27.458747730387206,-6.385402264937588,-2.520893335245004,-29.327311340172734,-22.94190907523515,-33.84414999532479,-29.327311340172734
2012-01-01,-44.75123496810907,-35.90813703573386,-8.84309793237522,-6.019368028752602,-31.921167079413173,-23.078069147037947,-44.75123496810907,-31.921167079413173
2012-02-01,-23.817168859179173,-15.916890835897876,-7.900278023281294,-5.321161360316631,-19.951883555452586,-12.051605532171289,-23.817168859179173,-19.951883555452586
2012-03-01,-27.268921116840485,-20.60916999660162,-6.659751120238861,-8.099606459667745,-32.0956433065724,-25.435892186333533,-27.268921116840485,-32.0956433065724
2012-04-01,-41.108579380509674,-32.83801621697715,-8.270563163532511,-10.107832095160791,-47.50035382547295,-39.22979066194045,-41.108579380509674,-47.50035382547295
2012-05-01,,,,-10.117225547674659,,,,
2012-06-01,-68.37457325021306,-53.562733249655025,-14.811840000558043,-9.280511020402432,-38.89915737461361,-24.08731737405556,-68.37457325021306,-38.89915737461361
2012-07-01,-56.834367650280775,-40.235351204251536,-16.59901644602925,-8.839991258163398,-42.1267618053321,-25.527745359302862,-56.834367650280775,-42.1267618053321
2012-08-01,-48.68198193897232,-30.46751936980797,-18.21446256916434,-8.335332776368668,-41.89167247608562,-23.677209906921274,-48.68198193897232,-41.89167247608562
2012-09-01,-34.34447613349228,-15.612299604280377,-18.732176529211916,-5.923595083050616,-33.56320336613693,-14.831026836925021,-34.34447613349228,-33.56320336613693
2012-10-01,,,,-8.133617997137204,,,,
2012-11-01,-53.68317673634958,-35.21557590347361,-18.46760083287595,-10.296024363079868,-49.60114873198892,-31.13354789911297,-53.68317673634958,-49.60114873198892
2012-12-01,-49.412530974938676,-26.39697715510281,-23.01555381983586,-13.944417053511852,-37.90847691270782,-14.892923092871955,-49.412530974938676,-37.90847691270782
2013-01-01,-50.54917081533776,-26.807106547043745,-23.74206426829402,-15.27079810999905,-54.49230197339183,-30.750237705097828,-50.54917081533776,-54.49230197339183
2013-02-01,-44.19402246126604,-21.338083376653223,-22.855939084612807,-18.921328045098097,-73.10100271968389,-50.24506363507107,-44.19402246126604,-73.10100271968389
2013-03-01,,,,-22.599115131730265,,,,
2013-04-01,-75.0963359364631,-47.13651175397254,-27.959824182490586,-24.71457927509429,-52.41522245648448,-24.45539827399389,-75.0963359364631,-52.41522245648448
2013-05-01,-47.096802258371795,-18.501192554023344,-28.595609704348462,-22.20577729352139,-54.08080857049246,-25.485198866143996,-47.096802258371795,-54.08080857049246
2013-06-01,-39.4879675022396,-11.257103761084466,-28.230863741155137,-20.345875414176366,-56.232206185495635,-28.001342444340498,-39.4879675022396,-56.232206185495635
2013-07-01,-43.948392134219894,-15.352588991498065,-28.59580314272184,-18.038326208140294,-55.18079711543449,-26.584993972712653,-43.948392134219894,-55.18079711543449
2013-08-01,,,,-17.5649496925565,,,,
2013-09-01,,,,4.208711267771931,,,,
2013-10-01,29.388360035752843,40.071779539474115,-10.683419503721275,3.870113863773133,19.87709004331078,30.560509547032048,29.388360035752843,19.87709004331078
2013-11-01,42.62378011628547,53.06626212613408,-10.442482009848606,2.8375173578286805,10.173767579805052,20.616249589653652,42.62378011628547,10.173767579805052
2013-12-01,44.84437783597373,53.80887783749011,-8.964500001516376,3.2296231727170324,12.266018761359017,21.230518762875395,44.84437783597373,12.266018761359017
2014-01-01,48.9596072356473,55.763971541026734,-6.8043643053794325,0.10725141831250598,12.351615448511348,19.15597975389078,48.9596072356473,12.351615448511348
2014-02-01,,,,-3.5303780323828153,,,,
2014-03-01,59.23154232424423,64.7836929900866,-5.552150665842382,-5.947062260011903,13.012653131321242,18.56480379716362,59.23154232424423,13.012653131321242
2014-04-01,11.318807745178452,17.215594093552806,-5.896786348374349,-8.556175526662372,-15.440358571754196,-9.543572223379845,11.318807745178452,-15.440358571754196
2014-05-01,11.566638667570844,20.01914316687863,-8.452504499307782,-6.373640033860123,-25.29584629402305,-16.843341794715272,11.566638667570844,-25.29584629402305
2014-06-01,-20.884851800494378,-10.160829365793376,-10.724022434701004,-4.96755250324771,-41.83272842678109,-31.108705992080093,-20.884851800494378,-41.83272842678109
2014-07-01,,,,-4.454068167770885,,,,
2014-08-01,-21.590228165665444,-9.546662664869526,-12.043565500795914,-3.7038151927447522,-21.873060639969758,-9.829495139173849,-21.590228165665444,-21.873060639969758
2014-09-01,-3.374337741804448,7.673446854375638,-11.047784596180088,13.03971932195213,16.141352640801163,27.189137236981246,-3.374337741804448,16.141352640801163
2014-10-01,25.64768254001316,31.39514101710066,-5.7474584770875055,12.604370787410314,7.659651992678721,13.407110469766227,25.64768254001316,7.659651992678721
2014-11-01,26.338447220060594,30.302052048375675,-3.963604828315077,12.435887696655463,12.259067489078403,16.222672317393478,26.338447220060594,12.259067489078403
2014-12-01,,,,10.267810099742144,,,,
2015-01-01,83.32294402470723,83.95162423130644,-0.6286802065992291,8.537745182543825,37.889044469414834,38.51772467601407,83.32294402470723,37.889044469414834
2015-02-01,80.6797272290875,79.80279049533716,0.8769367337503485,5.841917852334362,33.67903519047489,32.80209845672455,80.6797272290875,33.67903519047489
2015-03-01,82.6236957327624,80.4232498402665,2.2004458924959156,6.39884622117898,48.404992902591495,46.204547010095574,82.6236957327624,48.404992902591495
2015-04-01,80.92001023154975,74.96461401416988,5.955396217379859,9.32145966325956,56.40628214189657,50.45088592451671,80.92001023154975,56.40628214189657
2015-05-01,85.62772144789056,80.8765633428892,4.751158105001346,16.917383983048328,,,85.62772144789056,
2015-06-01,,,,20.712580947418243,,,,
2015-07-01,46.398293372576276,45.85770078455743,0.540592588018846,18.092709431551096,63.68600776099486,63.14541517297603,46.398293372576276,63.68600776099486
2015-08-01,-16.423659556220677,-14.036361917540221,-2.3872976386804585,17.35731302794095,-5.801581004107361,-3.4142833654269076,-16.423659556220677,-5.801581004107361
2015-09-01,-15.356392428912084,-12.25849188717231,-3.0979005417397736,20.187953884098174,-0.9070389874710391,2.1908615542687357,-15.356392428912084,-0.9070389874710391
2015-10-01,,,,23.894231268871565,,,,
2015-11-01,,,,21.172133474165875,,,,
2015-12-01,45.55143173295222,47.53779630664209,-1.9863645736898796,17.770330451001332,14.05797313908428,16.04433771277416,45.55143173295222,14.05797313908428
2016-01-01,51.68996506603252,53.9160461566316,-2.2260810905990884,15.572444091377845,6.0850448314015235,8.31112592200061,51.68996506603252,6.0850448314015235
2016-02-01,36.67831885897604,39.60488125042431,-2.9265623914482757,11.581822604194585,4.16670361120597,7.093266002654246,36.67831885897604,4.16670361120597
2016-03-01,32.60013699876019,36.19891482829648,-3.5987778295362958,11.995968469455367,12.781344168990088,16.380121998526388,32.60013699876019,12.781344168990088
2016-04-01,,,,11.279542885036026,,,,
2016-05-01,-8.420428289681231,0.7974443964699764,-9.217872686151209,16.488167837205555,-10.21021455515194,-0.9923418690007274,-8.420428289681231,-10.21021455515194
2016-06-01,-22.618698152278906,-13.294899856260825,-9.323798296018087,17.804536702332488,-8.022949233674856,1.3008490623432298,-22.618698152278906,-8.022949233674856
2016-07-01,-41.021703380154236,-29.661057289896696,-11.36064609025754,16.578138508385518,-20.40388647854045,-9.043240388282912,-41.021703380154236,-20.40388647854045
2016-08-01,8.055252802900302,21.095508790194256,-13.040255987293952,24.145980055416054,-4.9390826794224045,8.10117330787155,8.055252802900302,-4.9390826794224045
2016-09-01,,,,26.385043600357793,,,,
2016-10-01,,,,25.49919781345724,,,,
2016-11-01,1.631525239341993,10.517679938546621,-8.886154699204628,25.892254656065035,3.5957363820882966,12.481891081292922,1.631525239341993,3.5957363820882966
2016-12-01,55.97829590383009,63.769554341435494,-7.791258437605403,23.12139172483529,-2.7131492327519675,5.0781092048534315,55.97829590383009,-2.7131492327519675
2017-01-01,37.030082359840094,46.280902746410135,-9.250820386570055,19.772083167416966,16.89529556797175,26.146115954541816,37.030082359840094,16.89529556797175
2017-02-01,,,,16.02711052203894,,,,
2017-03-01,-9.149341758997032,0.175814460169492,-9.325156219166521,15.672251546060256,2.001260199248606,11.32641641841513,-9.149341758997032,2.001260199248606
2017-04-01,3.091959939051182,13.68288653910073,-10.590926600049547,14.790882768707739,-30.021348759090966,-19.43042215904142,3.091959939051182,-30.021348759090966
2017-05-01,-22.124745699720062,-9.445101427954542,-12.679644271765522,15.299866507118818,-17.86089285792345,-5.181248586157926,-22.124745699720062,-17.86089285792345
2017-06-01,-58.10849722985085,-44.734452894933426,-13.374044334917425,14.979343203099631,-55.72070892995389,-42.346664595036465,-58.10849722985085,-55.72070892995389
2017-07-01,,,,13.001423173729247,,,,
2017-08-01,,,,13.971566417385326,,,,
2017-09-01,,,,19.496107736628517,,,,
2017-10-01,,,,22.427352149624003,,,,
2017-11-01,,,,19.145795046038703,,,,
2017-12-01,,,,16.988063396551983,,,,
2018-01-01,,,,14.265690543531743,,,,
2018-02-01,,,,11.259770673004438,,,,
2018-03-01,,,,7.2917483280755215,,,,
2018-04-01,,,,8.013431542631055,,,,
2018-05-01,,,,6.741959709519075,,,,
2018-06-01,-46.80096672710712,-28.429119901351847,-18.371846825755274,11.607672976845993,-38.28189814249196,-19.91005131673668,-46.80096672710712,-38.28189814249196
2018-07-01,-26.206171225249737,-7.973205774289225,-18.232965450960506,9.951015691385765,-9.163028736801477,9.069936714159027,-26.206171225249737,-9.163028736801477
2018-08-01,,,,8.719375714602858,,,,
2018-09-01,,,,21.417884515508394,,,,
2018-10-01,34.39693690329242,44.95991175365197,-10.562974850359554,22.074597505823164,19.500923272519554,30.06389812287911,34.39693690329242,19.500923272519554
2018-11-01,33.99123837837026,43.61874139707994,-9.627503018709668,19.2195155638879,17.372667714871465,27.00017073358114,33.99123837837026,17.372667714871465
2018-12-01,26.481420113894558,35.07659487383592,-8.59517475994136,16.280049762448478,-1.0322998347069101,7.562874925234451,26.481420113894558,-1.0322998347069101
2019-01-01,50.3157667688742,60.17429858559674,-9.858531816722538,14.192869331246122,17.36805979459498,27.22659161131752,50.3157667688742,17.36805979459498
2019-02-01,52.50976196820233,63.21817774554034,-10.708415777338004,10.501956730350727,15.786993688965934,26.49540946630394,52.50976196820233,15.786993688965934
2019-03-01,34.43422360781685,45.474788752089964,-11.040565144273112,8.430522592800564,3.084925151187401,14.125490295460512,34.43422360781685,3.084925151187401
2019-04-01,-14.319927149884368,-2.626699593548757,-11.69322755633561,4.952393610406984,-20.39750483275351,-8.704277276417898,-14.319927149884368,-20.39750483275351
2019-05-01,-23.924817326269817,-10.627758360631816,-13.29705896563799,4.659559973176102,-18.928952227716067,-5.631893262078078,-23.924817326269817,-18.928952227716067
2019-06-01,-19.228949014874377,-4.086342410245359,-15.142606604629018,8.519459773775077,-33.079276270239355,-17.936669665610335,-19.228949014874377,-33.079276270239355
2019-07-01,-24.22777059394539,-7.97370108668794,-16.254069507257455,7.207606794942073,-40.594996310983376,-24.340926803725928,-24.22777059394539,-40.594996310983376
2019-08-01,-54.16057787440614,-35.97861742721995,-18.181960447186174,6.507708767877734,-66.4397602816811,-48.25779983449493,-54.16057787440614,-66.4397602816811
2019-09-01,-28.882533181189938,-16.25710547134987,-12.625427709840064,15.499324239980728,-47.127857092778285,-34.502429382938224,-28.882533181189938,-47.127857092778285
2019-10-01,-41.868517733977306,-28.305202072365233,-13.563315661612059,15.73037117058299,-27.54584961770085,-13.982533956088792,-41.868517733977306,-27.54584961770085
2019-11-01,-17.410210434346993,-2.8944748151512214,-14.515735619195775,13.469606888044842,-25.462198659355096,-10.946463040159324,-17.410210434346993,-25.462198659355096
2019-12-01,0.596548616183161,15.218562330241578,-14.622013714058417,9.88084310273421,-23.941065519425194,-9.31905180536678,0.596548616183161,-23.941065519425194
2020-01-01,11.303552650736439,27.156068101840813,-15.852515451104368,7.2943323441073,-52.059897830723024,-36.20738237961867,11.303552650736439,-52.059897830723024
2020-02-01,7.7723319242520414,25.674106299729747,-17.9017743754777,3.524173913862219,-21.328177639482973,-3.426403264005273,7.7723319242520414,-21.328177639482973
2020-03-01,-27.578764830406943,-9.204849704147147,-18.373915126259796,0.994457480617371,-40.47273535646979,-22.098820230209995,-27.578764830406943,-40.47273535646979
2020-04-01,-39.024636429879244,-18.574886510986854,-20.449749918892387,0.11367454630655319,-88.64246814497433,-68.19271822608194,-39.024636429879244,-88.64246814497433
2020-05-01,-26.722263849781985,-4.966207518856306,-21.756056330925688,1.9898482458753977,-36.84017129035918,-15.08411495943349,-26.722263849781985,-36.84017129035918
2020-06-01,-5.630062436945748,15.068508653934753,-20.698571090880503,7.678349221812566,-38.844499649604444,-18.145928558723952,-5.630062436945748,-38.844499649604444
2020-07-01,-28.298625773037603,-6.763927884285251,-21.534697888752348,13.714859548885492,-33.36543314442605,-11.830735255673705,-28.298625773037603,-33.36543314442605
2020-08-01,-17.919502217834932,-4.166612037860642,-13.752890179974294,11.162072935630077,-17.906099623310624,-4.153209443336335,-17.919502217834932,-17.906099623310624
2020-09-01,-22.801984904161277,-9.252099275717905,-13.549885628443363,15.868713631158357,-9.27746154989858,4.272424078544783,-22.801984904161277,-9.27746154989858
2020-10-01,-12.871385080787022,-1.1263468834286094,-11.745038197358411,12.217285379151622,-9.598911508712971,2.1461266886454413,-12.871385080787022,-9.598911508712971
2020-11-01,15.183157071184247,27.581496867413286,-12.39833979622904,8.3588047605858,-27.586338294771092,-15.187998498542047,15.183157071184247,-27.586338294771092
2020-12-01,-5.521650113295379,7.5623991029008035,-13.084049216196178,4.682305181778089,-81.87249950131077,-68.78845028511458,-5.521650113295379,-81.87249950131077
2021-01-01,-8.38571354416038,6.044337872604656,-14.430051416765034,1.0434303047919926,-78.51979838655197,-64.08974696978696,-8.38571354416038,-78.51979838655197
2021-02-01,-41.82274409771892,-21.95572919999536,-19.86701489772355,-2.768620374002293,-79.49187471650268,-59.624859818779115,-41.82274409771892,-79.49187471650268
2021-03-01,-24.942893892332272,-3.9007080439849062,-21.042185848347362,-6.844234745196005,-85.91896577633473,-64.87677992798737,-24.942893892332272,-85.91896577633473
2021-04-01,-19.516333811952933,3.109319920957475,-22.62565373291041,-9.060164357922778,-43.58285226990019,-20.957198536989782,-19.516333811952933,-43.58285226990019
2021-05-01,-9.897780813368637,13.329570668111213,-23.227351481479847,-4.68614494513189,-46.45001210974795,-23.222660628268095,-9.897780813368637,-46.45001210974795
2021-06-01,-19.098469270829995,3.296681677449632,-22.395150948279625,-0.7154239422279615,-54.224240752582446,-31.82908980430283,-19.098469270829995,-54.224240752582446
2021-07-01,-5.4866153603232695,16.101102827373087,-21.587718187696357,4.028136921717732,-26.186167724022724,-4.598449536326362,-5.4866153603232695,-26.186167724022724
2021-08-01,5.070286879186776,26.185202926735247,-21.11491604754847,5.240357658445618,-7.745306581358281,13.369609466190187,5.070286879186776,-7.745306581358281
2021-09-01,-5.053102726065739,17.288363807781327,-22.341466533847065,5.726365731394665,-73.39344923282214,-51.05198269897505,-5.053102726065739,-73.39344923282214
2021-10-01,7.461437339819031,30.23769475033652,-22.776257410517484,6.481649233283516,-11.382178118124461,11.394079292393021,7.461437339819031,-11.382178118124461
2021-11-01,-16.12072780794802,6.1747944083638195,-22.29552221631184,4.640321771031763,-17.83606498746767,4.4594572288441725,-16.12072780794802,-17.83606498746767
2021-12-01,-28.30780714997173,-5.936956953849307,-22.370850196122426,1.286423274256087,-28.706507294802794,-6.3356570986803735,-28.30780714997173,-28.706507294802794
2022-01-01,-4.61752170853026,18.50629241734371,-23.12381412587397,-2.101265289474565,-35.595627659415115,-12.471813533541136,-4.61752170853026,-35.595627659415115
2022-02-01,-17.875057569810068,5.60814313281678,-23.48320070262685,-5.784743370232578,-50.75913465060578,-27.27593394797893,-17.875057569810068,-50.75913465060578
2022-03-01,-24.030922194202397,-0.24896968865676236,-23.78195250554564,-9.946691580045503,-84.84569609682158,-61.063743591275944,-24.030922194202397,-84.84569609682158
2022-04-01,-36.60456219137891,-12.004696115902114,-24.599866075476793,-10.98991623402648,-55.84450008982324,-31.24463401434645,-36.60456219137891,-55.84450008982324
2022-05-01,-50.67571898716526,-25.18337751572362,-25.492341471441637,-11.751719158198323,-47.26851758982708,-21.776176118385447,-50.67571898716526,-47.26851758982708
2022-06-01,-61.78871764452254,-35.09141997307176,-26.697297671450777,-13.635614670603502,-50.83400974143863,-24.13671206998785,-61.78871764452254,-50.83400974143863
2022-07-01,-64.34816827624905,-36.182289676150965,-28.165878600098086,-16.72316535224377,-74.56184887922144,-46.39597027912336,-64.34816827624905,-74.56184887922144
2022-08-01,-40.48164781027834,-11.535241407516937,-28.946406402761397,-14.387947074784215,-97.86567789266478,-68.91927148990342,-40.48164781027834,-97.86567789266478
2022-09-01,2.7693202723957038,24.37403792447881,-21.6047176520831,-8.032299921986924,-19.018850332918312,2.5858673191647847,2.7693202723957038,-19.018850332918312
2022-10-01,-35.470140953877646,-14.586386991792008,-20.883753962085652,-9.047758722888506,-86.86643872571892,-65.98268476363326,-35.470140953877646,-86.86643872571892
2022-11-01,-39.00937527181877,-17.990633735359555,-21.018741536459196,-11.28814763883402,-28.048447070870594,-7.029705534411404,-39.00937527181877,-28.048447070870594
2022-12-01,-21.638569808064176,1.3431532107961286,-22.98172301886031,-14.475853715734466,-77.49842395075244,-54.51670093189212,-21.638569808064176,-77.49842395075244
2023-01-01,-19.18229411706935,4.540353639560806,-23.72264775663016,-18.512820923796642,-73.54916706655335,-49.8265193099232,-19.18229411706935,-73.54916706655335
2023-02-01,-16.515460925919328,8.066150629280754,-24.58161155520008,-22.575000577440957,-35.99490459341953,-11.41329303821945,-16.515460925919328,-35.99490459341953
2023-03-01,-21.559630168483704,4.1715273247468305,-25.73115749323054,-25.64960077454941,-38.494358267495656,-12.763200774265114,-21.559630168483704,-38.494358267495656
2023-04-01,-33.13557564211465,-7.849654809752874,-25.459012928347516,-23.301930835431104,-42.069545953700086,-16.641134791690508,-33.13557564211465,-42.069545953700086
2023-05-01,-39.14626830062461,-15.477455419012031,-23.66881288161259,-18.678919881226474,-39.3786352361188,-15.709822354506212,-39.14626830062461,-39.3786352361188
2023-06-01,-60.43631292449822,-37.48887378792412,-22.947439136574094,-20.87915931375569,-51.22898084548401,-28.28154170890992,-60.43631292449822,-51.22898084548401
2023-07-01,-78.13488812649639,-53.53009024132202,-24.604797885174378,-23.43305655790272,-92.65591560459501,-68.05111771942063,-78.13488812649639,-92.65591560459501
2023-08-01,-96.02816186405276,-69.7524081103033,-26.27575375374946,-24.642970688486027,-107.47512430451069,-81.19937055076124,-96.02816186405276,-107.47512430451069
2023-09-01,-105.07097778587598,-77.86885873193847,-27.202119053937487,-25.486309813992484,-103.59245828817758,-76.3903392342401,-105.07097778587598,-103.59245828817758
2023-10-01,-76.29695626621984,-49.053990576888296,-27.242965689331555,-20.75789658118052,-79.40148859646536,-52.15852290713382,-76.29695626621984,-79.40148859646536
2023-11-01,-63.085462819004334,-36.65394600488874,-26.431516814115597,-18.873942350591555,-32.06122863842604,-5.629711824310445,-63.085462819004334,-32.06122863842604
2023-12-01,-51.25291103698982,-25.588460513803877,-25.66445052318594,-21.986441266882363,-41.95622298907707,-16.29177246589113,-51.25291103698982,-41.95622298907707
2024-01-01,-32.3783401507903,-6.623671473048566,-25.75466867774173,-24.72118200795109,-34.90266792370025,-9.147999245958516,-32.3783401507903,-34.90266792370025
2024-02-01,-38.25576180300745,-13.083467197944948,-25.172294605062493,-26.34011448080771,-37.32891310115807,-12.156618496095577,-38.25576180300745,-37.32891310115807
2024-03-01,-52.14530842878291,-27.61250354213916,-24.532804886643756,-29.760082282238077,-27.054914249485787,-2.522109362842032,-52.14530842878291,-27.054914249485787
2024-04-01,-81.52860619476203,-55.48362846361468,-26.044977731147384,-32.56894046474985,-72.16296184944464,-46.11798411829725,-81.52860619476203,-72.16296184944464
2024-05-01,-61.36039338632847,-31.732074963295865,-29.628318423032617,-32.4598932348523,-114.91137669850617,-85.28305827547354,-61.36039338632847,-114.91137669850617
2024-06-01,-78.5540548262101,-47.908429798966,-30.645625027244083,-15.051790223822724,-84.644748891779,-53.999123864534894,-78.5540548262101,-84.644748891779
2024-07-01,-24.572689544836084,-10.12421389227432,-14.448475652561774,-11.313918624205572,-15.128496841527086,-0.6800211889653119,-24.572689544836084,-15.128496841527086
2024-08-01,-36.61839280946836,-23.326275310045975,-13.292117499422377,-13.773917268302313,-11.90005380728953,1.3920636921328484,-36.61839280946836,-11.90005380728953
2024-09-01,-40.26891199318408,-28.119036823720634,-12.149875169463451,-7.458242172055599,7.458959505742066,19.608834675205518,-40.26891199318408,7.458959505742066
2024-10-01,-36.27366013360057,-26.136377938299827,-10.137282195300745,-9.863797050776327,9.615783352832082,19.753065548132827,-36.27366013360057,9.615783352832082
2024-11-01,-15.779260532135257,-6.847370295058439,-8.931890237076825,-13.730504303625558,-29.435046573296678,-20.503156336219845,-15.779260532135257,-29.435046573296678
2024-12-01,-14.261059352079199,-5.6659876817933945,-8.5950716702858,-16.243816745008793,-23.498146341958062,-14.903074671672266,-14.261059352079199,-23.498146341958062
2025-01-01,-26.751229419245785,-16.5272645401784,-10.223964879067383,-19.26580799411817,-11.07042055446695,-0.8464556753995645,-26.751229419245785,-11.07042055446695
2025-02-01,-57.10786325827397,-45.78518355296786,-11.322679705306111,-23.13321959451153,-79.71715779590365,-68.39447809059754,-57.10786325827397,-79.71715779590365
2025-03-01,-58.52129289094594,-46.66037554703994,-11.860917343905976,-26.047842386480703,-42.46821512546555,-30.607297781559577,-58.52129289094594,-42.46821512546555
2025-04-01,-30.26736729869437,-18.080551580705112,-12.186815717989264,-29.319532205522695,-33.64127109819154,-21.454455380202283,-30.26736729869437,-33.64127109819154
2025-05-01,-77.64487067549072,,,-28.371804377146038,-74.11366187145504,,,
2025-06-01,-74.6260374675056,,,-27.088589882357663,-37.209896116486924,,,
2025-07-01,-30.366625593233408,,,-23.55288460325289,-66.35863526235639,,,
2025-08-01,-50.95624097068408,,,-22.008892110769587,-49.94702757838305,,,
2025-09-01,-43.95348851320717,,,-17.17263700924184,-74.21808612900578,,,
2025-10-01,-33.12704060154853,,,-17.721874866598938,-30.846722017933512,,,
2025-11-01,-45.11018249916397,,,-21.31381576506288,-57.703296689445764,,,
2025-12-01,-62.09392108873324,,,-24.915292223968386,-44.07155867081799,,,
2026-01-01,-34.49631822359187,,,-28.448404165207535,-56.31945412774275,,,
2026-02-01,-39.03505268221657,,,-32.59519856853013,-54.11490952859236,,,
2026-03-01,-65.93409980398275,,,-36.48818769593779,-81.45442914050194,,,
2026-04-01,,,,,-54.73860620486743,,,
2026-05-01,,,,,-82.57081633966493,,,
