time,tws_mm,tws_minus_res_mm,reservoir_mm,tws_mm_nlweighted,tws_minus_res_mm_nlweighted,reservoir_mm_nlweighted,tws_mm_paired,tws_mm_nlweighted_paired
2002-04-01,-49.62104256729334,-34.64404530556087,-12.14631609144041,-64.48726760654564,,-13.792731412766617,-49.62104256729334,
2002-05-01,-54.22248789140042,-38.65304560978907,-14.2495082634892,-65.66461220336043,,-15.066731807651143,-54.22248789140042,
2002-06-01,,,-14.760707445287641,,,-15.574946889825144,,
2002-07-01,,,-13.812547648531185,,,-15.083557646252366,,
2002-08-01,-42.2257998641832,-28.605133436604223,-13.50344006146937,-63.55784903755093,,-14.700484514890901,-42.2257998641832,
2002-09-01,-24.802928828642212,-12.520256405701744,-12.733871206538602,-41.06840537880667,,-13.934707858292322,-24.802928828642212,
2002-10-01,-11.123972589202813,-0.6559573128024583,-11.54772235829238,-25.757489348262627,-7.878727076018196,-17.878762272244433,-11.123972589202813,-25.757489348262627
2002-11-01,11.495124470700766,19.964993862863746,-9.166236757728548,-2.2840889750438973,8.21594877799938,-10.500037753043276,11.495124470700766,-2.2840889750438973
2002-12-01,27.330080442990962,36.098669793304126,-9.090898584673258,16.64959535972132,26.22751617546158,-9.577920815740262,27.330080442990962,16.64959535972132
2003-01-01,-8.920623338280791,0.722161313318925,-9.332869521498823,-20.800696831224922,-11.4626975444096,-9.33799928681532,-8.920623338280791,-20.800696831224922
2003-02-01,-0.41710888295594706,10.439665137779894,-9.395760049261279,-7.568668372627205,2.7768686643781924,-10.345537037005396,-0.41710888295594706,-7.568668372627205
2003-03-01,7.237536592508581,18.09518006869781,-9.83858311936468,-2.4941928800597615,8.477446279863848,-10.97163915992361,7.237536592508581,-2.4941928800597615
2003-04-01,-29.090923417760003,-17.471478877402838,-10.690547310756388,-38.222124901826184,-26.02020304683816,-12.201921854988026,-29.090923417760003,-38.222124901826184
2003-05-01,-51.61748505843592,-37.74065594394981,-11.766930528241192,-61.44658875550403,-45.922214852817845,-15.524373902686193,-51.61748505843592,-61.44658875550403
2003-06-01,,,-13.24137595679827,,,-16.149808511313985,,
2003-07-01,-24.4629992602841,-13.26930168132186,-11.63937400663715,-37.81755014580108,-22.72168778127501,-15.095862364526077,-24.4629992602841,-37.81755014580108
2003-08-01,-44.58159987403429,-34.37884643202168,-11.293095957835353,-60.190076062013844,-44.24465437058182,-15.94542169143204,-44.58159987403429,-60.190076062013844
2003-09-01,-1.1467882046376623,7.646706252036292,-10.189733756668074,-12.866605686133424,-0.17478268230087518,-12.69182300383255,-1.1467882046376623,-12.866605686133424
2003-10-01,54.052207221850466,56.82944638984167,-4.224153312882511,53.87439640400119,52.86178826861187,1.0126081353893228,54.052207221850466,53.87439640400119
2003-11-01,75.2870370452743,76.23080169891465,-1.658724090711282,90.75044905605145,85.15005853908823,5.6003905169632135,75.2870370452743,90.75044905605145
2003-12-01,52.93808622175665,54.23098701048401,-1.4774498736905637,66.91972489931543,59.770977787447954,7.148747111867479,52.93808622175665,66.91972489931543
2004-01-01,45.684146161477145,47.76917417645232,-1.7073387690385016,51.376391633998615,44.16454781240452,7.211843821594107,45.684146161477145,51.376391633998615
2004-02-01,18.947989217574225,21.068266101260253,-2.0073235721872233,18.776423671508475,12.665944135468745,6.110479536039734,18.947989217574225,18.776423671508475
2004-03-01,27.708345043274935,30.86408847217866,-2.1729789548028524,38.869973249472345,32.69628029200926,6.173692957463088,27.708345043274935,38.869973249472345
2004-04-01,34.64379561954495,36.66509093620231,-0.8930491789215523,39.06115538130455,29.611738230336265,9.449417150968294,34.64379561954495,39.06115538130455
2004-05-01,38.6516518587161,40.74218902051396,-0.6288421424013861,44.4859587468031,38.02161255169664,6.4643461951064625,38.6516518587161,44.4859587468031
2004-06-01,21.38351584924045,21.75821192490391,-0.5830228348637148,14.427829581399095,12.44583153979592,1.9819980416031777,21.38351584924045,14.427829581399095
2004-07-01,6.5907698588346095,7.414687089474255,-1.187098369478178,-7.552200394407118,-8.695948713356326,1.1437483189492093,6.5907698588346095,-7.552200394407118
2004-08-01,3.988455054356318,4.067881851061482,-0.9571201888389805,-5.93441600711381,-6.071690052847856,0.1372740457340462,3.988455054356318,-5.93441600711381
2004-09-01,12.39379758567889,10.644532236488956,0.5778616501586572,4.006424732554564,-1.2892840612116117,5.295708793766175,12.39379758567889,4.006424732554564
2004-10-01,35.86767385280931,33.71437906172484,2.153294791084475,26.05904388570062,19.981444133596245,6.077599752104385,35.86767385280931,26.05904388570062
2004-11-01,33.83891086298582,31.125780674015832,2.713130188970009,24.75570425223802,18.268561117764904,6.487143134473119,33.83891086298582,24.75570425223802
2004-12-01,47.00166096472954,43.991181383156466,3.0104795815730894,41.135554793927874,34.23946766763685,6.896087126291024,47.00166096472954,41.135554793927874
2005-01-01,34.128113215441786,32.67224306343044,2.621464777866484,30.991082266499852,25.480848013712095,5.510234252787758,34.128113215441786,30.991082266499852
2005-02-01,48.88601969941236,46.80422854834404,2.0817911510683578,45.33668917518882,39.88216956668445,5.454519608504384,48.88601969941236,45.33668917518882
2005-03-01,39.09940434524068,36.74828101436966,2.351123330871043,37.085222280726214,30.48640458321438,6.598817697511849,39.09940434524068,37.085222280726214
2005-04-01,20.524825784520562,19.925853816823818,0.5989719676967534,14.108335786015536,12.97646644408832,1.1318693419272168,20.524825784520562,14.108335786015536
2005-05-01,-18.120921997153562,-16.686609471951616,-1.434312525201953,-23.065235801564107,-20.47133137804774,-2.593904423516366,-18.120921997153562,-23.065235801564107
2005-06-01,-32.69893705879165,-30.409089598134315,-2.2898474606573456,-40.66466395152465,-36.474781955409,-4.189881996115662,-32.69893705879165,-40.66466395152465
2005-07-01,-26.1020255288764,-23.232379875002575,-2.8696456538738313,-35.67705117056621,-29.65450355254953,-6.02254761801669,-26.1020255288764,-35.67705117056621
2005-08-01,8.513771150589971,8.44651587611623,0.06725527447374609,0.6254868979844049,-3.085167454106678,3.710654352091082,8.513771150589971,0.6254868979844049
2005-09-01,-8.422677521695737,-9.1781399025791,0.7554623808833587,-17.812152905079184,-21.04125903669061,3.22910613161142,-8.422677521695737,-17.812152905079184
2005-10-01,-9.232460184180889,-11.090262410206448,1.857802226025565,-15.830086810885529,-21.67271663332826,5.842629822442729,-9.232460184180889,-15.830086810885529
2005-11-01,-28.760131070855017,-31.258558563003227,2.4984274921481977,-32.04305275754858,-40.59575032003329,8.552697562484703,-28.760131070855017,-32.04305275754858
2005-12-01,-26.817825538262806,-29.11713878055898,2.299313242296177,-29.552513889515986,-38.281859855510106,8.729345965994124,-26.817825538262806,-29.552513889515986
2006-01-01,-21.28659476442694,-22.754046129341052,1.4626302132146134,-18.827710516142478,-25.97995781613886,7.1522472999963815,-21.28659476442694,-18.827710516142478
2006-02-01,-34.58145000843549,-34.681307828218,0.7756612331208443,-34.46480888524965,-40.56626320912736,6.101454323877703,-34.58145000843549,-34.46480888524965
2006-03-01,-54.44043930171829,-53.47636890303563,-0.013615918059186487,-55.84104801447562,-57.84911693726478,2.0080689227891497,-54.44043930171829,-55.84104801447562
2006-04-01,-56.43378672317627,-52.01723950704192,-1.9785048384085229,-57.45428361422092,-52.71499737900566,-4.739286235215271,-56.43378672317627,-57.45428361422092
2006-05-01,-69.9993713433452,-65.02674045012145,-3.8589833085551883,-72.17573448894106,-64.00402053070054,-8.171713958240554,-69.9993713433452,-72.17573448894106
2006-06-01,-62.365598059063586,-57.04073019090938,-4.71206610743172,-66.6610289722103,-57.27174042798022,-9.38928854423009,-62.365598059063586,-66.6610289722103
2006-07-01,-44.01339221399448,-38.7640592482339,-5.529947867458843,-48.21499803252436,-37.28291702090089,-10.93208101162349,-44.01339221399448,-48.21499803252436
2006-08-01,-31.435876652775537,-26.702815389088975,-6.215472117070591,-36.747528282359895,-24.251168049439052,-12.49636023292084,-31.435876652775537,-36.747528282359895
2006-09-01,-26.45750773998006,-22.236617431552823,-5.89796246020973,-31.17536377283231,-19.092411472766514,-12.082952300065795,-26.45750773998006,-31.17536377283231
2006-10-01,-8.480874796528209,-6.314494025317613,-4.134942042904464,-12.16144795238187,-3.3304170016123544,-8.831030950769517,-8.480874796528209,-12.16144795238187
2006-11-01,-4.952737277816447,-3.2520776718825437,-3.7075715481220226,-7.403768727874733,1.3129877911551766,-8.71675651902991,-4.952737277816447,-7.403768727874733
2006-12-01,1.4971121551237951,3.7502285471533696,-3.840482586826945,1.1816211969941237,9.96685061971433,-8.785229422720208,1.4971121551237951,1.1816211969941237
2007-01-01,27.270351782240457,31.478232300398222,-3.8305475604740367,29.709758043225975,38.16654914169509,-8.456791098469127,27.270351782240457,29.709758043225975
2007-02-01,6.692188589995481,11.629740585636009,-3.7508225776310837,9.601500261046269,17.519578550695357,-7.918078289649085,6.692188589995481,9.601500261046269
2007-03-01,-6.235380086616374,-0.9028973515344924,-3.905824294849731,-3.142185912110456,5.23387292994598,-8.376058842056437,-6.235380086616374,-3.142185912110456
2007-04-01,-16.035431284911162,-8.364216958632344,-4.4825582756991675,-15.239513702121586,-4.741802028310505,-10.497711673811084,-16.035431284911162,-15.239513702121586
2007-05-01,-36.83775285330027,-25.854623847854942,-5.939452417482714,-39.48036516141383,-26.55599095792283,-12.924374203491,-36.83775285330027,-39.48036516141383
2007-06-01,-32.46387268915592,-21.77108323228777,-5.66470528307004,-28.19381798878954,-15.901681281839833,-12.292136706949709,-32.46387268915592,-28.19381798878954
2007-07-01,-14.534966988383518,-9.852758564694463,-4.405729587170932,-12.661825268872379,-3.046333231936725,-9.615492036935656,-14.534966988383518,-12.661825268872379
2007-08-01,-1.4606644039079382,0.6598943160335399,-2.566271094458026,-4.101754967886889,0.9700519275214753,-5.071806895408365,-1.4606644039079382,-4.101754967886889
2007-09-01,29.109086665720536,26.880836941249303,1.1588930835271465,25.477330134020793,25.257647111193595,0.21968302282720215,29.109086665720536,25.477330134020793
2007-10-01,18.202895522948,13.055333417411202,1.5940940814168703,14.799520648224114,12.3141160621287,2.485404586095413,18.202895522948,14.799520648224114
2007-11-01,11.193998624402827,8.349198032760526,1.5355761607577656,14.534643913945079,12.454560622725527,2.0800832912195535,11.193998624402827,14.534643913945079
2007-12-01,-10.934650734073848,-13.087552992661651,1.3793629524570665,-12.855782847806148,-14.514642472996533,1.6588596251903795,-10.934650734073848,-12.855782847806148
2008-01-01,1.5279148944136234,1.8462758207973309,0.09066328998450475,6.203805298550835,7.76606095100256,-1.5622556524517235,1.5279148944136234,6.203805298550835
2008-02-01,-8.135776105305544,-6.492232686252635,-0.45901397316901565,-5.448327251236079,-2.575986762227756,-2.8723404890083244,-8.135776105305544,-5.448327251236079
2008-03-01,-15.210788541401252,-12.866116168486567,-0.9545658230491906,-16.680356495484897,-12.543114022255297,-4.1372424732296,-15.210788541401252,-16.680356495484897
2008-04-01,-20.530234741327313,-15.658778975742027,-2.890592511868237,-21.601016854048783,-14.491005791181934,-7.110011062866855,-20.530234741327313,-21.601016854048783
2008-05-01,-29.394550986902242,-22.382907877433382,-4.616133390795998,-27.118431933068763,-17.835664651836442,-9.282767281232333,-29.394550986902242,-27.118431933068763
2008-06-01,-51.953759933156334,-46.18736371217187,-5.5063332115653285,-54.978854113176666,-43.263278160187014,-11.715575952989662,-51.953759933156334,-54.978854113176666
2008-07-01,0.39148555971005977,3.8924995571894665,-5.057169469377078,-2.2691333410985894,10.005897121552175,-12.275030462650767,0.39148555971005977,-2.2691333410985894
2008-08-01,18.712366700893686,20.88772213815581,-4.736374756805491,14.17422935687927,26.37046645073082,-12.196237093851556,18.712366700893686,14.17422935687927
2008-09-01,86.37918278654918,83.23152228433872,0.285807565616955,84.98689933791826,89.09208256756358,-4.105183229645298,86.37918278654918,84.98689933791826
2008-10-01,87.71992168313884,76.4552583109954,7.871064635923402,95.14012649069112,83.08514866637871,12.054977824312399,87.71992168313884,95.14012649069112
2008-11-01,38.44372662926325,26.868311715400083,9.065143020455157,44.82033676810982,29.772758597395363,15.047578170714461,38.44372662926325,44.82033676810982
2008-12-01,43.28964628954592,32.4745486065475,9.517220671823614,54.491501346799936,38.14334540909698,16.348155937702963,43.28964628954592,54.491501346799936
2009-01-01,33.48053374586993,23.741819038671053,9.153243819059181,48.32915954432968,32.34068010140363,15.988479442926074,33.48053374586993,48.32915954432968
2009-02-01,17.294163701777418,8.027916925313287,8.74384529218667,29.201801046632017,13.977206628726913,15.224594417905104,17.294163701777418,29.201801046632017
2009-03-01,0.5244685414443961,-7.584147115442731,8.369646911693318,10.72362656051908,-3.5810750223643377,14.30470158288342,0.5244685414443961,10.72362656051908
2009-04-01,-16.662170280739016,-21.99178219695878,6.5190661146193944,-0.5077662429824954,-10.660552862181499,10.152786619199007,-16.662170280739016,-0.5077662429824954
2009-05-01,-16.692661095092888,-19.844829009996097,4.224185579134207,-6.620208308052347,-11.400508523815716,4.78030021576337,-16.692661095092888,-6.620208308052347
2009-06-01,-19.20552934255192,-22.364191271734633,3.7797883765802447,-9.576004951421622,-12.264825028321034,2.688820076899409,-19.20552934255192,-9.576004951421622
2009-07-01,-28.250304068111394,-32.60230751760729,3.2839929875527227,-24.94068977296894,-25.959130754029797,1.0184409810608543,-28.250304068111394,-24.94068977296894
2009-08-01,-49.73021370849705,-52.96224857194042,2.204535993094082,-45.578501463084706,-44.22017434198325,-1.3583271211014563,-49.73021370849705,-45.578501463084706
2009-09-01,-13.403054916586305,-17.674319324654274,2.289094440559031,-8.080440494101358,-6.510686920204421,-1.569753573896935,-13.403054916586305,-8.080440494101358
2009-10-01,20.721420731322866,16.112216776424535,2.862230528293294,25.66188171812775,26.181809536345277,-0.5199278182175279,20.721420731322866,25.66188171812775
2009-11-01,2.987925358635771,-1.3496938938683838,2.8756630842579014,8.38045670716741,8.880800406771135,-0.5003436996037213,2.987925358635771,8.38045670716741
2009-12-01,28.983134453673173,25.879976670513727,2.758434582334923,39.81459730864086,40.009968389471226,-0.19537108083035803,28.983134453673173,39.81459730864086
2010-01-01,30.212824497019056,27.337129665030766,2.6851250580882446,42.92392616463192,42.56536512958771,0.35856103504421116,30.212824497019056,42.92392616463192
2010-02-01,35.98296648626135,33.158912119094424,2.8319001057220867,46.96195477441607,46.02844085788915,0.9335139165269191,35.98296648626135,46.96195477441607
2010-03-01,7.281624102026846,4.77312837580298,2.817951729379095,7.302531308613625,5.871595344896921,1.4309359637167052,7.281624102026846,7.302531308613625
2010-04-01,-6.462777897859749,-8.268296460057446,2.4718734018570134,0.41407113801167184,-1.2137200072674272,1.6277911452790983,-6.462777897859749,0.41407113801167184
2010-05-01,-7.567657118061086,-8.115240008607953,2.4601649436665167,2.777268938690196,0.6819145295330616,2.0953544091571343,-7.567657118061086,2.777268938690196
2010-06-01,-14.173882097591896,-13.941858828636835,1.4890429616722642,-2.964786045884841,-2.939867993194964,-0.02491805268987712,-14.173882097591896,-2.964786045884841
2010-07-01,62.88523106474421,51.544035758371884,12.00960977558245,84.50161215596003,66.03649963136913,18.465112524590904,62.88523106474421,84.50161215596003
2010-08-01,48.35019045546557,35.69452392969094,10.65713202388454,61.117221248802,49.48662109645774,11.630600152344273,48.35019045546557,61.117221248802
2010-09-01,46.757516581809476,32.63132716585524,10.978292037539362,61.22093190828885,48.03607899275346,13.184852915535398,46.757516581809476,61.22093190828885
2010-10-01,32.48112093590545,18.07790338658244,11.786676675520368,52.29427699228325,34.13557958399948,18.15869740828377,32.48112093590545,52.29427699228325
2010-11-01,10.972349221254536,-1.615183318150809,10.754648710358866,32.47186026146961,17.17837354166484,15.293486719804768,10.972349221254536,32.47186026146961
2010-12-01,4.624051522167862,-7.599392064373018,10.989483760306761,27.107657711018362,10.886515308122766,16.221142402895598,4.624051522167862,27.107657711018362
2011-01-01,,,10.1207077285876,,,14.414472976034615,,
2011-02-01,-37.40124172834192,-47.245990436891645,9.85914628302642,-20.859673279074414,-34.00905102232618,13.149377743251772,-37.40124172834192,-20.859673279074414
2011-03-01,-12.001725234858899,-20.276146654152825,9.57818265097898,15.102297732991307,1.8118051757827764,13.290492557208532,-12.001725234858899,15.102297732991307
2011-04-01,-38.01130911334344,-45.10743070533312,8.095937775077886,-15.969207894486933,-26.43457226016415,10.465364365677214,-38.01130911334344,-15.969207894486933
2011-05-01,-40.86562514280118,-44.830638864271855,5.515107032776211,-18.442619721796607,-22.592374511931574,4.14975479013497,-40.86562514280118,-18.442619721796607
2011-06-01,,,4.009808800014395,,,0.37881713330150213,,
2011-07-01,-38.01735870456057,-47.21428929547641,5.692541057966733,-36.85010728220648,-37.52320419878691,0.6730969165804227,-38.01735870456057,-36.85010728220648
2011-08-01,-54.985224049215226,-62.60788462612048,4.638420595148159,-46.789367480036745,-44.89365007446647,-1.8957174055702883,-54.985224049215226,-46.789367480036745
2011-09-01,-52.49853458530174,-60.393487251268574,3.87995884932362,-44.73727140214615,-41.16167790265291,-3.575593499493233,-52.49853458530174,-44.73727140214615
2011-10-01,-47.058602473517006,-54.507389368147614,3.4743657250948607,-39.89261818417204,-35.29945890723231,-4.593159276939745,-47.058602473517006,-39.89261818417204
2011-11-01,-41.344661663042565,-47.09737731016893,2.8640374512089206,-29.208218739615585,-23.398264873228214,-5.809953866387372,-41.344661663042565,-29.208218739615585
2011-12-01,-49.951217965553965,-53.163797466158734,2.3893226714086793,-33.8441499953248,-27.458747730387206,-6.385402264937585,-49.951217965553965,-33.8441499953248
2012-01-01,-59.42543631733065,-60.902949018743264,1.1743942079388876,-44.751234968109074,-35.908137035733866,-8.843097932375215,-59.42543631733065,-44.751234968109074
2012-02-01,-38.6801665549293,-39.4525706879103,0.7402367395266084,-23.81716885917917,-15.916890835897876,-7.900278023281293,-38.6801665549293,-23.81716885917917
2012-03-01,-43.375269169486366,-43.26337334448615,0.5626746232944532,-27.26892111684048,-20.609169996601626,-6.659751120238857,-43.375269169486366,-27.26892111684048
2012-04-01,-56.93717060818961,-55.91288429222558,-0.4479096015154637,-41.10857938050966,-32.83801621697715,-8.27056316353251,-56.93717060818961,-41.10857938050966
2012-05-01,,,-2.295992263196964,,,-12.34447859776529,,
2012-06-01,-80.76203136455318,-77.15422000362767,-3.424884090988893,-68.37457325021305,-53.562733249655025,-14.811840000558039,-80.76203136455318,-68.37457325021305
2012-07-01,-67.23837789976773,-64.48479083303644,-4.096248271050766,-56.834367650280775,-40.23535120425153,-16.599016446029243,-67.23837789976773,-56.834367650280775
2012-08-01,-58.80158693976916,-56.995786729894036,-4.41656043613272,-48.68198193897231,-30.467519369807974,-18.21446256916434,-58.80158693976916,-48.68198193897231
2012-09-01,-44.34989537888761,-42.67035215674863,-4.961956286374304,-34.344476133492286,-15.61229960428038,-18.732176529211912,-44.34989537888761,-34.344476133492286
2012-10-01,,,-4.675457663818167,,,-17.8772181756152,,
2012-11-01,-68.34261051211874,-64.9644627847503,-5.101363694727068,-53.683176736349566,-35.21557590347363,-18.467600832875945,-68.34261051211874,-53.683176736349566
2012-12-01,-66.83878266797437,-62.557993762656615,-5.452360024706747,-49.41253097493867,-26.396977155102814,-23.015553819835855,-66.83878266797437,-49.41253097493867
2013-01-01,-69.39281034021955,-62.84700100389517,-6.615868970784001,-50.54917081533776,-26.80710654704375,-23.742064268294016,-69.39281034021955,-50.54917081533776
2013-02-01,-67.41454178298592,-59.07089446760614,-7.159690245626857,-44.19402246126602,-21.338083376653227,-22.855939084612803,-67.41454178298592,-44.19402246126602
2013-03-01,,,-7.894938433011118,,,-23.795281024520932,,
2013-04-01,-93.45055043377307,-82.55199050346052,-10.898559930312581,-75.09633593646312,-47.13651175397255,-27.959824182490586,-93.45055043377307,-75.09633593646312
2013-05-01,-70.71678400047361,-58.698475576569976,-12.018308423903667,-47.0968022583718,-18.501192554023348,-28.595609704348455,-70.71678400047361,-47.0968022583718
2013-06-01,-63.26135493802656,-51.32513006198181,-11.936224876044776,-39.4879675022396,-11.257103761084473,-28.230863741155133,-63.26135493802656,-39.4879675022396
2013-07-01,-58.86379271796933,-48.89167443627283,-10.88395279713357,-43.9483921342199,-15.352588991498065,-28.595803142721838,-58.86379271796933,-43.9483921342199
2013-08-01,,,-10.226681344836361,,,-29.50827805687211,,
2013-09-01,,,-8.745814177049585,,,-28.813867448122064,,
2013-10-01,4.655914740438619,2.7575378419748544,-1.4546714167880823,29.38836003575284,40.071779539474115,-10.683419503721273,4.655914740438619,29.38836003575284
2013-11-01,16.79714058082409,14.87683432063585,-0.5747699818838946,42.62378011628547,53.06626212613406,-10.4424820098486,16.79714058082409,42.62378011628547
2013-12-01,23.091099935187408,21.18310286263841,-0.025674313576127913,44.844377835973724,53.808877837490094,-8.964500001516372,23.091099935187408,44.844377835973724
2014-01-01,27.447835249685085,24.45873883363338,0.518655084308849,48.95960723564729,55.76397154102673,-6.804364305379429,27.447835249685085,48.95960723564729
2014-02-01,,,0.634106847719861,,,-6.024150837969617,,
2014-03-01,12.290629460157735,12.4928487297231,0.6587503989762907,59.23154232424422,64.78369299008659,-5.55215066584238,12.290629460157735,59.23154232424422
2014-04-01,-18.833350067389873,-18.564047993174075,0.1661247299336478,11.318807745178452,17.215594093552795,-5.896786348374345,-18.833350067389873,11.318807745178452
2014-05-01,-25.631974202842116,-22.768644253987745,-1.4529756533035576,11.56663866757084,20.01914316687862,-8.452504499307778,-25.631974202842116,11.56663866757084
2014-06-01,-43.09347046627846,-40.92558442353018,-2.514797599512913,-20.884851800494374,-10.160829365793377,-10.724022434701002,-43.09347046627846,-20.884851800494374
2014-07-01,,,-1.8331355704667038,,,-10.671278820733939,,
2014-08-01,-41.86866834771028,-42.185886475117265,-2.4472603317769948,-21.59022816566544,-9.54666266486953,-12.043565500795909,-41.86866834771028,-21.59022816566544
2014-09-01,-14.531477793847069,-16.83181765040631,-1.657516250550406,-3.374337741804447,7.673446854375635,-11.047784596180085,-14.531477793847069,-3.374337741804447
2014-10-01,6.053723871126572,2.513930307250257,0.13260631729228572,25.647682540013157,31.395141017100663,-5.747458477087502,6.053723871126572,25.647682540013157
2014-11-01,-2.530578833180235,-6.022528668663368,0.990298922265761,26.33844722006059,30.302052048375664,-3.963604828315073,-2.530578833180235,26.33844722006059
2014-12-01,,,1.6651146760184186,,,-2.054324174460917,,
2015-01-01,31.67337617091302,29.569169443565052,1.816010868218817,83.32294402470718,83.95162423130644,-0.6286802065992259,31.67337617091302,83.32294402470718
2015-02-01,16.20921458844564,15.396638589818648,1.9878704243776992,80.6797272290875,79.80279049533715,0.876936733750352,16.20921458844564,80.6797272290875
2015-03-01,38.18598250944207,35.741910286218136,2.2221764920484737,82.62369573276239,80.42324984026648,2.2004458924959183,38.18598250944207,82.62369573276239
2015-04-01,46.585868664175564,43.99923972951083,2.984469485098981,80.92001023154972,74.96461401416987,5.955396217379863,46.585868664175564,80.92001023154972
2015-05-01,45.67079536616571,44.17339209890941,2.736339319854179,85.62772144789056,80.8765633428892,4.751158105001348,45.67079536616571,85.62772144789056
2015-06-01,,,2.5478297179873413,,,1.1756359210396472,,
2015-07-01,21.390947795969822,17.823010294757797,2.657756421301635,46.39829337257627,45.85770078455742,0.5405925880188489,21.390947795969822,46.39829337257627
2015-08-01,-41.51872065791821,-44.58379555734703,1.7787266757149398,-16.42365955622068,-14.036361917540226,-2.387297638680456,-41.51872065791821,-16.42365955622068
2015-09-01,-41.480878642718835,-45.503496691632044,1.4528758233555583,-15.356392428912086,-12.258491887172314,-3.097900541739771,-41.480878642718835,-15.356392428912086
2015-10-01,,,1.9202525412837081,,,-2.9909910308851515,,
2015-11-01,,,2.3122057921283212,,,-2.213003741032649,,
2015-12-01,25.365973164751853,21.881362968883618,2.2439188815714957,45.55143173295221,47.537796306642086,-1.9863645736898767,25.365973164751853,45.55143173295221
2016-01-01,23.67313514753556,21.981495394578626,1.9927126717735064,51.68996506603251,53.9160461566316,-2.2260810905990858,23.67313514753556,51.68996506603251
2016-02-01,5.073372988191086,4.162456755275323,1.6513797727676434,36.67831885897604,39.60488125042431,-2.926562391448273,5.073372988191086,36.67831885897604
2016-03-01,1.8802590780656676,2.0307014853757295,1.2539371219741688,32.60013699876018,36.19891482829648,-3.598777829536293,1.8802590780656676,32.60013699876018
2016-04-01,,,-0.009079512569640114,,,-6.690911163361414,,
2016-05-01,-40.13467973954904,-36.491569708224624,-1.2215400865577368,-8.420428289681233,0.7974443964699723,-9.217872686151209,-40.13467973954904,-8.420428289681233
2016-06-01,-42.78120291035243,-39.78896408033458,-1.138715655185417,-22.618698152278913,-13.294899856260828,-9.323798296018085,-42.78120291035243,-22.618698152278913
2016-07-01,-60.95111638607944,-59.16619955287831,-1.6697911299222983,-41.02170338015423,-29.6610572898967,-11.360646090257536,-60.95111638607944,-41.02170338015423
2016-08-01,-12.928435749135497,-11.97298810234791,-2.136355392087915,8.055252802900302,21.095508790194245,-13.040255987293948,-12.928435749135497,8.055252802900302
2016-09-01,,,-0.9408759195357488,,,-12.188413498537683,,
2016-10-01,,,0.2216623395034947,,,-10.061120027205792,,
2016-11-01,-22.25449931600795,-24.8497842967796,0.969741812288934,1.6315252393419934,10.517679938546618,-8.886154699204626,-22.25449931600795,1.6315252393419934
2016-12-01,24.83458915638671,23.63453404757633,1.3600869008248078,55.97829590383008,63.76955434143547,-7.791258437605399,24.83458915638671,55.97829590383008
2017-01-01,3.8778144948821796,4.5315999213419325,0.3649417389374242,37.03008235984009,46.28090274641013,-9.250820386570052,3.8778144948821796,37.03008235984009
2017-02-01,,,-0.30635920091672936,,,-9.51631884038746,,
2017-03-01,-39.97550084960307,-38.525017413572755,-0.5458964756261097,-9.149341758997029,0.17581446016948754,-9.325156219166518,-39.97550084960307,-9.149341758997029
2017-04-01,-28.568104507247806,-24.84730225429616,-1.9907053127103111,3.0919599390511814,13.682886539100728,-10.590926600049544,-28.568104507247806,3.0919599390511814
2017-05-01,-50.79450297053358,-45.081490807429375,-3.840322419754904,-22.124745699720062,-9.445101427954548,-12.679644271765518,-50.79450297053358,-22.124745699720062
2017-06-01,-78.1538637129939,-73.98301608702108,-4.207515901559616,-58.10849722985084,-44.734452894933426,-13.374044334917423,-78.1538637129939,-58.10849722985084
2017-07-01,,,-4.843602807377138,,,-15.037952885557505,,
2017-08-01,,,-4.818329467668006,,,-16.14206030576999,,
2017-09-01,,,-4.626024355709061,,,-16.6083664232256,,
2017-10-01,,,-0.6061865646321841,,,-7.432411937711625,,
2017-11-01,,,0.12067333285551521,,,-8.321026856443073,,
2017-12-01,,,0.1927692738420818,,,-7.909892458308103,,
2018-01-01,,,-0.3109253409076876,,,-8.407307192925428,,
2018-02-01,,,-0.533543505485356,,,-8.719036355785313,,
2018-03-01,,,-0.8893481970796231,,,-9.370869846635406,,
2018-04-01,,,-2.906214375764697,,,-13.852063333576524,,
2018-05-01,,,-4.409974158911698,,,-16.19071483770407,,
2018-06-01,-75.7635951635569,-70.0335233560775,-5.627333865690368,-46.80096672710712,-28.429119901351857,-18.371846825755267,-75.7635951635569,-46.80096672710712
2018-07-01,-54.29863396605741,-49.35776645256287,-5.401861812605864,-26.20617122524973,-7.973205774289228,-18.2329654509605,-54.29863396605741,-26.20617122524973
2018-08-01,,,-6.273641652938074,,,-19.767017204198247,,
2018-09-01,,,-5.626981526359796,,,-17.973655005980035,,
2018-10-01,4.746156595695222,6.8151619203436296,-2.3492742762232597,34.39693690329241,44.95991175365197,-10.56297485035955,4.746156595695222,34.39693690329241
2018-11-01,-0.003278208380358981,0.9973866931744414,-0.9588054581869131,33.991238378370255,43.61874139707993,-9.627503018709666,-0.003278208380358981,33.991238378370255
2018-12-01,-5.0697668721477855,-3.3663802277001236,-0.5381918583823425,26.481420113894554,35.07659487383592,-8.595174759941356,-5.0697668721477855,26.481420113894554
2019-01-01,11.64493521334739,14.816532137551269,-1.2070580779279048,50.315766768874184,60.17429858559674,-9.858531816722536,11.64493521334739,50.315766768874184
2019-02-01,18.152726048054493,21.98739859481941,-1.6202730049672593,52.50976196820233,63.21817774554034,-10.708415777338,18.152726048054493,52.50976196820233
2019-03-01,-3.343398500105363,0.833355687534253,-1.8617832629426045,34.43422360781684,45.47478875208996,-11.040565144273108,-3.343398500105363,34.43422360781684
2019-04-01,-48.7766823336573,-42.90527480568307,-2.652325865871813,-14.319927149884368,-2.6266995935487607,-11.693227556335609,-48.7766823336573,-14.319927149884368
2019-05-01,-59.619678378968224,-50.83973891462055,-4.421657904645126,-23.924817326269807,-10.627758360631823,-13.297058965637987,-59.619678378968224,-23.924817326269807
2019-06-01,-58.165186639566926,-48.955067210872514,-5.303144788298157,-19.22894901487438,-4.086342410245362,-15.142606604629016,-58.165186639566926,-19.22894901487438
2019-07-01,-57.647258801523016,-49.89012721716278,-5.575907113795371,-24.227770593945394,-7.973701086687943,-16.25406950725745,-57.647258801523016,-24.227770593945394
2019-08-01,-87.64121844225195,-80.4379237474018,-6.378795169084509,-54.16057787440612,-35.97861742721996,-18.18196044718617,-87.64121844225195,-54.16057787440612
2019-09-01,-64.61768471424332,-59.03655233228499,-5.576598165498532,-28.88253318118993,-16.257105471349874,-12.62542770984006,-64.61768471424332,-28.88253318118993
2019-10-01,-73.8637372364265,-68.36097969630575,-5.502757540120764,-41.8685177339773,-28.305202072365244,-13.563315661612057,-73.8637372364265,-41.8685177339773
2019-11-01,-55.267001553381455,-50.03119278053329,-5.235808772848188,-17.410210434346993,-2.8944748151512223,-14.515735619195773,-55.267001553381455,-17.410210434346993
2019-12-01,-38.96496674177599,-33.57144855512393,-5.393518186652068,0.5965486161831581,15.218562330241575,-14.622013714058415,-38.96496674177599,0.5965486161831581
2020-01-01,-29.886019351864817,-23.674426323592776,-6.211593028272057,11.303552650736435,27.156068101840805,-15.852515451104365,-29.886019351864817,11.303552650736435
2020-02-01,-31.529291766736453,-24.767922242181957,-6.761369524554499,7.772331924252038,25.67410629972974,-17.901774375477697,-31.529291766736453,7.772331924252038
2020-03-01,-64.99221720821131,-57.0758124416003,-7.916404766611054,-27.57876483040694,-9.204849704147152,-18.373915126259792,-64.99221720821131,-27.57876483040694
2020-04-01,-79.50598855195787,-70.04557836817753,-9.460410183780374,-39.02463642987924,-18.574886510986858,-20.449749918892383,-79.50598855195787,-39.02463642987924
2020-05-01,-64.0582482051548,-53.24208115221992,-10.816167052934905,-26.72226384978199,-4.966207518856309,-21.756056330925684,-64.0582482051548,-26.72226384978199
2020-06-01,-40.572828328361744,-30.199517356424966,-10.373310971936792,-5.630062436945749,15.06850865393475,-20.6985710908805,-40.572828328361744,-5.630062436945749
2020-07-01,-61.69780682112179,-51.427255943547664,-10.270550877574157,-28.2986257730376,-6.763927884285255,-21.534697888752344,-61.69780682112179,-28.2986257730376
2020-08-01,-53.17904203928665,-45.157869513193596,-8.02117252609306,-17.919502217834932,-4.166612037860644,-13.752890179974292,-53.17904203928665,-17.919502217834932
2020-09-01,-55.784515543432555,-47.90653961158648,-7.877975931846086,-22.801984904161266,-9.252099275717908,-13.549885628443361,-55.784515543432555,-22.801984904161266
2020-10-01,-50.03086862887185,-42.759033578438235,-7.271835050433608,-12.871385080787022,-1.1263468834286143,-11.745038197358411,-50.03086862887185,-12.871385080787022
2020-11-01,-27.94935058777697,-20.2339829557753,-7.715367632001668,15.183157071184242,27.581496867413282,-12.39833979622904,-27.94935058777697,15.183157071184242
2020-12-01,-52.55812213092988,-44.33134134921616,-8.226780781713739,-5.521650113295375,7.562399102900801,-13.084049216196176,-52.55812213092988,-5.521650113295375
2021-01-01,-57.46301526503197,-48.288942884130975,-9.174072380901023,-8.38571354416038,6.044337872604651,-14.430051416765034,-57.46301526503197,-8.38571354416038
2021-02-01,-94.45992664359883,-84.60633962383983,-9.853587019759042,-41.8227440977189,-21.955729199995368,-19.86701489772355,-94.45992664359883,-41.8227440977189
2021-03-01,-75.99068294812358,-65.3289056118743,-10.661777336249296,-24.94289389233227,-3.900708043984911,-21.04218584834736,-75.99068294812358,-24.94289389233227
2021-04-01,-67.93633890863265,-56.08787077361749,-11.848468135015185,-19.516333811952936,3.1093199209574705,-22.625653732910408,-67.93633890863265,-19.516333811952936
2021-05-01,-56.23683534365422,-43.44469021314436,-12.792145130509878,-9.897780813368637,13.329570668111206,-23.227351481479843,-56.23683534365422,-9.897780813368637
2021-06-01,-67.68979279715056,-55.11375356652737,-12.576039230623236,-19.09846927082999,3.2966816774496293,-22.395150948279625,-67.68979279715056,-19.09846927082999
2021-07-01,-45.365036999131874,-34.211702274393296,-11.153334724738597,-5.486615360323271,16.101102827373087,-21.587718187696357,-45.365036999131874,-5.486615360323271
2021-08-01,-33.5069261343402,-22.4565011603205,-11.050424974019696,5.070286879186777,26.185202926735244,-21.11491604754847,-33.5069261343402,5.070286879186777
2021-09-01,-38.01961615316482,-27.140953780524697,-10.878662372640134,-5.05310272606574,17.288363807781327,-22.341466533847065,-38.01961615316482,-5.05310272606574
2021-10-01,-22.563155023997176,-12.524515470677997,-10.038639553319172,7.461437339819033,30.23769475033652,-22.77625741051748,-22.563155023997176,7.461437339819033
2021-11-01,-56.195979290129436,-46.18013253573411,-10.015846754395366,-16.12072780794802,6.174794408363818,-22.29552221631184,-56.195979290129436,-16.12072780794802
2021-12-01,-70.68211483730069,-60.458407008676495,-10.223707828624208,-28.307807149971726,-5.936956953849309,-22.370850196122422,-70.68211483730069,-28.307807149971726
2022-01-01,-47.36336040293984,-36.403551575283444,-10.959808827656408,-4.617521708530262,18.506292417343715,-23.123814125873967,-47.36336040293984,-4.617521708530262
2022-02-01,-60.20956158898336,-48.78589005594596,-11.423671533037437,-17.875057569810064,5.608143132816777,-23.483200702626846,-60.20956158898336,-17.875057569810064
2022-03-01,-67.35380045629861,-55.43219238783963,-11.921608068459053,-24.030922194202407,-0.24896968865676503,-23.78195250554564,-67.35380045629861,-24.030922194202407
2022-04-01,-80.50489588291354,-67.49839890011893,-13.006496982794653,-36.60456219137891,-12.00469611590212,-24.599866075476793,-80.50489588291354,-36.60456219137891
2022-05-01,-95.7550834164081,-81.91002773013122,-13.845055686276947,-50.67571898716526,-25.183377515723624,-25.492341471441637,-95.7550834164081,-50.67571898716526
2022-06-01,-107.33608993688271,-92.514860340665,-14.821229596217753,-61.78871764452252,-35.09141997307175,-26.697297671450777,-107.33608993688271,-61.78871764452252
2022-07-01,-107.48889175330156,-92.04616844980085,-15.442723303500745,-64.34816827624904,-36.182289676150965,-28.165878600098083,-107.48889175330156,-64.34816827624904
2022-08-01,-78.74495106972594,-62.752200844088556,-15.992750225637403,-40.48164781027832,-11.535241407516937,-28.946406402761394,-78.74495106972594,-40.48164781027832
2022-09-01,-41.49340157208005,-29.116210073643042,-12.377191498437051,2.769320272395703,24.374037924478806,-21.604717652083096,-41.49340157208005,2.769320272395703
2022-10-01,-78.0668921152748,-67.1149861332508,-10.951905982024035,-35.47014095387766,-14.586386991792008,-20.883753962085652,-78.0668921152748,-35.47014095387766
2022-11-01,-85.72686534437413,-75.01164279210718,-10.715222552266988,-39.009375271818755,-17.99063373535956,-21.018741536459196,-85.72686534437413,-39.009375271818755
2022-12-01,-69.94478299338964,-59.22630053787907,-10.718482455510618,-21.638569808064176,1.343153210796126,-22.981723018860308,-69.94478299338964,-21.638569808064176
2023-01-01,-67.90689439571119,-56.735771034673505,-11.17112336103771,-19.182294117069354,4.540353639560803,-23.722647756630156,-67.90689439571119,-19.182294117069354
2023-02-01,-69.03889294733864,-57.135323972583656,-11.903568974754984,-16.515460925919324,8.06615062928075,-24.581611555200084,-69.03889294733864,-16.515460925919324
2023-03-01,-75.7649371036128,-62.93783070834964,-12.827106395263185,-21.559630168483707,4.171527324746828,-25.73115749323054,-75.7649371036128,-21.559630168483707
2023-04-01,-84.98279582122923,,-6.161506741774624,-33.13557564211465,-7.849654809752878,-25.385942569417324,,-33.13557564211465
2023-05-01,-89.54735644571036,-75.38564584437752,-14.161710601332883,-39.14626830062461,-15.477455419012033,-23.668812881612585,-89.54735644571036,-39.14626830062461
2023-06-01,-110.21136598310235,-96.44043339656108,-13.77093258654129,-60.436312924498225,-37.48887378792413,-22.947439136574094,-110.21136598310235,-60.436312924498225
2023-07-01,-126.17927483268467,-111.49400360929181,-14.685271223392911,-78.13488812649639,-53.53009024132202,-24.60479788517438,-126.17927483268467,-78.13488812649639
2023-08-01,-144.3386818259923,-128.85589818271487,-15.482783643277502,-96.02816186405276,-69.7524081103033,-26.27575375374946,-144.3386818259923,-96.02816186405276
2023-09-01,-153.389537202753,-137.40545005618551,-15.984087146567568,-105.07097778587594,-77.86885873193849,-27.202119053937484,-153.389537202753,-105.07097778587594
2023-10-01,-129.9842294377021,-113.7022114637693,-16.28201797393288,-76.29695626621985,-49.0539905768883,-27.242965689331555,-129.9842294377021,-76.29695626621985
2023-11-01,-115.7863845426147,-99.970051600835,-15.816332941779791,-63.08546281900433,-36.653946004888745,-26.431516814115597,-115.7863845426147,-63.08546281900433
2023-12-01,-106.0089424970498,-90.33471179436333,-15.674230702686547,-51.25291103698982,-25.58846051380389,-25.66445052318595,-106.0089424970498,-51.25291103698982
2024-01-01,-90.58402568424962,-74.81930300319893,-15.764722681050756,-32.378340150790294,-6.623671473048568,-25.75466867774173,-90.58402568424962,-32.378340150790294
2024-02-01,-95.89219992604458,-79.88157503391325,-16.01062489213136,-38.25576180300744,-13.083467197944953,-25.172294605062493,-95.89219992604458,-38.25576180300744
2024-03-01,-106.16007992538707,-89.98128022572249,-16.178799699664605,-52.145308428782904,-27.612503542139162,-24.532804886643753,-106.16007992538707,-52.145308428782904
2024-04-01,-141.2366117916537,-124.34394549950537,-16.892666292148398,-81.52860619476205,-55.48362846361467,-26.044977731147384,-141.2366117916537,-81.52860619476205
2024-05-01,-119.99022906102432,-101.56832722030036,-18.421901840724015,-61.360393386328475,-31.73207496329587,-29.62831842303262,-119.99022906102432,-61.360393386328475
2024-06-01,-127.56456878528451,-108.58477234661194,-18.979796438672636,-78.5540548262101,-47.90842979896601,-30.645625027244087,-127.56456878528451,-78.5540548262101
2024-07-01,-71.9210959629548,-61.56128837822759,-10.359807584727209,-24.572689544836095,-10.124213892274325,-14.448475652561772,-71.9210959629548,-24.572689544836095
2024-08-01,-80.9475221111912,-72.31237145322295,-8.635150657968275,-36.618392809468354,-23.326275310045972,-13.292117499422375,-80.9475221111912,-36.618392809468354
2024-09-01,-77.12728430315084,-69.38981947601546,-7.737464827135403,-40.26891199318409,-28.119036823720638,-12.14987516946345,-77.12728430315084,-40.26891199318409
2024-10-01,-82.55176322311432,-75.97478763243453,-6.576975590679836,-36.273660133600565,-26.136377938299834,-10.137282195300742,-82.55176322311432,-36.273660133600565
2024-11-01,-72.85196700209586,-66.5877450719298,-6.264221930166073,-15.779260532135263,-6.847370295058441,-8.931890237076825,-72.85196700209586,-15.779260532135263
2024-12-01,-72.66943145001123,-65.67810359305261,-6.991327856958647,-14.261059352079199,-5.6659876817934,-8.5950716702858,-72.66943145001123,-14.261059352079199
2025-01-01,-85.4182063336966,-78.59696890110689,-6.821237432589724,-26.751229419245778,-16.527264540178408,-10.223964879067383,-85.4182063336966,-26.751229419245778
2025-02-01,-114.9326414873693,-107.54400826558812,-7.3886332217812205,-57.10786325827397,-45.78518355296788,-11.322679705306108,-114.9326414873693,-57.10786325827397
2025-03-01,-121.12680049174125,-113.2649400494053,-7.861860442336001,-58.52129289094592,-46.660375547039976,-11.860917343905976,-121.12680049174125,-58.52129289094592
2025-04-01,-90.41685185097734,-81.89723324146613,-8.519618609511243,-30.267367298694374,-18.080551580705116,-12.186815717989264,-90.41685185097734,-30.267367298694374
2025-05-01,-137.3723182495412,,-3.0002374240803955,-77.64487067549071,,-9.762786799247747,,
2025-06-01,-127.41732538693489,,-3.000997872128788,-74.62603746750561,,-9.765261300801782,,
2025-07-01,-77.40400917731007,,-2.9620455309712956,-30.366625593233408,,-9.638510198039068,,
2025-08-01,-95.76906817765358,,-2.997385182228656,-50.95624097068408,,-9.753505590742403,,
2025-09-01,-89.52974464712429,,-3.022013391009884,-43.95348851320717,,-9.833645898855583,,
2025-10-01,-81.67356365023387,,-3.0177095417752784,-33.12704060154853,,-9.819641153045692,,
2025-11-01,-99.7323167525625,,-3.08551016649105,-45.110182499163955,,-10.040264707249499,,
2025-12-01,-113.37045923579811,,-3.01777445481036,-62.09392108873323,,-9.819852380369543,,
2026-01-01,-90.6173862317222,,-2.926667525658597,-34.496318223591864,,-9.523390001057857,,
2026-02-01,-94.48241819431148,,-2.88366786402343,-39.03505268221657,,-9.383468898276266,,
2026-03-01,-122.40272363566976,,-2.8685936284570244,-65.93409980398275,,-9.334417264290478,,
