time,gsfc_tws,gsfc_minus_res,csr_tws,gsfc_tws_nl,gsfc_minus_res_nl,csr_tws_nl
2002-04-01,-49.621042567293344,-34.64404530556087,-47.821369060968834,-64.48726760654564,,-41.93150775674023
2002-05-01,-54.22248789140044,-38.65304560978907,-53.05108199984063,-65.66461220336045,,-46.10445210169571
2002-06-01,,,,,,
2002-07-01,,,,,,
2002-08-01,-42.225799864183216,-28.605133436604223,-26.160161808712456,-63.55784903755095,,-31.23213567570531
2002-09-01,-24.80292882864222,-12.520256405701744,-6.1011407295352855,-41.068405378806666,,-13.40388523572955
2002-10-01,-11.123972589202815,-0.6559573128024583,14.910158701528575,-25.757489348262638,-7.878727076018195,7.8308011038873815
2002-11-01,11.495124470700766,19.964993862863746,9.55088588223452,-2.2840889750438986,8.215948777999378,1.0352953952967083
2002-12-01,27.33008044299097,36.098669793304126,-3.255334988887508,16.64959535972132,26.227516175461584,-8.024070207002316
2003-01-01,-8.920623338280794,0.722161313318925,-33.68496478086908,-20.800696831224926,-11.462697544409602,-39.01625602039276
2003-02-01,-0.4171088829559458,10.439665137779894,8.142930384965506,-7.568668372627206,2.7768686643781937,11.697946751142565
2003-03-01,7.237536592508586,18.09518006869781,-1.6199814444849503,-2.4941928800597624,8.477446279863846,5.690170695614771
2003-04-01,-29.09092341776001,-17.471478877402838,-21.303684488370354,-38.22212490182618,-26.020203046838162,-9.880725299009711
2003-05-01,-51.61748505843594,-37.74065594394981,-52.11226932449594,-61.44658875550404,-45.922214852817845,-41.88979718783826
2003-06-01,,,,,,
2003-07-01,-24.462999260284107,-13.26930168132186,-28.20603213196384,-37.81755014580107,-22.721687781275005,-30.587027986805797
2003-08-01,-44.581599874034325,-34.37884643202168,-22.54370407189709,-60.19007606201386,-44.24465437058182,-26.37052859145935
2003-09-01,-1.1467882046376636,7.646706252036292,3.892568816629709,-12.866605686133424,-0.17478268230087662,-2.9579360072893865
2003-10-01,54.05220722185049,56.82944638984167,58.474501106024526,53.87439640400119,52.86178826861187,61.03576192849175
2003-11-01,75.28703704527432,76.23080169891465,57.889079282974706,90.75044905605145,85.15005853908823,67.51303707839917
2003-12-01,52.93808622175668,54.23098701048401,29.164683691706447,66.91972489931543,59.770977787447954,30.2503569251596
2004-01-01,45.68414616147716,47.76917417645232,26.324684088969295,51.37639163399862,44.164547812404514,23.88642898066315
2004-02-01,18.947989217574236,21.068266101260253,12.57210367526053,18.776423671508486,12.665944135468745,17.522222992965382
2004-03-01,27.708345043274946,30.86408847217866,13.854536725954004,38.86997324947236,32.69628029200926,22.970103937561134
2004-04-01,34.64379561954495,36.66509093620231,3.3516537920969074,39.061155381304566,29.611738230336258,17.900164510034877
2004-05-01,38.651651858716114,40.74218902051396,-2.835639677064335,44.48595874680311,38.02161255169665,7.495309788987429
2004-06-01,21.38351584924046,21.75821192490391,8.16934990579477,14.427829581399095,12.445831539795918,12.512073484399997
2004-07-01,6.590769858834611,7.414687089474255,-1.1372975283080033,-7.552200394407118,-8.695948713356325,0.7017567152507721
2004-08-01,3.9884550543563195,4.067881851061482,2.79857146111936,-5.93441600711381,-6.071690052847857,-1.456105453639431
2004-09-01,12.393797585678891,10.644532236488956,14.736567080796746,4.006424732554564,-1.289284061211612,11.360386015392999
2004-10-01,35.86767385280932,33.71437906172484,32.30452867559669,26.05904388570063,19.981444133596245,25.405010023567677
2004-11-01,33.83891086298583,31.125780674015832,28.787251147675917,24.755704252238026,18.268561117764904,16.28028991451446
2004-12-01,47.00166096472956,43.991181383156466,37.34187937624125,41.135554793927874,34.23946766763685,24.088451054366733
2005-01-01,34.1281132154418,32.67224306343044,32.06048546126063,30.991082266499856,25.480848013712095,26.30988342486042
2005-02-01,48.886019699412394,46.80422854834404,36.41372468948299,45.33668917518884,39.88216956668445,29.784737193514964
2005-03-01,39.09940434524068,36.74828101436966,17.961849761819387,37.085222280726235,30.486404583214377,23.69740876350538
2005-04-01,20.52482578452057,19.925853816823818,7.1622034489757676,14.108335786015534,12.976466444088322,14.42035411097365
2005-05-01,-18.12092199715357,-16.686609471951616,-19.20170035324015,-23.065235801564107,-20.471331378047743,-10.945595262603016
2005-06-01,-32.69893705879166,-30.409089598134315,-20.242904877066763,-40.664663951524645,-36.474781955409,-16.779266300377827
2005-07-01,-26.102025528876407,-23.232379875002575,-3.6857028014873543,-35.67705117056622,-29.65450355254953,-3.816716855740265
2005-08-01,8.513771150589974,8.44651587611623,0.7458172915255236,0.6254868979844045,-3.0851674541066783,-0.9294385678096209
2005-09-01,-8.422677521695741,-9.1781399025791,3.2822856671743357,-17.81215290507919,-21.04125903669061,-4.746009023429097
2005-10-01,-9.232460184180885,-11.090262410206448,12.384584925334009,-15.830086810885534,-21.67271663332826,5.514476193543408
2005-11-01,-28.760131070855035,-31.258558563003227,2.8225710413512557,-32.04305275754859,-40.59575032003329,-1.1604330394790703
2005-12-01,-26.81782553826281,-29.11713878055898,-5.698152216686542,-29.552513889515993,-38.28185985551011,-7.868196220307253
2006-01-01,-21.286594764426948,-22.754046129341052,-25.37337495775378,-18.827710516142478,-25.979957816138857,-23.88075702071469
2006-02-01,-34.5814500084355,-34.681307828218,-31.979254622532725,-34.464808885249646,-40.56626320912735,-28.150825454808036
2006-03-01,-54.440439301718314,-53.47636890303563,-31.51555757117235,-55.84104801447562,-57.849116937264775,-26.235248404487837
2006-04-01,-56.4337867231763,-52.01723950704192,-39.866783618682085,-57.454283614220934,-52.714997379005666,-31.429649447486852
2006-05-01,-69.99937134334522,-65.02674045012145,-53.29697273061691,-72.17573448894107,-64.00402053070053,-44.33179978139376
2006-06-01,-62.36559805906362,-57.04073019090938,-58.01929315149762,-66.66102897221032,-57.27174042798022,-52.32088214916811
2006-07-01,-44.01339221399448,-38.7640592482339,-42.41948383204206,-48.21499803252437,-37.28291702090088,-43.263204124842304
2006-08-01,-31.435876652775544,-26.702815389088975,-13.445730005322407,-36.747528282359895,-24.251168049439052,-14.639476346946553
2006-09-01,-26.457507739980073,-22.236617431552823,0.24942636080704647,-31.175363772832306,-19.09241147276651,-3.141197470732363
2006-10-01,-8.480874796528209,-6.314494025317613,18.761822323860155,-12.161447952381874,-3.330417001612355,12.486946302392523
2006-11-01,-4.952737277816452,-3.2520776718825437,-0.9959562060979439,-7.403768727874735,1.3129877911551764,-9.284752742371111
2006-12-01,1.4971121551237954,3.7502285471533696,-6.528136376709522,1.181621196994124,9.966850619714332,-13.173182849352719
2007-01-01,27.27035178224047,31.478232300398222,16.610259869173735,29.709758043225975,38.16654914169509,13.776820776638642
2007-02-01,6.692188589995488,11.629740585636009,2.6289931216097413,9.601500261046272,17.519578550695357,4.334683272974285
2007-03-01,-6.235380086616376,-0.9028973515344924,-1.812552210017456,-3.1421859121104565,5.2338729299459805,5.234413724898313
2007-04-01,-16.035431284911166,-8.364216958632344,-20.277452516356288,-15.23951370212159,-4.741802028310505,-13.798296958123643
2007-05-01,-36.83775285330029,-25.854623847854942,-31.377357323458455,-39.480365161413836,-26.55599095792283,-29.07219795898373
2007-06-01,-32.46387268915594,-21.77108323228777,-22.798801389539396,-28.193817988789537,-15.901681281839835,-20.145041655126235
2007-07-01,-14.534966988383518,-9.852758564694463,-3.055112880939478,-12.66182526887238,-3.0463332319367256,0.770935098255996
2007-08-01,-1.4606644039079386,0.6598943160335399,23.24168961526641,-4.101754967886889,0.9700519275214744,14.447862195114702
2007-09-01,29.10908666572055,26.880836941249303,41.29536672773492,25.477330134020793,25.25764711119359,30.97910455993201
2007-10-01,18.202895522948,13.055333417411202,35.256207666146715,14.799520648224116,12.3141160621287,24.684409691703724
2007-11-01,11.19399862440283,8.349198032760526,15.170470102088098,14.53464391394508,12.454560622725529,5.07631592471871
2007-12-01,-10.934650734073854,-13.087552992661651,-4.770565152197492,-12.855782847806152,-14.51464247299653,-14.493815911253856
2008-01-01,1.5279148944136234,1.8462758207973309,9.459440126085438,6.203805298550836,7.766060951002561,2.093085286333879
2008-02-01,-8.135776105305547,-6.492232686252635,-8.942653076342095,-5.448327251236078,-2.575986762227755,-9.006196110924815
2008-03-01,-15.210788541401255,-12.866116168486567,-25.32428033378946,-16.680356495484897,-12.543114022255297,-22.0914141342019
2008-04-01,-20.530234741327316,-15.658778975742027,-45.40016486202345,-21.60101685404879,-14.491005791181934,-41.32543004265827
2008-05-01,-29.394550986902257,-22.382907877433382,-50.702099865015136,-27.11843193306877,-17.835664651836435,-45.15750517313642
2008-06-01,-51.953759933156356,-46.18736371217187,-49.72391571370104,-54.97885411317668,-43.26327816018702,-47.59720564779
2008-07-01,0.39148555971005866,3.8924995571894665,-2.0594591360153705,-2.2691333410985903,10.005897121552177,-6.381329148842213
2008-08-01,18.71236670089369,20.88772213815581,7.535106909960243,14.174229356879271,26.370466450730824,5.499072897863809
2008-09-01,86.3791827865492,83.23152228433872,80.0317832818703,84.98689933791829,89.09208256756358,79.74817792920938
2008-10-01,87.71992168313886,76.4552583109954,78.44455955347954,95.1401264906911,83.08514866637873,76.67404951746532
2008-11-01,38.44372662926326,26.868311715400083,41.56890173216393,44.82033676810983,29.772758597395363,38.91796774702163
2008-12-01,43.289646289545935,32.4745486065475,31.076213342803594,54.49150134679994,38.14334540909697,32.80743851530185
2009-01-01,33.480533745869934,23.741819038671053,13.855025328678803,48.32915954432969,32.34068010140362,18.30480435229884
2009-02-01,17.294163701777425,8.027916925313287,-11.136430406147559,29.201801046632013,13.977206628726911,-5.476429234126168
2009-03-01,0.5244685414443968,-7.584147115442731,-12.703787051810123,10.72362656051908,-3.581075022364338,-4.494819619445076
2009-04-01,-16.662170280739023,-21.99178219695878,-25.907053548699714,-0.507766242982495,-10.660552862181499,-15.225398361572015
2009-05-01,-16.692661095092895,-19.844829009996097,-25.734017981922893,-6.620208308052347,-11.400508523815713,-16.91842805334355
2009-06-01,-19.20552934255193,-22.364191271734633,-19.945726515262322,-9.576004951421625,-12.264825028321034,-10.075643872618132
2009-07-01,-28.250304068111408,-32.60230751760729,-29.343728620296872,-24.940689772968945,-25.959130754029797,-27.37082605732244
2009-08-01,-49.73021370849705,-52.96224857194042,-25.063504661810157,-45.57850146308472,-44.22017434198326,-23.660854134477713
2009-09-01,-13.403054916586305,-17.674319324654274,2.7391341269245455,-8.080440494101357,-6.510686920204422,1.313396192722976
2009-10-01,20.721420731322876,16.112216776424535,27.220639271830922,25.661881718127745,26.181809536345277,21.50138181916341
2009-11-01,2.9879253586357692,-1.3496938938683838,14.106205302274509,8.380456707167413,8.880800406771135,4.913199204835873
2009-12-01,28.983134453673188,25.879976670513727,19.994710792437328,39.81459730864086,40.009968389471226,16.43044647668782
2010-01-01,30.212824497019064,27.337129665030766,8.146350934065993,42.92392616463192,42.56536512958771,8.234590294744491
2010-02-01,35.98296648626135,33.158912119094424,19.632561810001057,46.96195477441607,46.02844085788915,18.785197302954337
2010-03-01,7.281624102026849,4.77312837580298,13.864789261184995,7.302531308613625,5.871595344896922,20.800522623022808
2010-04-01,-6.462777897859754,-8.268296460057446,5.315136076374256,0.4140711380116722,-1.2137200072674263,15.79481401970045
2010-05-01,-7.5676571180610885,-8.115240008607953,-17.960828177089798,2.7772689386901965,0.6819145295330623,-8.140761975367555
2010-06-01,-14.173882097591896,-13.941858828636835,-20.76520234563764,-2.964786045884841,-2.939867993194964,-14.178561181765115
2010-07-01,62.88523106474423,51.544035758371884,72.5432130483453,84.50161215596003,66.03649963136914,100.11142639372164
2010-08-01,48.35019045546559,35.69452392969094,57.95586962635863,61.117221248802004,49.48662109645774,69.63647319425235
2010-09-01,46.75751658180949,32.63132716585524,62.89210299265624,61.220931908288854,48.03607899275346,58.267740082130686
2010-10-01,32.48112093590546,18.07790338658244,57.100738743311354,52.29427699228326,34.135579583999494,65.15655399178304
2010-11-01,10.972349221254541,-1.615183318150809,17.72473838793179,32.471860261469615,17.178373541664843,15.520425764151858
2010-12-01,4.624051522167863,-7.599392064373018,14.150456028697942,27.107657711018366,10.88651530812277,14.115034439052549
2011-01-01,,,,,,
2011-02-01,-37.40124172834194,-47.245990436891645,-1.7024407710441378,-20.859673279074414,-34.009051022326176,6.584050283988996
2011-03-01,-12.001725234858906,-20.276146654152825,-4.756569859368451,15.102297732991309,1.8118051757827802,6.995505635706816
2011-04-01,-38.01130911334345,-45.10743070533312,-24.102699070123023,-15.969207894486939,-26.434572260164146,-9.34790781546192
2011-05-01,-40.86562514280119,-44.830638864271855,-48.87376205475552,-18.442619721796607,-22.592374511931574,-37.027188596959746
2011-06-01,,,,,,
2011-07-01,-38.01735870456057,-47.21428929547641,-7.538374175236436,-36.85010728220649,-37.5232041987869,-7.267146660663041
2011-08-01,-54.985224049215255,-62.60788462612048,-19.760284635007228,-46.78936748003676,-44.893650074466464,-17.780595650630122
2011-09-01,-52.49853458530177,-60.393487251268574,-24.719861590410627,-44.737271402146156,-41.16167790265292,-21.92827846571201
2011-10-01,-47.058602473517034,-54.507389368147614,-29.57157564860655,-39.892618184172036,-35.2994589072323,-28.511787033015302
2011-11-01,-41.34466166304259,-47.09737731016893,,-29.208218739615585,-23.39826487322821,
2011-12-01,-49.95121796555396,-53.163797466158734,-31.007102692889532,-33.84414999532479,-27.458747730387206,-29.327311340172734
2012-01-01,-59.42543631733068,-60.902949018743264,-33.35669868806945,-44.75123496810907,-35.90813703573386,-31.921167079413173
2012-02-01,-38.680166554929315,-39.4525706879103,-24.90563816410839,-23.817168859179173,-15.916890835897876,-19.951883555452586
2012-03-01,-43.37526916948638,-43.26337334448615,-35.85268487868783,-27.268921116840485,-20.60916999660162,-32.0956433065724
2012-04-01,-56.93717060818963,-55.91288429222558,-51.6473350227899,-41.108579380509674,-32.83801621697715,-47.50035382547295
2012-05-01,,,,,,
2012-06-01,-80.7620313645532,-77.15422000362767,-48.23312140286432,-68.37457325021306,-53.562733249655025,-38.89915737461361
2012-07-01,-67.23837789976773,-64.48479083303644,-44.53285937293739,-56.834367650280775,-40.235351204251536,-42.1267618053321
2012-08-01,-58.80158693976918,-56.995786729894036,-39.05585350574104,-48.68198193897232,-30.46751936980797,-41.89167247608562
2012-09-01,-44.349895378887624,-42.67035215674863,-26.402010816351975,-34.34447613349228,-15.612299604280377,-33.56320336613693
2012-10-01,,,,,,
2012-11-01,-68.34261051211877,-64.9644627847503,-41.06993774271248,-53.68317673634958,-35.21557590347361,-49.60114873198892
2012-12-01,-66.83878266797437,-62.557993762656615,-42.9813644176671,-49.412530974938676,-26.39697715510281,-37.90847691270782
2013-01-01,-69.39281034021957,-62.84700100389517,-55.097943027895354,-50.54917081533776,-26.807106547043745,-54.49230197339183
2013-02-01,-67.41454178298595,-59.07089446760614,-80.96512818609993,-44.19402246126604,-21.338083376653223,-73.10100271968389
2013-03-01,,,,,,
2013-04-01,-93.4505504337731,-82.55199050346052,-65.91090359773206,-75.0963359364631,-47.13651175397254,-52.41522245648448
2013-05-01,-70.71678400047361,-58.698475576569976,-68.62910249210223,-47.096802258371795,-18.501192554023344,-54.08080857049246
2013-06-01,-63.26135493802658,-51.32513006198181,-67.28960875756766,-39.4879675022396,-11.257103761084466,-56.232206185495635
2013-07-01,-58.86379271796935,-48.89167443627283,-57.18356916095011,-43.948392134219894,-15.352588991498065,-55.18079711543449
2013-08-01,,,,,,
2013-09-01,,,,,,
2013-10-01,4.655914740438617,2.7575378419748544,25.416418573934173,29.388360035752843,40.071779539474115,19.87709004331078
2013-11-01,16.797140580824102,14.87683432063585,18.75714889131193,42.62378011628547,53.06626212613408,10.173767579805052
2013-12-01,23.091099935187422,21.18310286263841,14.19805421400417,44.84437783597373,53.80887783749011,12.266018761359017
2014-01-01,27.447835249685088,24.45873883363338,14.451139206862681,48.9596072356473,55.763971541026734,12.351615448511348
2014-02-01,,,,,,
2014-03-01,12.29062946015774,12.4928487297231,1.1202126486514767,59.23154232424423,64.7836929900866,13.012653131321242
2014-04-01,-18.833350067389887,-18.564047993174075,-33.752673537831534,11.318807745178452,17.215594093552806,-15.440358571754196
2014-05-01,-25.631974202842137,-22.768644253987745,-38.83135094170228,11.566638667570844,20.01914316687863,-25.29584629402305
2014-06-01,-43.093470466278475,-40.92558442353018,-45.20668855802624,-20.884851800494378,-10.160829365793376,-41.83272842678109
2014-07-01,,,,,,
2014-08-01,-41.86866834771029,-42.185886475117265,-28.91021965316521,-21.590228165665444,-9.546662664869526,-21.873060639969758
2014-09-01,-14.531477793847086,-16.83181765040631,15.05598668701862,-3.374337741804448,7.673446854375638,16.141352640801163
2014-10-01,6.053723871126567,2.513930307250257,5.977775683456314,25.64768254001316,31.39514101710066,7.659651992678721
2014-11-01,-2.5305788331802286,-6.022528668663368,9.179820353267761,26.338447220060594,30.302052048375675,12.259067489078403
2014-12-01,,,,,,
2015-01-01,31.67337617091303,29.569169443565052,33.761207796201646,83.32294402470723,83.95162423130644,37.889044469414834
2015-02-01,16.209214588445654,15.396638589818648,23.59705633632537,80.6797272290875,79.80279049533716,33.67903519047489
2015-03-01,38.18598250944208,35.741910286218136,35.60378412483781,82.6236957327624,80.4232498402665,48.404992902591495
2015-04-01,46.585868664175585,43.99923972951083,30.29974334778596,80.92001023154975,74.96461401416988,56.40628214189657
2015-05-01,45.67079536616572,44.17339209890941,,85.62772144789056,80.8765633428892,
2015-06-01,,,,,,
2015-07-01,21.390947795969826,17.823010294757797,49.68476918994465,46.398293372576276,45.85770078455743,63.68600776099486
2015-08-01,-41.518720657918216,-44.58379555734703,-10.715521346324229,-16.423659556220677,-14.036361917540221,-5.801581004107361
2015-09-01,-41.48087864271885,-45.503496691632044,-3.5523559460366494,-15.356392428912084,-12.25849188717231,-0.9070389874710391
2015-10-01,,,,,,
2015-11-01,,,,,,
2015-12-01,25.36597316475186,21.881362968883618,22.0073750744157,45.55143173295222,47.53779630664209,14.05797313908428
2016-01-01,23.67313514753557,21.981495394578626,12.108574097136012,51.68996506603252,53.9160461566316,6.0850448314015235
2016-02-01,5.073372988191087,4.162456755275323,-1.4443130776437314,36.67831885897604,39.60488125042431,4.16670361120597
2016-03-01,1.8802590780656692,2.0307014853757295,5.248914277085051,32.60013699876019,36.19891482829648,12.781344168990088
2016-04-01,,,,,,
2016-05-01,-40.13467973954906,-36.491569708224624,-21.05667075835849,-8.420428289681231,0.7974443964699764,-10.21021455515194
2016-06-01,-42.781202910352455,-39.78896408033458,-13.31075930312772,-22.618698152278906,-13.294899856260825,-8.022949233674856
2016-07-01,-60.95111638607945,-59.16619955287831,-23.456887821250714,-41.021703380154236,-29.661057289896696,-20.40388647854045
2016-08-01,-12.928435749135497,-11.97298810234791,-2.35683053705038,8.055252802900302,21.095508790194256,-4.9390826794224045
2016-09-01,,,,,,
2016-10-01,,,,,,
2016-11-01,-22.254499316007955,-24.8497842967796,14.647035821785808,1.631525239341993,10.517679938546621,3.5957363820882966
2016-12-01,24.834589156386723,23.63453404757633,3.4965553435922754,55.97829590383009,63.769554341435494,-2.7131492327519675
2017-01-01,3.877814494882181,4.5315999213419325,18.993271584586935,37.030082359840094,46.280902746410135,16.89529556797175
2017-02-01,,,,,,
2017-03-01,-39.975500849603094,-38.525017413572755,-4.917318724792146,-9.149341758997032,0.175814460169492,2.001260199248606
2017-04-01,-28.56810450724782,-24.84730225429616,-39.3321178572613,3.091959939051182,13.68288653910073,-30.021348759090966
2017-05-01,-50.79450297053358,-45.081490807429375,-29.191998289656254,-22.124745699720062,-9.445101427954542,-17.86089285792345
2017-06-01,-78.15386371299392,-73.98301608702108,-56.889568699205654,-58.10849722985085,-44.734452894933426,-55.72070892995389
2017-07-01,,,,,,
2017-08-01,,,,,,
2017-09-01,,,,,,
2017-10-01,,,,,,
2017-11-01,,,,,,
2017-12-01,,,,,,
2018-01-01,,,,,,
2018-02-01,,,,,,
2018-03-01,,,,,,
2018-04-01,,,,,,
2018-05-01,,,,,,
2018-06-01,-75.76359516355693,-70.0335233560775,-47.69572873433678,-46.80096672710712,-28.429119901351847,-38.28189814249196
2018-07-01,-54.298633966057444,-49.35776645256287,-12.148903249767253,-26.206171225249737,-7.973205774289225,-9.163028736801477
2018-08-01,,,,,,
2018-09-01,,,,,,
2018-10-01,4.746156595695224,6.8151619203436296,28.56811154922465,34.39693690329242,44.95991175365197,19.500923272519554
2018-11-01,-0.0032782083803544046,0.9973866931744414,25.519972925156438,33.99123837837026,43.61874139707994,17.372667714871465
2018-12-01,-5.0697668721477855,-3.3663802277001236,5.049848573002034,26.481420113894558,35.07659487383592,-1.0322998347069101
2019-01-01,11.644935213347395,14.816532137551269,22.695168540952043,50.3157667688742,60.17429858559674,17.36805979459498
2019-02-01,18.152726048054507,21.98739859481941,15.803247896611285,52.50976196820233,63.21817774554034,15.786993688965934
2019-03-01,-3.343398500105367,0.833355687534253,-1.4367035915869466,34.43422360781685,45.474788752089964,3.084925151187401
2019-04-01,-48.77668233365732,-42.90527480568307,-34.25875539705679,-14.319927149884368,-2.626699593548757,-20.39750483275351
2019-05-01,-59.61967837896825,-50.83973891462055,-25.954255354791545,-23.924817326269817,-10.627758360631816,-18.928952227716067
2019-06-01,-58.16518663956695,-48.955067210872514,-40.890247658860225,-19.228949014874377,-4.086342410245359,-33.079276270239355
2019-07-01,-57.64725880152302,-49.89012721716278,-39.8495104474722,-24.22777059394539,-7.97370108668794,-40.594996310983376
2019-08-01,-87.64121844225201,-80.4379237474018,-72.46292514967813,-54.16057787440614,-35.97861742721995,-66.4397602816811
2019-09-01,-64.61768471424334,-59.03655233228499,-50.965228011274114,-28.882533181189938,-16.25710547134987,-47.127857092778285
2019-10-01,-73.8637372364265,-68.36097969630575,-28.99662934283226,-41.868517733977306,-28.305202072365233,-27.54584961770085
2019-11-01,-55.267001553381476,-50.03119278053329,-21.38411199506538,-17.410210434346993,-2.8944748151512214,-25.462198659355096
2019-12-01,-38.96496674177602,-33.57144855512393,-22.390291419781157,0.596548616183161,15.218562330241578,-23.941065519425194
2020-01-01,-29.886019351864835,-23.674426323592776,-49.94512653105866,11.303552650736439,27.156068101840813,-52.059897830723024
2020-02-01,-31.52929176673646,-24.767922242181957,-23.302981847246354,7.7723319242520414,25.674106299729747,-21.328177639482973
2020-03-01,-64.99221720821131,-57.0758124416003,-47.9821878212007,-27.578764830406943,-9.204849704147147,-40.47273535646979
2020-04-01,-79.5059885519579,-70.04557836817753,-85.05658868311392,-39.024636429879244,-18.574886510986854,-88.64246814497433
2020-05-01,-64.05824820515481,-53.24208115221992,-52.020527812646655,-26.722263849781985,-4.966207518856306,-36.84017129035918
2020-06-01,-40.57282832836177,-30.199517356424966,-51.77266408615751,-5.630062436945748,15.068508653934753,-38.844499649604444
2020-07-01,-61.69780682112181,-51.427255943547664,-40.122916564863644,-28.298625773037603,-6.763927884285251,-33.36543314442605
2020-08-01,-53.17904203928665,-45.157869513193596,-34.71209368976496,-17.919502217834932,-4.166612037860642,-17.906099623310624
2020-09-01,-55.78451554343255,-47.90653961158648,-9.53917343478471,-22.801984904161277,-9.252099275717905,-9.27746154989858
2020-10-01,-50.03086862887185,-42.759033578438235,-11.383154323261277,-12.871385080787022,-1.1263468834286094,-9.598911508712971
2020-11-01,-27.949350587776962,-20.2339829557753,-41.17152047571336,15.183157071184247,27.581496867413286,-27.586338294771092
2020-12-01,-52.55812213092992,-44.33134134921616,-87.44749745040788,-5.521650113295379,7.5623991029008035,-81.87249950131077
2021-01-01,-57.463015265031984,-48.288942884130975,-80.63989076998729,-8.38571354416038,6.044337872604656,-78.51979838655197
2021-02-01,-94.45992664359885,-84.60633962383983,-83.92150559480723,-41.82274409771892,-21.95572919999536,-79.49187471650268
2021-03-01,-75.9906829481236,-65.3289056118743,-101.16208079037713,-24.942893892332272,-3.9007080439849062,-85.91896577633473
2021-04-01,-67.93633890863266,-56.08787077361749,-54.707127884308704,-19.516333811952933,3.109319920957475,-43.58285226990019
2021-05-01,-56.23683534365424,-43.44469021314436,-70.93264947600872,-9.897780813368637,13.329570668111213,-46.45001210974795
2021-06-01,-67.68979279715059,-55.11375356652737,-66.75963347201571,-19.098469270829995,3.296681677449632,-54.224240752582446
2021-07-01,-45.36503699913192,-34.211702274393296,-27.786855156241035,-5.4866153603232695,16.101102827373087,-26.186167724022724
2021-08-01,-33.5069261343402,-22.4565011603205,-14.2866627542044,5.070286879186776,26.185202926735247,-7.745306581358281
2021-09-01,-38.01961615316484,-27.140953780524697,-51.114367422364296,-5.053102726065739,17.288363807781327,-73.39344923282214
2021-10-01,-22.563155023997183,-12.524515470677997,-3.601994007092613,7.461437339819031,30.23769475033652,-11.382178118124461
2021-11-01,-56.19597929012946,-46.18013253573411,-11.038409129317367,-16.12072780794802,6.1747944083638195,-17.83606498746767
2021-12-01,-70.6821148373007,-60.458407008676495,-32.51530825903149,-28.30780714997173,-5.936956953849307,-28.706507294802794
2022-01-01,-47.36336040293984,-36.403551575283444,-39.08905610806226,-4.61752170853026,18.50629241734371,-35.595627659415115
2022-02-01,-60.20956158898338,-48.78589005594596,-50.634336641386305,-17.875057569810068,5.60814313281678,-50.75913465060578
2022-03-01,-67.35380045629864,-55.43219238783963,-90.77726288555921,-24.030922194202397,-0.24896968865676236,-84.84569609682158
2022-04-01,-80.50489588291356,-67.49839890011893,-71.9308700719227,-36.60456219137891,-12.004696115902114,-55.84450008982324
2022-05-01,-95.75508341640813,-81.91002773013122,-64.75726715551068,-50.67571898716526,-25.18337751572362,-47.26851758982708
2022-06-01,-107.33608993688276,-92.514860340665,-64.79528039366019,-61.78871764452254,-35.09141997307176,-50.83400974143863
2022-07-01,-107.48889175330162,-92.04616844980085,-85.66037666001414,-64.34816827624905,-36.182289676150965,-74.56184887922144
2022-08-01,-78.74495106972596,-62.752200844088556,-93.71130217050265,-40.48164781027834,-11.535241407516937,-97.86567789266478
2022-09-01,-41.493401572080074,-29.116210073643042,-25.89592774124836,2.7693202723957038,24.37403792447881,-19.018850332918312
2022-10-01,-78.06689211527483,-67.1149861332508,-75.80643746306757,-35.470140953877646,-14.586386991792008,-86.86643872571892
2022-11-01,-85.72686534437422,-75.01164279210718,-37.0091876737346,-39.00937527181877,-17.990633735359555,-28.048447070870594
2022-12-01,-69.94478299338968,-59.22630053787907,-74.64709739946919,-21.638569808064176,1.3431532107961286,-77.49842395075244
2023-01-01,-67.90689439571122,-56.735771034673505,-68.10406577561764,-19.18229411706935,4.540353639560806,-73.54916706655335
2023-02-01,-69.03889294733867,-57.135323972583656,-52.141482733422876,-16.515460925919328,8.066150629280754,-35.99490459341953
2023-03-01,-75.76493710361282,-62.93783070834964,-52.67611125707439,-21.559630168483704,4.1715273247468305,-38.494358267495656
2023-04-01,-84.98279582122926,,-57.08039683913607,-33.13557564211465,-7.849654809752874,-42.069545953700086
2023-05-01,-89.54735644571039,-75.38564584437752,-54.37023597360694,-39.14626830062461,-15.477455419012031,-39.3786352361188
2023-06-01,-110.2113659831024,-96.44043339656108,-68.51948637169848,-60.43631292449822,-37.48887378792412,-51.22898084548401
2023-07-01,-126.17927483268474,-111.49400360929181,-119.03031196826932,-78.13488812649639,-53.53009024132202,-92.65591560459501
2023-08-01,-144.33868182599238,-128.85589818271487,-132.0513287762545,-96.02816186405276,-69.7524081103033,-107.47512430451069
2023-09-01,-153.38953720275302,-137.40545005618551,-132.8464215657153,-105.07097778587598,-77.86885873193847,-103.59245828817758
2023-10-01,-129.9842294377022,-113.7022114637693,-107.32965028232928,-76.29695626621984,-49.053990576888296,-79.40148859646536
2023-11-01,-115.78638454261475,-99.970051600835,-68.0283679525439,-63.085462819004334,-36.65394600488874,-32.06122863842604
2023-12-01,-106.00894249704987,-90.33471179436333,-68.42831447158441,-51.25291103698982,-25.588460513803877,-41.95622298907707
2024-01-01,-90.58402568424965,-74.81930300319893,-62.8735176386457,-32.3783401507903,-6.623671473048566,-34.90266792370025
2024-02-01,-95.8921999260446,-79.88157503391325,-70.61157962623811,-38.25576180300745,-13.083467197944948,-37.32891310115807
2024-03-01,-106.16007992538711,-89.98128022572249,-57.55738418914041,-52.14530842878291,-27.61250354213916,-27.054914249485787
2024-04-01,-141.23661179165376,-124.34394549950537,-103.74915353527274,-81.52860619476203,-55.48362846361468,-72.16296184944464
2024-05-01,-119.99022906102441,-101.56832722030036,-128.1202480089384,-61.36039338632847,-31.732074963295865,-114.91137669850617
2024-06-01,-127.56456878528456,-108.58477234661194,-105.93032389936367,-78.5540548262101,-47.908429798966,-84.644748891779
2024-07-01,-71.92109596295481,-61.56128837822759,-26.87438761242594,-24.572689544836084,-10.12421389227432,-15.128496841527086
2024-08-01,-80.94752211119125,-72.31237145322295,-23.174040929326868,-36.61839280946836,-23.326275310045975,-11.90005380728953
2024-09-01,-77.12728430315089,-69.38981947601546,-6.32401595079816,-40.26891199318408,-28.119036823720634,7.458959505742066
2024-10-01,-82.55176322311436,-75.97478763243453,1.7114864923031616,-36.27366013360057,-26.136377938299827,9.615783352832082
2024-11-01,-72.8519670020959,-66.5877450719298,-50.78630422690966,-15.779260532135257,-6.847370295058439,-29.435046573296678
2024-12-01,-72.66943145001123,-65.67810359305261,-52.791750520944746,-14.261059352079199,-5.6659876817933945,-23.498146341958062
2025-01-01,-85.41820633369663,-78.59696890110689,-41.78345534713331,-26.751229419245785,-16.5272645401784,-11.07042055446695
2025-02-01,-114.93264148736935,-107.54400826558812,-109.03198133010778,-57.10786325827397,-45.78518355296786,-79.71715779590365
2025-03-01,-121.1268004917413,-113.2649400494053,-84.93259568031874,-58.52129289094594,-46.66037554703994,-42.46821512546555
2025-04-01,-90.41685185097737,-81.89723324146613,-73.29905646713513,-30.26736729869437,-18.080551580705112,-33.64127109819154
2025-05-01,-137.37231824954128,,-113.79288293349889,-77.64487067549072,,-74.11366187145504
2025-06-01,-127.41732538693498,,-62.16395370703584,-74.6260374675056,,-37.209896116486924
2025-07-01,-77.40400917731006,,-69.81574720713495,-30.366625593233408,,-66.35863526235639
2025-08-01,-95.76906817765362,,-70.4403926426493,-50.95624097068408,,-49.94702757838305
2025-09-01,-89.52974464712437,,-71.58281194300388,-43.95348851320717,,-74.21808612900578
2025-10-01,-81.67356365023396,,-56.5449977855544,-33.12704060154853,,-30.846722017933512
2025-11-01,-99.73231675256257,,-72.51534220842926,-45.11018249916397,,-57.703296689445764
2025-12-01,-113.37045923579818,,-74.72785790447588,-62.09392108873324,,-44.07155867081799
2026-01-01,-90.61738623172222,,-86.25185078103695,-34.49631822359187,,-56.31945412774275
2026-02-01,-94.48241819431152,,-85.44203022653626,-39.03505268221657,,-54.11490952859236
2026-03-01,-122.4027236356698,,-114.54635191618691,-65.93409980398275,,-81.45442914050194
2026-04-01,,,-99.71503009815694,,,-54.73860620486743
2026-05-01,,,-101.09029359035547,,,-82.57081633966493
