mascon_id,lat_center,lon_180,area_km2,leakage_2sigma_cm,leakage_trend_cm_yr,nl_area_frac,chirps_cells,chirps_mm_yr,tws_trend_mm_yr,tws_p,res_trend_mm_yr,tws_trend_paired_mm_yr,n_months_reservoir_defined,minus_res_trend_mm_yr,minus_res_p,reservoir_share_of_tws_trend,tws_precipadj_trend_mm_yr,tws_precipadj_p,tws_frac_unexplained_by_precip,minus_res_precipadj_trend_mm_yr,minus_res_precipadj_p,minus_res_frac_unexplained_by_precip,grace_noise_2sigma_mm,land_frac,dist_km,post2020_tws_mm,post2020_minusres_mm,post2020_csr_mm,pre2020_tws_mm,drought_tws_mm,drought_minusres_mm,drought_csr_mm,predrought_tws_mm,drought_drawdown_mm,drought_drawdown_minusres_mm,post2020_cum_precip_cm,drought_cum_precip_cm,csr_r,csr_trend_mm_yr,basin,country
1814,29.0,-100.3184713,12406.28,1.0554517370726528,0.2744905393903929,0.0,3,480.83307788544096,-9.400955005693913,9.392254469199868e-09,-0.0335412836122149,-9.060704742240258,243,-9.010451394135115,3.995009553483229e-08,0.0055462957391011,-7.194107414238003,1.454003645033076e-09,0.7652528290881851,-7.17427141509071,4.973781764870362e-09,0.7962166490083313,13.007862185986284,1.0,338.22419515938367,-163.68979373468707,-154.3156548590705,-101.12977422694352,-70.86672826452802,-152.84352749679238,-153.34012956656034,-86.17328185958246,-68.88206297438592,-83.96146452240646,-84.61939595296768,-16.949120503591736,-15.243850089625187,0.8880969761783125,-5.569149833898761,1004.0,United States
1815,29.0,-99.17197449999998,12406.28,1.416078989811343,0.6000425752446366,0.0,2,617.1853787382854,-12.566105886779932,1.3784884118321135e-09,0.0,-12.566105886779932,255,-12.566105886779932,1.3784884118321135e-09,-0.0,-10.04590521673396,2.293368396841456e-13,0.7994445779183407,-10.04590521673396,2.293368396841456e-13,0.7994445779183407,14.87202999102455,1.0,338.4581152998932,-211.79473959517975,-211.79473959517975,-87.76622550922663,-97.38910484293268,-201.26452484043935,-201.26452484043935,-83.57800838771759,-98.5103498181949,-102.75417502224448,-102.75417502224448,-18.525364048197805,-21.1532006623202,0.8241589805763774,-4.788684563980036,1004.0,United States
1816,29.0,-98.0254777,12406.28,1.868308669955228,0.7944675293555894,0.0,2,724.0252697836493,-14.266052367716044,5.519940618167158e-10,0.0,-14.266052367716044,255,-14.266052367716044,5.519940618167158e-10,-0.0,-11.87115059541141,1.4886116208403113e-14,0.8321258249602198,-11.87115059541141,1.4886116208403113e-14,0.8321258249602198,18.45287714821616,1.0,374.53359442232266,-236.11112679839135,-236.11112679839135,-65.24292739440774,-113.6600554469559,-228.8450973133246,-228.8450973133246,-72.65866478275274,-114.70049219826858,-114.14460511505602,-114.14460511505602,-15.380287960159723,-15.684043067140516,0.7260959759000382,-3.5228426099764825,1004.0,United States
1819,28.0,-99.36908519999996,12407.1,1.2474113175277706,0.4726100674582709,0.0220612787353137,4,509.3484425913428,-10.954266032757918,7.47485800037849e-12,0.0,-10.954266032757918,255,-10.954266032757918,7.47485800037849e-12,-0.0,-9.363306240778796,3.111246739075027e-16,0.8547634513146318,-9.363306240778796,3.111246739075027e-16,0.8547634513146318,15.190729429557493,1.0,225.607305281932,-185.6038410246269,-185.6038410246269,-72.40853913182318,-80.93753270561704,-179.7053222715751,-179.7053222715751,-69.49352367388947,-85.89917652880668,-93.80614574276844,-93.80614574276844,-20.61978082251329,-18.411302234411927,0.8171639008675567,-3.9681090550293847,1004.0,United States
1820,28.0,-98.23343849999998,12407.1,1.5521103183749971,0.6691299058546029,0.0,6,642.9067060627888,-12.780151247752643,1.20725965348625e-13,0.0,-12.780151247752643,255,-12.780151247752643,1.20725965348625e-13,-0.0,-10.956083732848091,1.0732998745564168e-19,0.8572734015784587,-10.956083732848091,1.0732998745564168e-19,0.8572734015784587,17.766171312515436,1.0,268.5112969749891,-212.79831508524305,-212.79831508524305,-48.1467467556923,-97.46919792342104,-208.93392363118213,-208.93392363118213,-54.92102688386232,-104.94260366188568,-103.99131996929648,-103.99131996929648,-13.05606946221534,-10.316535638329224,0.7098174532283149,-2.598666413454712,1004.0,United States
1821,28.0,-97.09779179999998,12407.1,1.8486365853272864,0.6742352629381725,0.0,4,827.2673713546437,-12.659020490462352,1.0970940565013585e-13,0.0,-12.659020490462352,255,-12.659020490462352,1.0970940565013585e-13,-0.0,-10.613809780765097,7.101118826621469e-11,0.8384384707143673,-10.613809780765097,7.101118826621469e-11,0.8384384707143673,20.7968405973304,0.75,344.3987431693093,-208.4238263487609,-208.4238263487609,-16.07998739907681,-98.98357130949282,-206.7992952386331,-206.7992952386331,-17.008982543065105,-103.5009902636003,-103.2983049750328,-103.2983049750328,-21.10416186840604,-11.998035863093026,0.452290155532681,-0.688809169972231,1004.0,United States
1822,27.0,-98.4375,12404.16,1.572510650587497,0.2283290754942059,0.0,4,572.4803694744701,-7.914377990627493,4.212131654583994e-10,0.0,-7.914377990627493,255,-7.914377990627493,4.212131654583994e-10,-0.0,-7.027963741704825,6.909420093140746e-15,0.8879995054605184,-7.027963741704825,6.909420093140746e-15,0.8879995054605184,17.96169372123734,1.0,171.70530769359638,-133.9624033807673,-133.9624033807673,-29.162325489526257,-53.03481797201352,-132.2145837345678,-132.2145837345678,-49.30116617881383,-54.9508422618318,-77.263741472736,-77.263741472736,-6.902182929727733,-5.529160436752138,0.6451824473433025,-1.5153371824640638,1004.0,United States
1823,27.0,-97.3125,12404.16,1.862870742843818,0.2806036942122577,0.0,4,660.9778480677261,-8.301827787909946,2.4072838022320743e-11,0.0,-8.301827787909946,255,-8.301827787909946,2.4072838022320743e-11,-0.0,-7.107974398149416,1.241748731646132e-10,0.8561939105146034,-7.107974398149416,1.241748731646132e-10,0.8561939105146034,20.348114788221384,0.588,267.0353177537617,-138.8825352853785,-138.8825352853785,-7.324789492439012,-58.16223063175049,-139.8549910094589,-139.8549910094589,-8.323701269791062,-60.96714950166643,-78.88784150779247,-78.88784150779247,-6.556008612537601,-3.1226942611108823,0.3498236639812571,-0.187348276669633,1004.0,United States
1824,26.0,-97.5232198,12397.52,1.9935384815064148,-0.2187183059331979,0.0,4,633.2485916442478,-2.614660270464846,0.0083100502306421,0.0,-2.614660270464846,255,-2.614660270464846,0.0083100502306421,-0.0,-0.571684529036836,0.5076779673727247,0.2186458162441116,-0.571684529036836,0.5076779673727247,0.2186458162441116,20.52988403270932,0.89,222.77675619846235,-47.01214065139907,-47.01214065139907,-2.6379700991837214,-5.7600723443966775,-45.80951652313686,-45.80951652313686,-3.656638148076792,-0.2586361804149216,-45.55088034272193,-45.55088034272193,-12.36679366425161,-8.586376836660438,0.5498596588494599,0.0843212412067693,1004.0,United States
3139,29.0,-102.611465,12406.28,1.0119223905310542,-0.1939899088901595,0.0,2,362.6942108832684,-4.529219694843874,3.497268620751557e-05,0.0,-4.529219694843874,255,-4.529219694843874,3.497268620751557e-05,-0.0,-5.176436678132968,6.355490194009127e-11,1.142898120845384,-5.176436678132968,6.355490194009127e-11,1.142898120845384,12.214384042466936,1.0,436.7683431254696,-89.31581409983336,-89.31581409983336,-127.9735313406614,-32.35768087549757,-76.59114752026895,-76.59114752026895,-78.92057235305728,-26.242788018115487,-50.34835950215346,-50.34835950215346,0.1622624854552907,6.351578357723461,0.8861608008923254,-6.969335202443957,2001.0,Mexico
3140,29.0,-101.4649682,12406.28,0.9497212788680592,-0.0372147245285804,0.0,2,486.2230961593156,-6.278420938659857,7.259000517767179e-07,-4.709729683495594,-5.981057452890498,243,0.8322071811510091,0.8117561468311982,1.1391404760288373,-6.552186393222399,5.759997197397642e-13,1.043604189212101,2.0385805906480927,0.4647341146627461,2.44960706518847,12.257356331154485,1.0,373.89913258066736,-115.76920422712963,54.68989463167789,-112.07228993314682,-46.3097067616052,-104.98853584130606,36.33553845383106,-79.08744490685618,-41.045792199050375,-63.942743642255685,-6.709317941147752,-6.9163683726575504,-0.2734408127687224,0.9080288143118596,-6.175522315690018,2001.0,Mexico
3144,28.0,-101.6403785,12407.1,0.9685624638583702,-0.0359941945406699,0.0,4,457.95498766849954,-5.839044628357579,3.3566934854171654e-07,0.0,-5.839044628357579,255,-5.839044628357579,3.3566934854171654e-07,-0.0,-6.4543033314915546,6.178266915362183e-17,1.1053697552072037,-6.4543033314915546,6.178266915362183e-17,1.1053697552072037,13.205012468693536,1.0,290.58854596385726,-108.03747945399437,-108.03747945399437,-108.85172110576096,-40.12122629099112,-98.74740218094344,-98.74740218094344,-73.58125226720037,-37.2658981438985,-61.48150403704496,-61.48150403704496,-1.3411624014670305,3.5470129887876154,0.8881112030606289,-5.957457984766857,2001.0,Mexico
3145,28.0,-100.50473190000002,12407.1,1.0272301701801605,0.1967546657159212,0.0855339541546766,4,441.4683155300691,-8.220368354396369,1.662434477501884e-09,-0.829796740933865,-7.934952183747168,244,-6.653606257688381,2.502937056288788e-07,0.1614812410191096,-6.644851926884736,7.940317428000384e-15,0.8083399235182661,-6.438007000173831,1.7595176581523087e-06,0.9675966311854688,13.70908184348579,1.0,234.54899421985164,-144.12093234490607,-98.5833744454911,-91.10314737391164,-58.31270094909188,-136.8670765760665,-104.03388160437024,-76.27966734490022,-58.69939243452003,-78.16768414154646,-45.07528744932996,-16.980863631579318,-15.60351323971858,0.8685108511753263,-5.041559645610223,2001.0,Mexico
3148,27.0,-101.8125,12404.16,1.133212092593306,-0.1351588215932304,0.0,6,337.7051065754645,-4.382739304266613,1.7780254927212406e-05,0.0,-4.382739304266613,255,-4.382739304266613,1.7780254927212406e-05,-0.0,-5.185045670446002,4.159941925440864e-06,1.1830604812379193,-5.185045670446002,4.159941925440864e-06,1.1830604812379193,14.561913892855952,1.0,233.22045551510865,-83.81942128715002,-83.81942128715002,-101.9531201256096,-24.867095103978905,-73.5733144002863,-73.5733144002863,-68.80364266607313,-20.086411297217843,-53.486903103068464,-53.486903103068464,10.53650481980013,13.116322233801847,0.872127420421591,-5.523732001762356,2001.0,Mexico
3149,27.0,-100.6875,12404.16,1.144550989715098,-0.0673175474558043,0.4819985060989988,4,403.7594776055247,-5.159321943293335,2.334317287129052e-06,0.0112420387754656,-4.870145137354788,244,-4.883221964276675,1.2902585528155429e-05,-0.0026851000438541,-4.405049419532336,1.4967979119085617e-11,0.8538039432213593,-4.574872352392745,3.6475411565141395e-11,0.9368552946927932,14.52074174893884,1.0,144.99775149571698,-93.85521272611288,-88.7754775228965,-77.19225503627554,-30.15370969019002,-87.55924435249634,-87.63621964859773,-67.51295166696322,-25.67489337838358,-61.88435097411276,-61.68095146943047,-8.843404379020482,-9.475976477844826,0.8638099960376897,-4.194820467982669,2001.0,Mexico
3150,27.0,-99.5625,12404.16,1.3316320148432716,0.0790571021977538,0.4276917134239177,4,484.0964110979101,-6.573197808274404,3.244396385074327e-08,-4.444401882370795,-6.573197808274404,255,-1.7586462640694087,0.3174923421688398,0.7324519487523092,-5.417475811046295,2.0567174469810778e-13,0.8241765985235868,-2.391459448011796,0.165608733056002,1.359829714975252,16.06961802481062,1.0,112.78791035583544,-114.30474322421682,-6.994550051122624,-55.18589961168576,-41.460954592459736,-110.68370895170504,-4.028189953476783,-59.86134331841966,-39.71622999654048,-70.96747895516455,-18.22835664944341,-14.53217799849688,-16.706139864309,0.8323010031321707,-2.966046404534127,2001.0,Mexico
3151,26.0,-100.86687310000002,12397.52,1.2977739869707716,-0.3280624350395359,0.5515383100166942,4,342.82071379656645,-2.104876683987781,0.0281866770183894,0.0,-2.104876683987781,255,-2.104876683987781,0.0281866770183894,-0.0,-2.588186816500998,0.0002065905369228,1.2296144644433822,-2.588186816500998,0.0002065905369228,1.2296144644433822,15.374562993211686,1.0,111.38939074649478,-43.88837767176381,-43.88837767176381,-63.41760424871556,-2.164694345983055,-36.15692982358289,-36.15692982358289,-61.56536355757974,8.765698767254232,-44.92262859083712,-44.92262859083712,-1.7471061089355295,-5.121992127843042,0.8120118484688885,-3.3524224647938747,2001.0,Mexico
3152,26.0,-99.752322,12397.52,1.4720956656144744,-0.3481779195347746,0.9684034157614404,6,577.3600836267177,-1.7861110193543102,0.0658162546852314,-1.92203077764534,-1.7597816630850875,240,0.6613890871919974,0.4427264211673725,1.3758358784307996,-0.049546541938561,0.946813855647509,0.027739900488645,1.430674646340594,0.134824128050386,2.163136153961484,16.511050335514394,1.0,0.0,-36.376980886691136,10.84597401834901,-43.1083502264045,1.0398382333417735,-31.233484459006128,22.54494819885162,-54.54347309481928,12.656791244736974,-43.8902757037431,-8.23514467753786,-16.29942551406869,-21.57285849363935,0.7870244640677385,-2.2271593096749984,2001.0,Mexico
3153,26.0,-98.63777090000002,12397.52,1.6606303762633894,-0.2950089799555238,0.3175333258944128,4,573.3662852798541,-2.0917161472574897,0.036212790999989,-0.4770159768843098,-1.8559122069566647,244,-1.1412801820360308,0.1423312028864641,0.3850570206079369,-0.8775294165795842,0.3710857545747276,0.4195260517208029,-0.5634181040705208,0.4915626051381869,0.4936720298300365,17.98495301241574,1.0,111.38939074649193,-39.620628233512655,-23.036478637463027,-22.18102636460933,-1.4146946919564567,-36.28730953013938,-7.848007422406019,-37.94964492426162,7.854597439109864,-44.14190696924925,-26.50779143646527,-9.648746071583696,-7.871594940817173,0.7294103632450045,-1.0956403595799382,2001.0,Mexico
3154,25.0,-99.9386503,12387.25,1.3974082234095089,-0.5764786694253631,0.913246519338655,4,654.1424345232776,0.9053260538745604,0.3616228516752655,-0.671776622591998,1.1480800623524274,244,1.971011666175369,0.0462800894550264,-0.716789386740805,2.0421605132185525,0.0057363344215427,2.2557182624742054,2.757830818709612,0.0003343190364576,1.399195583687751,16.73024211210359,1.0,112.75639017331665,7.176313748252062,22.902285385297624,-41.10466479956895,23.38723944769137,13.599995506099528,32.37664600470809,-54.188982844120936,39.55949134110576,-25.959495835006237,-10.6333419267538,-12.817240450591438,-18.261641331032504,0.6429703437059463,-2.039197108372292,2001.0,Mexico
3226,26.0,-101.98142410000004,12397.52,1.1737160055810114,-0.2234131317727231,0.0,4,299.9092052707967,-3.055254353947813,0.0022283031925219,0.0,-3.055254353947813,255,-3.055254353947813,0.0022283031925219,-0.0,-3.909330086508317,0.0002802564983905,1.279543250288448,-3.909330086508317,0.0002802564983905,1.279543250288448,15.171017376951635,1.0,222.77674620469543,-61.92561768206456,-61.92561768206456,-89.8774460791025,-11.320040895500115,-50.25546419930954,-50.25546419930954,-64.45529517128722,-3.5324123383810133,-46.72305186092853,-46.72305186092853,6.183827551690796,4.4868581976625865,0.8471315316968882,-4.79135343932425,2004.0,Mexico
3230,25.0,-102.14723930000002,12387.25,1.052302935566943,-0.1996253220614972,0.0,4,349.76776170361904,-2.9758605746465863,0.0051490779024559,0.0,-2.9758605746465863,255,-2.9758605746465863,0.0051490779024559,-0.0,-2.339059421833756,0.0008848814330664,0.7860110926438623,-2.339059421833756,0.0008848814330664,0.7860110926438623,15.066209366632226,1.0,264.82754021700566,-60.52551140752102,-60.52551140752102,-84.10324947330673,-10.79918510549598,-48.86412495540248,-48.86412495540248,-62.60619867006968,-3.469722604172097,-45.394402351230376,-45.394402351230376,-10.950287036109188,-11.773230665671136,0.8595818211764212,-4.433649162301025,2004.0,Mexico
3231,25.0,-101.0429448,12387.25,1.1906448830830805,-0.4141543389261499,0.2008760215847644,4,414.4308886577173,-0.9154998113551792,0.3517885629950219,0.0,-0.9154998113551792,255,-0.9154998113551792,0.3517885629950219,-0.0,-1.0275916991599228,0.121692810768983,1.1224379146936343,-1.0275916991599228,0.121692810768983,1.1224379146936343,15.729358647534175,1.0,170.7092663408051,-24.725951101382574,-24.725951101382574,-64.21634571496287,8.107373111777836,-16.08553645014763,-16.08553645014763,-62.0573700032278,21.020327646285292,-37.10586409643293,-37.10586409643293,-10.412174331993924,-12.482380597554698,0.7563541257039177,-3.3406341126347368,2004.0,Mexico
3233,24.0,-102.31003040000002,12373.42,0.9453794155493188,-0.0478361900432455,0.0,6,377.9122440532311,-4.389274786499449,0.000148514202469,0.0,-4.389274786499449,255,-4.389274786499449,0.000148514202469,-0.0,-2.1087330131730733,0.0145628892789937,0.4804285709473291,-2.1087330131730733,0.0145628892789937,0.4804285709473291,15.672124843622006,1.0,340.41618671865785,-83.14854238695568,-83.14854238695568,-93.49635930814928,-22.57234125584364,-71.05039388603635,-71.05039388603635,-71.62485066004176,-20.42315558261341,-50.627238303422935,-50.627238303422935,-11.246159694685108,-10.892442092990745,0.8890424394885668,-4.953585644502951,2004.0,Mexico
3234,24.0,-101.2158055,12373.42,1.1024600704017729,-0.2744857871087779,0.0064012180549051,4,375.0535409290766,-2.271567765748407,0.0251686270621284,0.0,-2.271567765748407,255,-2.271567765748407,0.0251686270621284,-0.0,-2.1546156340224574,0.003673027099456,0.9485147951606816,-2.1546156340224574,0.003673027099456,0.9485147951606816,16.072833648554695,1.0,266.84317016438,-46.85433989011992,-46.85433989011992,-76.91449266549597,-3.95144215795315,-37.23642255521069,-37.23642255521069,-74.36774884293828,3.014977300850055,-40.25139985606075,-40.25139985606075,-5.091661574380487,-3.819465367239917,0.8564219912856222,-4.036438543324083,2004.0,Mexico
3235,24.0,-100.1215805,12373.42,1.3129073735357073,-0.5045001183179956,0.8194210682046034,4,549.5261811841395,0.2564344895136201,0.7878923190697175,0.0,0.2564344895136201,255,0.2564344895136201,0.7878923190697175,0.0,0.5733996866883688,0.4066431986895599,2.236047451245492,0.5733996866883688,0.4066431986895599,2.236047451245492,16.99301707562251,1.0,225.48126021401853,-4.144281389253836,-4.144281389253836,-49.11957795804971,17.086339390008813,3.055314626855156,3.055314626855156,-63.678859929650926,28.14220777557541,-25.08689314872025,-25.08689314872025,-10.743125915771524,-13.94916898824297,0.7241121392872215,-2.4392200297633977,2004.0,Mexico
3237,23.0,-101.69184289999998,12393.41,0.9457498173828056,0.0619634030132289,0.0,4,398.5191640657248,-5.829131497830534,3.15523303350518e-06,0.0,-5.829131497830534,255,-5.829131497830534,3.15523303350518e-06,-0.0,-5.500784226110072,3.904458085472687e-06,0.9436713219040151,-5.500784226110072,3.904458085472687e-06,0.9436713219040151,16.421652469491526,1.0,387.009889012586,-105.06970214548832,-105.06970214548832,-111.0522763936422,-31.34531504515972,-93.08740007582432,-93.08740007582432,-90.80848223535804,-36.5255789826236,-56.56182109320072,-56.56182109320072,0.2130336861012918,4.325169330046789,0.9140821066993118,-5.933196251254042,2004.0,Mexico
3238,23.0,-100.6042296,12393.41,1.1240426660172227,-0.133328981045177,0.0939945923516484,4,438.19139621306937,-3.840851360396126,0.0003908014800276,0.0,-3.840851360396126,255,-3.840851360396126,0.0003908014800276,-0.0,-3.304351062903077,4.564701486947078e-05,0.860317349683192,-3.304351062903077,4.564701486947078e-05,0.860317349683192,17.069563604278144,1.0,344.5377055086896,-71.60204245564009,-71.60204245564009,-88.95351381014713,-14.268771765960585,-63.62034172730314,-63.62034172730314,-92.48317365584208,-16.793570088015667,-46.82677163928747,-46.82677163928747,-8.113064557396743,-6.222783357918992,0.922947401566776,-4.630578418053876,2004.0,Mexico
3239,22.0,-101.0810811,12409.39,1.1897890053469855,0.2396061642844157,0.0,4,432.0572834776849,-8.107087882056646,7.29730509283011e-08,-0.012460616297396,-8.94286897075938,208,-8.925412164303244,1.2927982319646902e-05,0.0019520364788093,-7.143745602463596,4.1174383155442816e-08,0.8811728337464789,-7.817610962748072,1.1020678170650714e-05,0.8758823479339396,17.824164814635765,1.0,464.796703522808,-141.32701452262702,-139.76616211934555,-146.89808300359573,-43.11496853435206,-130.09240875331062,-123.86505406932876,-124.0924708686186,-59.11913618755839,-70.97327256575224,-64.77461957093846,-5.173463667767334,1.1170169123361458,0.929327640731628,-7.902064055257448,2004.0,Mexico
3240,25.0,-98.83435580000004,12387.25,1.6794763485750763,-0.633485740571575,0.342676309941868,4,716.9153682349884,1.855237056299197,0.0752981047665971,0.0,1.855237056299197,255,1.855237056299197,0.0752981047665971,0.0,4.036692198000687,3.721914347118946e-05,2.175836335467031,4.036692198000687,3.721914347118946e-05,2.175836335467031,18.86641513445854,1.0,144.40154817025098,23.937613624872437,23.937613624872437,-18.926311931816,31.510987649568253,28.181301165165173,28.181301165165173,-34.723320194420644,48.114518135579104,-19.93321697041393,-19.93321697041393,-32.80289949306167,-42.29662111700611,0.6368733921049071,-0.8115744208724873,2005.0,Mexico
3241,25.0,-97.7300613,12387.25,2.105565436005872,-0.5787450229598429,0.0,5,671.5564271592602,1.744287617015381,0.0998921197339618,0.0,1.744287617015381,255,1.744287617015381,0.0998921197339618,0.0,3.0139532973213514,9.151815146396324e-05,1.7278992684007426,3.0139532973213514,9.151815146396324e-05,1.7278992684007426,22.52709794414438,0.8025,231.41846076517783,22.358552770606344,22.358552770606344,-3.773406521456238,32.62845765054226,25.078852141689925,25.078852141689925,-9.519206513459626,45.54226161441248,-20.46340947272256,-20.46340947272256,-16.79129149284404,-17.730244911024116,0.6772367978827682,0.0316322809648781,2005.0,Mexico
3242,24.0,-99.02735560000002,12373.42,1.6424398024985396,-0.6509063177522929,0.0151185538179706,4,761.3158081855971,2.251135512219859,0.0262337906442836,0.5036055845401813,2.4022092460879763,243,2.174326997596418,0.7024586761189691,0.0948636130939329,3.797925681919157,1.6456968748510475e-06,1.687115529608432,-0.150246325357314,0.9582354491067078,-0.0691001516898801,19.48789580395088,1.0,234.0813426404101,29.1178800038227,63.63120318669758,-24.662917455059084,33.64142996806024,33.60921831458593,115.96257242622522,-43.8639066092586,46.85143967002416,-13.242221355438232,188.22838435950337,-27.5375033951361,-33.31588186482391,0.6233252823918803,-1.06520303022128,2005.0,Mexico
3243,24.0,-97.9331307,12373.42,2.156387248147788,-0.6594428060119789,0.0,4,733.9583383024353,2.981636644167192,0.0058233855779976,0.0,2.981636644167192,255,2.981636644167192,0.0058233855779976,0.0,3.489759406904991,2.9686072150349506e-06,1.1704173993607876,3.489759406904991,2.9686072150349506e-06,1.1704173993607876,24.08038727324778,0.8425,288.20452059780496,40.50790534596632,40.50790534596632,-4.209711773862358,41.59289083581987,42.572467388520536,42.572467388520536,-16.271442042601887,53.46719083742291,-10.894723448902376,-10.894723448902376,-16.22493879601041,-23.794619164587715,0.6659033248699353,0.083010890388941,2005.0,Mexico
3244,23.0,-99.5166163,12393.41,1.4092189219849185,-0.3311044357424857,0.01314517164091,4,787.9094144978474,-1.3514048033391086,0.1647269124620455,0.0,-1.3514048033391086,255,-1.3514048033391086,0.1647269124620455,-0.0,-0.1851675775083805,0.7724507944308981,0.1370185876584577,-0.1851675775083805,0.7724507944308981,0.1370185876584577,19.001200382348284,1.0,334.43592740525924,-30.600001419474005,-30.600001419474005,-54.58562497976293,7.118588008924334,-26.465025141725267,-26.465025141725267,-75.54892633427089,7.91912583645252,-34.384150978177786,-34.384150978177786,-30.256387548171315,-28.155761724690205,0.8470576279189084,-2.682781799384184,2005.0,Mexico
3245,23.0,-98.42900300000002,12393.41,1.863423782826239,-0.4479752677848891,0.0,4,869.3013769818335,0.5603011609676227,0.5718002779864272,-0.7213701125350475,0.5517278789273368,243,1.4993483162302694,0.1005737946521535,-1.7175503966652652,3.2392518972520765,3.821087268607737e-05,5.781269293923984,3.696300693449509,1.3335791233319156e-06,2.4652715139220738,22.80409066125024,1.0,359.44478952223034,0.3820849158697657,14.13835954087476,-21.65511426982348,24.241245172090007,1.2632447638445434,17.97609808415438,-45.337505514447706,26.6092555400812,-25.346010776236657,-11.389427611687909,-38.76052682814273,-44.84134758141428,0.7410736294641069,-0.8349677082590183,2005.0,Mexico
3246,23.0,-97.34138969999998,12393.41,2.6087239081983866,-0.4301985650195503,0.0,2,938.611808695744,1.1775181311092502,0.2736590804873054,0.0,1.1775181311092502,255,1.1775181311092502,0.2736590804873054,0.0,3.443408553617352,0.0001903273216029,2.9242934462279395,3.443408553617352,0.0001903273216029,2.9242934462279395,28.851993791719707,0.222,413.2368032436127,9.512883256934584,9.512883256934584,-12.312790744359416,31.69253479016737,6.9801700602596,6.9801700602596,-33.17481868948431,31.72231418297936,-24.74214412271976,-24.74214412271976,-34.01851355151889,-41.74749807719501,0.6998293611161066,-0.3356366410255447,2005.0,Mexico
3247,22.0,-100.0,12409.39,1.288064578728045,0.1029596435784946,0.0,4,545.1582142065481,-6.434412889079511,4.124725367817315e-06,0.0,-6.434412889079511,255,-6.434412889079511,4.124725367817315e-06,-0.0,-6.874707121169264,5.889071995043008e-11,1.0684280352659714,-6.874707121169264,5.889071995043008e-11,1.0684280352659714,18.766164750161536,1.0,445.490268382521,-113.81572147415332,-113.81572147415332,-115.91131404823736,-26.814756308889223,-107.94438866184404,-107.94438866184404,-120.56431148220102,-40.98213472807159,-66.96225393377246,-66.96225393377246,-10.889058997560753,-9.078983759721435,0.9385251376228664,-6.073227516926224,2005.0,Mexico
3248,22.0,-98.9189189,12409.39,1.5633458642180356,-0.0451287027722334,0.0,4,1181.637806155018,-4.195362506466803,0.0009395718182633,0.0,-4.195362506466803,255,-4.195362506466803,0.0009395718182633,-0.0,-3.062635060035777,6.259018558798317e-05,0.7300048697377113,-3.062635060035777,6.259018558798317e-05,0.7300048697377113,21.40548274353318,1.0,452.7597314846728,-77.35243105681404,-77.35243105681404,-68.44456578645668,-6.152059371686644,-75.52823900969493,-75.52823900969493,-92.16971972486373,-18.023660567382148,-57.50457844231278,-57.50457844231278,-53.42568410135392,-58.17732302945931,0.8788970372943503,-3.3825170627895678,2005.0,Mexico
3249,22.0,-97.8378378,12409.39,2.0668984808878297,-0.1403245636335044,0.0,4,1040.2458459814798,-2.407187579155816,0.0470917952526359,-0.7149707582548314,-2.6942684957194096,108,-1.7345569737741098,0.037793007324942,0.3562048561492913,-0.8845380813996644,0.222613312493418,0.3674570644427577,-0.2494797616658894,0.6958198995713342,0.1438290960965454,25.86123453338573,0.712,485.41217128950655,-48.46033203401085,-31.42849197719174,-26.66889836550053,10.662799785638022,-49.67299274800138,-30.536421392469443,-52.26231705949554,-0.3595694869549738,-49.31342326104641,-26.95654513226109,-35.74079844894431,-42.01300758666186,0.7480100411149316,-1.0788623183263724,2005.0,Mexico
3261,22.0,-102.1621622,12409.39,1.0883187690125964,0.2974379182167753,0.0,4,508.5012849397266,-8.35248969957378,2.988454239449664e-08,0.0061227884945212,-8.536373261350608,114,-8.53540333409564,3.887898302102788e-06,0.0001136228730014,-7.546652093278584,2.952007582416809e-07,0.9035212690730624,-7.329007107291197,1.2685729738282834e-10,0.8586597282420907,17.19369683841461,1.0,507.65492869807593,-145.979697496444,-142.12192418853854,-147.83094934973883,-48.36731531595191,-130.23291353260475,-121.50906593031269,-103.57483093982998,-63.09720132624111,-67.13571220636365,-50.416128620537975,-4.446872807176659,2.7928573079431738,0.9162683431741928,-7.990188682790574,2007.0,Mexico
