mascon_id,lat_center,lon_center,country_of_center,area_km2,frac_area_arabian_peninsula,trend_cm_per_yr,trend_p_value,trend_leakage_uncert_cm_per_yr,leakage_2sigma_cm,noise_sd_cm,trend_grace_only_cm_per_yr,trend_gracefo_only_cm_per_yr,intermission_step_cm,intermission_step_p,chirps_mean_annual_precip_mm,chirps_annual_cv,precip_adjusted_trend_cm_per_yr,fraction_unexplained_by_precip,variance_snr,residual_over_noise_sd,residual_lag1_autocorr,annual_amplitude_cm,n_months_observed,significant_decline,trend_exceeds_leakage_uncert,precip_control_passed,is_candidate,depletion_2002_2026_cm,volume_km3_per_yr
9238,27.0,43.3125,Saudi Arabia,12404.16,1.0,-2.1286740114503955,1.583086496873587e-113,0.974392608224469,1.3525298076931351,0.8016422989339407,-2.1799828624013085,-2.0614928888481847,0.6381463523050506,0.0959341919866926,153.4780041166232,0.3150838379575421,-2.0974310920312087,0.9853228257351162,355.0462314268515,1.8332297833843856,0.3772608739636889,1.1331366829440024,254,True,True,True,True,-50.91788235389346,-0.26404413025872536
9246,26.0,42.91021670000001,Saudi Arabia,12397.52,1.0,-2.128182711261396,1.0821988280009916e-131,0.9932341882612044,1.1251999088343072,0.8076463707510089,-2.180550411707148,-1.9856199341774583,0.4912755669204478,0.1687120314421086,138.1955825505429,0.3157712184624295,-2.1011596714145497,0.9873022933116354,349.3234464738164,1.692977397335969,0.3264744933277071,1.22963681688603,254,True,True,True,True,-50.90613045337259,-0.26384187726517383
9247,26.0,44.024767800000006,Saudi Arabia,12397.52,1.0,-2.115046666218837,1.749326827062752e-113,1.009406816466328,1.1573789458235118,0.7688347327885829,-2.186121735240982,-1.9704345570440476,0.7556889905602324,0.0361701646500119,167.21262924499268,0.3318899806136361,-2.070452935205358,0.9789159588174944,380.6142456541205,1.8017661260763604,0.3863461101334996,1.010977314586113,254,True,True,True,True,-50.59191625595459,-0.26221333345381354
9237,27.0,42.1875,Saudi Arabia,12404.16,1.0,-2.1044447094083254,2.661222904844501e-118,0.9183629646404264,1.2657157770323917,0.780636407018963,-2.131373217023025,-2.032951386405677,0.2706117215969534,0.471842037532051,111.08431608687778,0.3434560874628063,-2.088566337599202,0.9924548401114384,366.46976403062905,1.843093173153852,0.361647395487251,1.4382321877225732,254,True,True,True,True,-50.338317449047146,-0.26103868886654374
9239,27.0,44.4375,Saudi Arabia,12404.16,1.0,-1.8755029070385516,2.841097451030138e-103,0.7763981406430842,1.4649417246393677,0.7928502407801279,-1.9483836294371035,-1.8774074405999184,1.099886135676607,0.0041090525571452,154.14007777154137,0.3211934060582364,-1.8121544543420696,0.9662232180719412,282.1752979467381,1.8637461223624845,0.393281349419075,0.8382041931446464,254,True,True,True,True,-44.86202953636216,-0.2326403813937132
9158,30.0,37.6205788,Saudi Arabia,12401.62,0.7218312763440606,-1.868609862441684,5.970060827019593e-82,0.7462067658282524,1.3348564881414078,0.8292351689213654,-1.8378918648345248,-2.340841564418102,0.5938835695250306,0.1763002979719407,87.24386455777415,0.2028128697638503,-1.8677249506004137,0.999526433067139,257.4340893550856,2.028710294199164,0.4613604401579252,0.927820888978459,254,True,True,True,True,-44.697147909605086,-0.23173789442254036
9228,28.0,41.45110410000001,Saudi Arabia,12407.1,1.0,-1.854438407090152,1.1036088392670129e-96,0.661876583364153,1.3634896470659217,0.7285317276685538,-1.8467457943073595,-1.9843553072758773,0.2064841202946686,0.5950545053326259,100.87074763442313,0.3192107637429203,-1.859400718720699,1.0026759107294014,328.4599120178687,2.039302443986935,0.4170928275907249,1.582461451770221,254,True,True,True,True,-44.35816669759644,-0.2300820276060823
9245,26.0,41.79566560000001,Saudi Arabia,12397.52,1.0,-1.8406260049141456,5.9111903604509655e-136,0.7095095960258999,1.1245902308305755,0.7942349549554619,-1.8778752027891497,-1.7599703368193536,0.40581705412593,0.245773891248942,108.27579860948995,0.3174695005970502,-1.8292792364162336,0.9938353753192564,270.9839303971883,1.6854158504660155,0.289801378294828,1.3218297056856598,254,True,True,True,True,-44.027774037546365,-0.22819197708443217
9161,29.0,38.40764329999999,Saudi Arabia,12406.28,1.0,-1.8399366579852348,2.511382118020276e-101,0.6663206856953455,1.344747957554592,0.8052204289004886,-1.8232230431035288,-2.1199458869461862,0.3765387530978858,0.3574987635505426,97.06986873257904,0.2953689669143008,-1.838584390756772,0.999265046857676,264.37175339003693,1.9447171928994431,0.3870617683464753,0.77391765054573,254,True,True,True,True,-44.01128485900682,-0.2282676936122906
9236,27.0,41.0625,Saudi Arabia,12404.16,1.0,-1.8315181923721535,1.1232937319341383e-127,0.6267263491181474,1.236765367768775,0.7902959356464734,-1.8509567929367596,-1.8057335903061031,0.2606706863987141,0.4826713313027808,98.12639901555184,0.3357210718360043,-1.823333376397592,0.9955311303984584,271.71138675729105,1.797289178312755,0.3055195369624536,1.4555910393374925,254,True,True,True,True,-43.809915161541916,-0.22718444701094972
9248,26.0,45.139318900000006,Saudi Arabia,12397.52,1.0,-1.8141961163416915,6.221244130812684e-95,0.7663483543047572,1.207296859834148,0.7347117683366936,-1.9202208892170216,-1.7079367113406545,1.3657793211186944,0.0002035822835412,145.79076053613488,0.2988405206630896,-1.759417027117828,0.9698053100596836,307.49619351770343,1.9402336613275732,0.427745670641856,0.818003148051806,254,True,True,True,True,-43.395571102893264,-0.22491532636268452
9220,29.0,39.554140099999984,Saudi Arabia,12406.28,1.0,-1.801215406757569,1.0247974227976112e-90,0.6185701992047732,1.3577648515939214,0.7442027236894883,-1.778228672805391,-2.1188650234087416,0.3860986297186402,0.3424057732181215,114.38616302223087,0.3513630602644549,-1.8052621665289807,1.0022466828543826,297.3009943428241,2.091162685514247,0.4291237244956148,1.3005636387533297,254,True,True,True,True,-43.08507252964105,-0.22346382676548296
9159,30.0,38.77813499999999,Saudi Arabia,12401.62,1.0,-1.7872176434787246,9.361682930039724e-66,0.6425106834718392,1.3700115138210889,0.7919713512106505,-1.7507487033113227,-2.3681033855907665,0.7604633751095258,0.0946070706852307,107.2946984699835,0.3346374969175401,-1.7857857784888918,0.9991988300948922,259.31454499658054,2.2024943207592265,0.5279504324536002,1.3035694350646534,254,True,True,True,True,-42.7502460320111,-0.2216439407171862
9227,28.0,40.315457400000014,Saudi Arabia,12407.1,1.0,-1.7784491086473202,1.2957225911788724e-107,0.5752216770249766,1.2430786650613297,0.7215296415032133,-1.77283361034819,-1.8848659246712112,0.1802093103541315,0.6330579136633979,108.49125775765668,0.2954754472816579,-1.7803130459687415,1.001048068967708,307.9519974616925,2.000596735177647,0.3707562419875687,1.3941002508040186,254,True,True,True,True,-42.5405026788439,-0.2206539593589817
9229,28.0,42.5867508,Saudi Arabia,12407.1,1.0,-1.7745862859134796,6.929346224418749e-91,0.6236143671186166,1.4826163122714884,0.7570469293135934,-1.7791252609150754,-1.950877343627841,0.4808426039091959,0.2262119284194104,112.91997927333188,0.3158153113228073,-1.7773744543252714,1.0015711653098665,278.42658671376665,2.009649777170443,0.4297642656915783,1.3411301392040222,254,True,True,True,True,-42.448103959050435,-0.22017469507957133
9256,25.0,43.6196319,Saudi Arabia,12387.25,1.0,-1.7584870845037217,3.975173594011844e-127,0.7283925732524664,0.9539902308386295,0.729432792629052,-1.8101913146208224,-1.6229776624250485,0.4859828632689419,0.1304223981403335,135.35307143659642,0.3664933544552364,-1.7420277043171577,0.990640033508572,292.620195446942,1.6881397377059866,0.326493536600526,1.0095747158564077,254,True,True,True,True,-42.06301106132903,-0.21782819137518725
9160,29.0,37.2611465,Saudi Arabia,12406.28,1.0,-1.733814277367227,1.331411826734307e-110,0.6054096664347705,1.3837977967957849,0.8438050665922306,-1.7182896457841617,-1.927378179430874,0.1943972007935484,0.6313633670922056,66.09416051812588,0.2278478467216367,-1.732400785228628,0.9991847499717528,214.09000168153136,1.8362186791814692,0.3406152566745674,0.5549158171158888,254,True,True,True,True,-41.47283751462407,-0.21510185393015482
9257,25.0,44.72392640000001,Saudi Arabia,12387.25,1.0,-1.6745785190155078,6.010475253005137e-113,0.673100467804162,0.9394689711565908,0.6979974148447193,-1.7502993346838174,-1.5216475759358827,0.8032252921777286,0.0143481453958459,133.4717853788364,0.2955563377260126,-1.6439396237238757,0.9817035182622282,290.1693402278904,1.807905253241844,0.3639629709392228,0.9598705301363344,254,True,True,True,True,-40.05591817485095,-0.20743422759674848
9221,29.0,40.700636900000006,Saudi Arabia,12406.28,1.0,-1.6297547223061364,3.4532012668857706e-74,0.4665269044821388,1.3962916306326751,0.7127563804610815,-1.6017442599026916,-2.028579876847704,0.5086354664522769,0.2220628003864118,104.0681656442272,0.3146943476706789,-1.635775908585687,1.0036945352556064,267.04238009513085,2.237834421327551,0.4841583309882838,1.6135080288779078,254,True,True,True,True,-38.983732957562786,-0.2021919341625217
9226,28.0,39.17981069999999,Saudi Arabia,12407.1,1.0,-1.6141359572378091,3.434436512412729e-110,0.4222659746796696,1.2364830518932708,0.7435379326855959,-1.605364285441898,-1.7048711060166366,0.083101252641684,0.8233558915822711,122.67122233679488,0.2398458230382659,-1.6134557415922504,0.9995785883819088,238.79540819687804,1.914324661504669,0.34485742990581,0.7878090670022821,254,True,True,True,True,-38.6101320971284,-0.2002674623504522
9255,25.0,42.51533739999999,Saudi Arabia,12387.25,1.0,-1.5925431009432145,2.1390940926161545e-137,0.5662866026857027,0.9943626692669414,0.7718928204752169,-1.6346677172871031,-1.5105825668709625,0.4640704074309698,0.1491844581504494,125.36325012561672,0.3583010674228643,-1.582670496453655,0.9938007301129168,214.659247970986,1.5969637873585354,0.2730013571835417,1.0131600201452924,254,True,True,True,True,-38.09363097456169,-0.19727229527158835
9155,31.0,37.98701299999999,Saudi Arabia,12393.06,0.8554131293517118,-1.5515487982602334,2.7970686570113726e-48,0.4488660476985388,1.3514928088451477,0.8183575042273313,-1.517326041294287,-2.2662681955665,1.0899604102910097,0.0254349696021339,98.217326052053,0.1685012072260059,-1.55012450385268,0.9990820176528444,185.1060786692321,2.290246609720965,0.595039858783812,1.546761911794979,254,True,True,True,True,-37.11304725438479,-0.1922843734976697
9230,28.0,43.7223975,Saudi Arabia,12407.1,1.0,-1.515419560245352,4.092560863580586e-87,0.4249218355499062,1.5365562361399048,0.7837763858219539,-1.5376272376259124,-1.7988741933968262,0.970687710454455,0.0151105807128305,128.21577661680448,0.2880292724681374,-1.4989436535763208,0.9891278249923317,189.95015439881885,1.9605176100289643,0.4154429152169497,0.9881886300623148,254,True,True,True,True,-36.24883588106882,-0.18801962025920108
9216,30.0,39.9356913,Saudi Arabia,12401.62,1.0,-1.500253237693434,1.6371807283704968e-49,0.3682149152953963,1.4212479446896655,0.7382359766470252,-1.460748776760345,-2.18012185889675,0.9579647199015182,0.0421397178820421,90.75840510848744,0.4013422461506676,-1.50607241741059,1.0038787983061466,212.86986518429904,2.451666834760701,0.5873783185003082,1.5397491111444166,254,True,True,True,True,-35.886057445626946,-0.18605570557643647
9167,29.0,36.1146497,Saudi Arabia,12406.28,0.8179233516955893,-1.4879308840191556,3.2504902547349517e-102,0.4467786365649754,1.4856543272187694,0.8829609431185211,-1.473098931005285,-1.6441973141015434,0.1209938154188922,0.7708635460532538,48.24633994564525,0.1741529758997669,-1.4887048937940734,1.0005201920218412,145.12787008707116,1.7990493525726694,0.3379078977138191,0.809853519571083,254,True,True,True,True,-35.59130674573821,-0.1845968716778917
9235,27.0,39.9375,Saudi Arabia,12404.16,1.0,-1.4288503603592262,6.844397083338284e-117,0.2565019961695333,1.228906231698319,0.7648793674842955,-1.443571364477453,-1.413813898418332,0.2040367490999368,0.5766483133008741,90.1870288176724,0.2561037659942394,-1.4285386940560396,0.9997818761769368,177.47501925622157,1.8274201820674911,0.2976279404926962,1.0680567611305214,254,True,True,True,True,-34.178100619792694,-0.177236884859535
9240,27.0,45.5625,Saudi Arabia,12404.16,1.0,-1.4216472151665445,5.806071664706873e-74,0.3990646917519032,1.5588304477935253,0.7692289787664539,-1.5487301516463658,-1.488070985575339,2.0740002866894622,1.9943797471343581e-07,144.9925606319448,0.2788023163377602,-1.3654341308797997,0.9604591886882714,174.41302498011913,2.0370848382657347,0.4635495637837205,1.0248048643740104,254,True,True,True,True,-34.005801386783745,-0.17634339520480247
9225,28.0,38.044164,Saudi Arabia,12407.1,1.0,-1.4173606357525856,3.2954144426997656e-110,0.2654467781485222,1.292531929323681,0.7757377362297271,-1.4170078923087144,-1.5023920462631974,0.1779124430775083,0.634379914256753,72.75555057036959,0.2676531596928417,-1.41423996791373,0.997798254191532,169.87781697702027,1.8442458414753824,0.317038550526809,0.386083233054537,254,True,True,True,True,-33.90326640720185,-0.17585335143845904
9258,25.0,45.82822089999999,Saudi Arabia,12387.25,1.0,-1.395912333135177,6.199298974678361e-95,0.4596372906191676,0.9412264502485906,0.6716371549267126,-1.5065212328153648,-1.2681279497429905,1.38960915069388,4.0850010100662775e-05,113.84117442765272,0.249853614852636,-1.384588550857092,0.9918878986815366,218.9095100200396,1.9611640107595756,0.3943947136302621,0.8633012963223218,254,True,True,True,True,-33.39022300859344,-0.1729151504862872
9222,29.0,41.8471338,Saudi Arabia,12406.28,1.0,-1.355831751270766,2.142271489998272e-52,0.2354214085576434,1.4642933141190293,0.7052928765665493,-1.3144656495830702,-1.9113632924999744,0.6556229628054039,0.1391168856861794,101.6384803533826,0.2536582694161354,-1.3775219448797102,1.015997702951428,190.97335353129927,2.4082259800484,0.5628519280634835,1.5285691468050635,254,True,True,True,True,-32.43149549039673,-0.1682082833915548
9249,26.0,46.253870000000006,Saudi Arabia,12397.52,1.0,-1.3486816773304424,7.058989823424219e-72,0.3893963692490669,1.2081193256536886,0.7131494315126858,-1.498474492574874,-1.307494585796481,2.184587794619033,9.325945611206166e-09,123.08950793909996,0.2595995405716024,-1.319205552890586,0.9781444910720511,182.3500974865107,2.1081179499441536,0.4722559132822989,0.7719569307808973,254,True,True,True,True,-32.26046572174418,-0.16720308068337705
9244,26.0,40.6811146,Saudi Arabia,12397.52,1.0,-1.346892243123495,3.3453436059263166e-126,0.2246584357255522,1.1972671559009864,0.8231327545244881,-1.3761083285418003,-1.3030586273687588,0.3606461594607275,0.316509360935899,91.50468767311396,0.311092059671507,-1.3452244185555864,0.9987617238302292,136.31815823511727,1.6740856654806442,0.2529941515749548,1.1955060239500848,254,True,True,True,True,-32.217662455514,-0.16698123521968394
9156,31.0,39.15584419999999,Saudi Arabia,12393.06,1.0,-1.3295653773826135,1.974960781338848e-33,0.2236273721073909,1.3457972411397896,0.7637807057227746,-1.2869282619110287,-2.19172651259236,1.3042381419176583,0.0123628315896773,101.81310066055934,0.2835218383242845,-1.3268267876106996,0.9979402368484466,158.56573516701158,2.6264102644679186,0.6663772808629201,1.4816694413875957,254,True,True,True,True,-31.803203826992117,-0.1647738349582537
9169,28.0,36.9085174,Saudi Arabia,12407.1,1.0,-1.210261528190575,6.760314325781029e-103,0.1293924695928581,1.3029247203850696,0.7906506599523577,-1.2189559752156598,-1.281046781587365,0.2794981710812407,0.4537937446417102,51.49455422202966,0.2616584398038624,-1.2096908423351185,0.9995284607151728,120.77786425997895,1.8052691462049624,0.3127218016577819,0.9521604316888672,254,True,True,True,True,-28.949455754318556,-0.15015835806413283
9254,25.0,41.411042899999984,Saudi Arabia,12387.25,1.0,-1.207943382668324,2.558848800159613e-125,0.2039781939507663,1.0711307104843,0.7992636506721778,-1.2445033333045972,-1.190261693356095,0.5228072290519569,0.1156708463477698,103.91565929545322,0.356191055031234,-1.2043576616644498,0.9970315487833932,116.09274720446614,1.593670255416154,0.2493499747575024,0.9425686361925796,254,True,True,True,True,-28.89400571342631,-0.14963096666958198
9268,24.0,44.316109400000016,Saudi Arabia,12373.42,1.0,-1.1581572161407985,1.3412390483372746e-109,0.2524583692625895,0.7960692424651402,0.667681699827969,-1.2028326245469363,-1.0003715831867557,0.3202318362396006,0.2921856304629862,125.71670238743536,0.276081223147498,-1.1438693796686623,0.9876633014300544,152.6814050044063,1.742845225245406,0.3204606160340523,0.8047572025300758,254,True,True,True,True,-27.7031206100879,-0.14330365661340877
9144,28.0,44.8580442,Saudi Arabia,12407.1,1.0,-1.1212223511789017,1.552657084783165e-65,0.1004417929131829,1.6047757475172115,0.778452230663098,-1.178620059200099,-1.510110586471528,1.735526257730775,1.9023687381547312e-05,141.2446091300808,0.3007343837290689,-1.0701078477104655,0.9544118047462292,107.60953076902734,2.0305141786167717,0.4598864889709684,1.1464681784140511,254,True,True,True,True,-26.81963864019933,-0.13911117833311748
9269,24.0,45.41033429999999,Saudi Arabia,12373.42,1.0,-1.094475305681048,2.1027051285769376e-99,0.2263786790052465,0.7800996055867613,0.6332527124991668,-1.164534449702729,-0.9049212703150888,0.6324133642820008,0.0448157306241676,114.89053937936356,0.2581865649932769,-1.079517943292276,0.9863337598289028,152.3131564046483,1.910844643683017,0.3423806389860016,0.8752292632384638,254,True,True,True,True,-26.179849311890667,-0.13542402636819992
9267,24.0,43.22188449999999,Saudi Arabia,12373.42,1.0,-1.0911533018274446,2.5978495411860686e-114,0.1787453482365783,0.9129097224093332,0.7075266147767773,-1.1224819449474448,-0.9962997165093236,0.2587671359802834,0.388857217505581,124.8572718288051,0.2936630363665677,-1.08738438532739,0.9965459331023948,120.76321049452474,1.6239954700895642,0.2915174920585873,0.7450919223724066,254,True,True,True,True,-26.10038697971248,-0.1350129808789774
9217,30.0,41.093247599999984,Saudi Arabia,12401.62,1.0,-1.089807329521707,2.821767539499251e-29,0.0021289541125845,1.421128036902923,0.71019741995095,-1.0359024050543184,-1.9626976388075388,1.1749906841962243,0.0227175019925773,100.20298920329272,0.3524243307033793,-1.1049290856985503,1.0138756234861073,125.9636275978018,2.791249055553262,0.6724437815316138,1.5094264111131734,254,True,True,True,True,-26.068191322159233,-0.13515376373942992
9234,27.0,38.8125,Saudi Arabia,12404.16,1.0,-1.0362104214843997,1.016399167492683e-99,0.0994731110561748,1.3086769252014423,0.7507698824766369,-1.057037301502646,-1.022912413892609,0.2854855207239702,0.4310201163487645,85.39788956140305,0.1968064723435866,-1.0373894630732348,1.0011378399255493,97.94237937489876,1.847448043862313,0.296285175806372,0.3254935354679671,254,True,True,True,True,-24.78615328190684,-0.12853319861759932
9259,25.0,46.932515300000006,Saudi Arabia,12387.25,1.0,-1.029543701339923,1.11815007501302e-73,0.1884593470540244,0.9982460332038336,0.6512943718531583,-1.179491722768495,-0.9535486870643328,2.106786889730245,2.4159179363674798e-09,100.28859655528018,0.2337624321204791,-1.0203825820170187,0.9911017674033834,128.57860426244008,2.1479612094598126,0.4218583264523115,0.6842264550538112,254,True,True,True,True,-24.626685336050958,-0.1275321521442296
9223,29.0,42.99363060000002,Saudi Arabia,12406.28,1.0,-1.0025621858584568,1.707495330952071e-38,0.0581865614168254,1.465144435272343,0.7464445836002979,-0.9698366726579802,-1.7257550046143346,1.149706627428273,0.0153186582569692,108.3617257186173,0.2960775965920788,-1.036362764696117,1.0337141967993917,95.8707059432694,2.4431492636111267,0.5932853185076294,1.2012107094646192,254,True,True,True,True,-23.98128748573429,-0.12438067195172055
9168,28.0,35.7728707,Saudi Arabia,12407.1,0.9159738422376812,-0.9965850353131352,8.06451337190093e-88,0.0402636205085881,1.330648761776196,0.7751851781050954,-1.018464579476308,-1.094685665558386,0.5408581637959021,0.1506549854968422,125.94399760797388,0.1637597821271519,-1.0026421066538544,1.0060778269049726,87.14335557148664,1.8599741784589268,0.3331313411063956,1.2939358989335077,254,True,True,True,True,-23.838314044690197,-0.123647301916336
9213,31.0,40.3246753,Saudi Arabia,12393.06,1.0,-0.9592392114886285,3.0605574775013137e-19,0.117972634164799,1.3636927842264157,0.725171116307845,-0.9006909446837089,-2.0131856129647785,1.5100972687616143,0.0086687798145858,101.70549876328246,0.3197744952598966,-0.9576276427155698,0.9983199511094238,96.7434975659463,3.0544448008146388,0.7366145542309375,1.288372745734977,254,True,True,True,True,-22.945001938807994,-0.11887909102331261
9270,24.0,46.50455929999998,Saudi Arabia,12373.42,1.0,-0.9357033594325542,1.8213092254633397e-86,0.1329731572218531,0.8579259446754436,0.6254511585032053,-1.0390711235895145,-0.7442306522993338,1.136223167409503,0.0005982687769848,101.95573188209286,0.2528946843555623,-0.914195290208892,0.9770140087594584,115.44510426981768,2.0477934196482463,0.353516067460546,0.8627683159804456,254,True,True,True,True,-22.382024357626698,-0.11577850661669956
9241,27.0,46.6875,Saudi Arabia,12404.16,1.0,-0.9247471702645184,3.723866487086108e-47,0.0035465760754567,1.5509208130845389,0.7363929211365702,-1.1012863478550534,-1.0301668459500948,2.931450036229209,1.676096089178704e-12,124.66377194679808,0.2579685413972163,-0.8750598796807895,0.9462693240039696,84.77384805948986,2.2659670572365025,0.5271070876621126,1.4878547525225103,254,True,True,True,True,-22.119952312727282,-0.11470711859508327
9266,24.0,42.127659600000015,Saudi Arabia,12373.42,1.0,-0.8817761676638831,5.206858483556859e-109,0.0070558869188614,1.0130271007069946,0.7538563323135806,-0.9119423504044591,-0.8332433726036,0.3409516388110807,0.2713658515549431,117.48887461629542,0.3016414799076859,-0.8811104123291874,0.9992449837508542,70.04064063154487,1.5740488477336785,0.2543685418902058,0.6014221919629807,254,True,True,True,True,-21.092085930520085,-0.10910586868495643
9250,26.0,47.368421100000006,Saudi Arabia,12397.52,1.0,-0.8781349724102605,7.916003613341413e-51,0.0324345502079071,1.2681450105237102,0.6882305225101099,-1.068029745995004,-0.913814893631144,2.9758459111586686,3.191799128075858e-14,109.9358104264441,0.2324541089120617,-0.857708932290293,0.9767392932046618,86.38227644572939,2.3064859441004626,0.4996341829577014,0.9548975917244048,254,True,True,True,True,-21.004988540053432,-0.10886695883155653
9174,26.0,39.5665635,Saudi Arabia,12397.52,1.0,-0.8124282361753191,4.637539280195152e-92,0.2611619702538055,1.205944400510348,0.7814049134018938,-0.849864401765197,-0.7607624728329891,0.4571814197812486,0.1994587395780757,64.32678437546807,0.2899044155926908,-0.8148926870974332,1.0030334382932282,56.67001246800544,1.7463120114706097,0.271883423264591,0.8533014612492553,254,True,True,True,True,-19.433283409313635,-0.10072095306548244
9171,27.0,37.6875,Saudi Arabia,12404.16,1.0,-0.7494548618533039,1.1023402043314688e-80,0.3266586524206122,1.340315147413446,0.7545151134685827,-0.7824017763276314,-0.7239732674140036,0.4209356807701978,0.2443366175481588,55.86528348158026,0.252376519434486,-0.7546393398282243,1.0069176654109626,52.50585672816323,1.8346556725016387,0.3041609468285085,0.6211765280991047,254,True,True,True,True,-17.926960295531032,-0.09296358019206279
9271,24.0,47.59878420000001,Saudi Arabia,12373.42,1.0,-0.7318052610825456,1.7164545895595534e-63,0.0279625355648949,0.9260245619853954,0.6110959987256993,-0.8773924403433244,-0.5818220395485907,1.874566633545599,3.84617284504542e-08,93.05763912697634,0.2225706498744825,-0.7055572510778314,0.9641325207666775,75.69826778546513,2.199020382927302,0.4090071548104861,0.6813390590203158,254,True,True,True,True,-17.50478184509449,-0.09054933853583992
9286,23.0,46.22356500000001,Saudi Arabia,12393.41,1.0,-0.7199065077642901,2.8251017577248265e-74,0.0132716320948127,0.7635689204953703,0.6153054631334512,-0.7877471275022391,-0.4386529727435568,0.3970127863531534,0.2313515751947492,95.71415416353072,0.2364952453950499,-0.7159599928248499,0.994518017413544,72.10018607728153,2.0641233564156174,0.3537178188025821,0.8050896088322366,254,True,True,True,True,-17.22016366572182,-0.08922096512391031
9177,25.0,40.3067485,Saudi Arabia,12387.25,1.0,-0.7159415267671093,3.3967816194296296e-86,0.2578120731547767,1.2024344023962452,0.8150580074139732,-0.7460775044819277,-0.7069306656915678,0.4381758581498864,0.2174177349599622,74.70886843133485,0.3301022994474601,-0.7149193384723953,0.9985722461171798,40.82997275357883,1.669017545752798,0.2655560373742004,0.8490546957322931,254,True,True,True,True,-17.125321320269258,-0.08868546677445875
9285,23.0,45.13595169999999,Saudi Arabia,12393.41,1.0,-0.7012891882171999,3.064087741494594e-73,0.0776055989704807,0.707330616646128,0.6272117451933898,-0.742922730262608,-0.4470770248097159,0.0603838962039865,0.8500188829280899,112.91495949883635,0.2922219469425919,-0.6953448562470379,0.9915237079509616,65.4820930373395,1.946648229002432,0.3633681744843624,0.6483598990054084,254,True,True,True,True,-16.77483738215542,-0.08691364438142929
9231,28.0,45.99369089999999,Saudi Arabia,12407.1,1.0,-0.6928292113633605,5.325144914182933e-37,0.2375460760156605,1.5975080665364207,0.7450877418915786,-0.8131618493649396,-1.101513481782875,2.7523148382903,1.0678658814087905e-10,170.51047736235586,0.2959531079527193,-0.6260027795330533,0.9035455914181144,50.02611042958873,2.280410698308791,0.5384160189272891,1.7469584691283218,254,True,True,True,True,-16.572474735811586,-0.0859600130830635
9260,25.0,48.036809800000015,Saudi Arabia,12387.25,1.0,-0.6807227952103004,3.627585031755243e-49,0.0472256238953502,1.0991087496359233,0.6356009342996556,-0.8658244262532478,-0.6886019076934445,2.8350724730529957,4.339648898915915e-15,89.4996737622811,0.2283904582416376,-0.6314493151016876,0.9276159393290326,61.73980405527789,2.3109805359878983,0.4675967935090945,0.5263640433693141,254,True,True,True,True,-16.282889261430388,-0.08432283444968793
9287,23.0,47.3111782,Saudi Arabia,12393.41,1.0,-0.6738097291382336,1.0411410298017516e-62,0.022034463806374,0.8365427527438277,0.5990617287465995,-0.7829933901644021,-0.3761165540462268,0.9926581430245563,0.0039005416485834,85.15645235738097,0.2116175443851039,-0.6697704816529003,0.9940053589156403,67.59274264888688,2.21370880199089,0.395202571786691,0.8142623696124622,254,True,True,True,True,-16.11752872098655,-0.08350800235199075
9218,30.0,42.2508039,Saudi Arabia,12401.62,1.0,-0.6568300645535097,2.1624158492652661e-13,0.3790902110181895,1.323590910560058,0.6998551983261357,-0.5816562961531838,-1.822676909051664,1.513808878228116,0.0100368924043181,99.41426692234626,0.2869609452433383,-0.6977649029655172,1.0623218098882754,54.69395753196553,3.233834580290798,0.7504383868679659,1.327837850445131,254,True,True,True,True,-15.711375144119952,-0.08145756865168098
9339,20.0,46.33136089999999,Saudi Arabia,12392.71,1.0,-0.6530507854175369,3.240249834023451e-92,0.2242080247321841,0.9203005892752238,0.7180424922009434,-0.6746598474015828,-0.7866067651195401,0.619578973359396,0.066148151169154,54.38655908141905,0.2300986516385897,-0.6548831891653272,1.002805913090846,43.70826670922263,1.8016382446210712,0.2208794632943825,0.5554578453087438,254,True,True,True,True,-15.620974787187484,-0.08093068998951763
9323,21.0,46.60714289999999,Saudi Arabia,12384.43,1.0,-0.6419744894064928,3.2175553766687573e-90,0.1211229025587147,0.8737698794743919,0.6885537800276547,-0.6824727620508173,-0.4452045983456222,0.1733172705519871,0.6003585759641296,58.45284655612584,0.2453277366720918,-0.6429859681235784,1.001575574627616,46.40434289951494,1.8375208346656604,0.2328403551155548,0.8891914548425232,254,True,True,True,True,-15.35602978660331,-0.0795048812584045
9305,22.0,47.027027,Saudi Arabia,12409.39,1.0,-0.6336266085178298,9.038314667492745e-66,0.04489468559657,0.8478091632856818,0.6358906362058961,-0.7104948940467424,-0.2892890482447168,0.3962503880939871,0.2531528271898363,73.36476515047252,0.1995730844402001,-0.6351871833785767,1.00246292507254,53.673267678448646,2.087680185797072,0.3567164776622956,0.9255239691739914,254,True,True,True,True,-15.15634847574649,-0.07862919699475072
9141,29.0,44.14012739999998,Saudi Arabia,12406.28,0.939365466894766,-0.6271955485522558,2.8278597711122585e-23,0.3633343661404854,1.3786182786523091,0.7569233933300399,-0.6036933450787711,-1.5116661583332638,1.6322194117560018,0.0009795990055071,108.80165671502864,0.2917867343084878,-0.6589553895524447,1.05063786098849,40.5461156019994,2.5287755420619966,0.6336293246580985,1.1213139439518118,254,True,True,True,True,-15.00251752136996,-0.07781163590092881
9284,23.0,44.048338400000006,Saudi Arabia,12393.41,1.0,-0.6270624332890187,1.9217680085883105e-72,0.1640884334972475,0.7624673857151724,0.6387827228361576,-0.6506927407756877,-0.4366486686583331,-0.07333567619096,0.8089929203314665,119.3251420390637,0.2685541772644976,-0.6197863110859377,0.9883964948036884,50.64345253941616,1.8159706456471567,0.3512872377878472,0.542483059745482,254,True,True,True,True,-14.999333404273328,-0.07771441831348457
9324,21.0,47.67857140000001,Saudi Arabia,12384.43,1.0,-0.6173523867589158,1.3091789283940148e-76,0.1812234829216465,0.8336369793613306,0.6721348595135533,-0.7132016389831227,-0.3797627635990652,0.9202491692011052,0.005254844314405,66.08538300730288,0.1713114875783789,-0.6278812168863449,1.0170548139980558,45.38458489659626,1.8904204999005647,0.2945782393088414,0.9052228360565618,254,True,True,True,True,-14.767069091273267,-0.07645557419148721
9338,20.0,45.2662722,Saudi Arabia,12392.71,1.0,-0.6117466893843528,3.5536506501279307e-79,0.1442991108633577,0.969150871422385,0.7246864982504081,-0.5972627387134947,-0.7350758138367731,0.051485022637958,0.8818889986132441,55.219031968930125,0.3068688689516758,-0.6120052564956959,1.000422670225814,37.90178088832064,1.8282601978678863,0.2629878347675006,0.3336085470683272,254,True,True,True,True,-14.632980810073722,-0.07581199315000363
9340,20.0,47.396449700000005,Saudi Arabia,12392.71,1.0,-0.6049887347057681,1.286555055914053e-88,0.2451884217505507,0.824112621312084,0.6884903382980395,-0.6828295008141363,-0.643799728444403,1.2617099248172443,6.457279514771002e-05,68.54386139661074,0.1144390867413218,-0.6073344935016187,1.0038773594635468,41.08201792900344,1.782113893860594,0.2320132844124146,0.6794368751399361,254,True,True,True,True,-14.471330534161973,-0.07497449942475519
9306,22.0,48.10810810000001,Saudi Arabia,12409.39,1.0,-0.5919452042194634,3.794677808036271e-53,0.1015835962039144,0.909363490867554,0.6400687295549718,-0.7153398441617252,-0.2397413303877467,1.0871384330811429,0.0022003863973896,67.18908913976824,0.1971489974410671,-0.5957059628357517,1.0063532208547026,46.75554416218242,2.141151926991269,0.4164480219509168,0.7919217631022485,254,True,True,True,True,-14.159329284929566,-0.07345678897788965
9304,22.0,45.9459459,Saudi Arabia,12409.39,1.0,-0.5884043470989565,8.329635029724268e-65,0.0683060036420904,0.7875204887396298,0.6517075754685592,-0.624114700308665,-0.2726825716062813,-0.1658927969983316,0.6241539457890748,80.36077859268215,0.2761779104418787,-0.5882015919201932,0.999655415226344,44.09100433604644,1.9867940376631708,0.3480271990646149,0.7614120751666041,254,True,True,True,True,-14.074631982607041,-0.07301739020846319
9170,27.0,36.5625,Saudi Arabia,12404.16,0.9424047402999746,-0.5806261952107281,3.993707212834859e-64,0.3919362521219049,1.2244144340786307,0.7225997741180867,-0.6450929052416547,-0.5617766668445406,0.9102712799070156,0.0110283368697422,46.44779450636027,0.2523403047970362,-0.5956783653679616,1.025924028714844,37.21423840867777,1.907284265866032,0.3281915950106361,1.3395447576637018,254,True,True,True,True,-13.888578589440618,-0.07202180225585106
9322,21.0,45.5357143,Saudi Arabia,12384.43,1.0,-0.5722271748554868,2.816300121978193e-74,0.0038184045729519,0.8666155277305639,0.6852136053423954,-0.5762179292693005,-0.3992379932108602,-0.3268651215623289,0.3281068900542583,55.44169218434641,0.3162854699428439,-0.5722227649114896,0.999992293368454,37.51325805443417,1.8667988259490704,0.2818799700741018,0.5932229952165485,254,True,True,True,True,-13.687674022543245,-0.07086707391095537
9354,19.0,46.05882350000002,Saudi Arabia,12397.11,1.0,-0.5700232559693602,2.129869826561609e-51,0.2368783236079502,1.0504085953175606,0.7392884728257081,-0.6095387845423293,-0.9606736419139628,1.444294279534709,0.000175257371843,72.748658740893,0.1448133738101399,-0.5743130621842677,1.007525668768746,32.66597603090573,2.019145683808711,0.3913753973300295,0.1242932120398934,254,True,True,True,True,-13.634956282787098,-0.07066641006810315
9180,24.0,41.03343469999999,Saudi Arabia,12373.42,1.0,-0.5676506591824592,5.70870015137396e-78,0.2887388935859324,1.1187283259533352,0.786594371438471,-0.5937643727232311,-0.5528094126191658,0.3510058083798529,0.2892594228124774,95.5659724837945,0.3443952030389379,-0.5673015433066682,0.999384981114452,27.77882947732852,1.611754692248661,0.25979865239259,0.4242090756351734,254,True,True,True,True,-13.578203767644425,-0.07023780019341423
9288,23.0,48.398791500000016,Saudi Arabia,12393.41,1.0,-0.5649418251631702,2.615660975925241e-44,0.0188681119076885,0.9457797893813832,0.6171954706769088,-0.7178120144470639,-0.2701223074200475,1.6664825117173336,3.883680751277499e-06,72.43501512566581,0.2652474720912208,-0.5478013237642672,0.9696597054148852,46.24744025321544,2.2842301606787934,0.4667808744425186,0.6211233920564071,254,True,True,True,True,-13.513408457903031,-0.07001555665395486
9353,19.0,45.0,Saudi Arabia,12397.11,1.0,-0.564719420320701,1.8461233934892292e-54,0.1983876382484667,1.0974754854796178,0.7706503450982416,-0.5756509906482464,-0.9189884679940736,0.9297740139786702,0.0170546596079081,85.48938691616058,0.1977446427092095,-0.5641821326345676,0.9990485758647574,29.53838673555056,1.944829330530104,0.362036882297341,0.1752822286481376,254,True,True,True,True,-13.508088534071168,-0.07000888772851965
9214,31.0,41.4935065,Saudi Arabia,12393.06,0.850877312726237,-0.5601781629905713,1.555542430282863e-08,0.4661436938566575,1.308679786098564,0.7035264375730775,-0.4814686561855783,-1.858021547067107,1.763563845569334,0.0065536736815926,92.00085889092102,0.2651584146412282,-0.5622504317052356,1.0036993029210586,44.01501327771854,3.551726263576375,0.7970044210981367,1.096097028092528,254,True,True,True,True,-13.399461658734467,-0.06942321584631929
9242,27.0,47.8125,Saudi Arabia,12404.16,1.0,-0.5495400665094913,9.261141279867159e-29,0.2676578798422626,1.5918483968929709,0.7404808339943797,-0.7705161769367195,-0.6498481445416351,3.6116222808050056,1.121289806387226e-16,99.0283610286618,0.2657072777982266,-0.504987694625022,0.9189278915230836,35.551820409304355,2.4076860720682483,0.5479626595506288,1.9372953368042307,254,True,True,True,True,-13.144998390907032,-0.0681658291139437
9251,26.0,48.482972099999984,Saudi Arabia,12397.52,1.0,-0.5338656514201485,2.3952045840180167e-32,0.2017248610961342,1.3473796859950269,0.6820379966521148,-0.7513532591254156,-0.629800719263949,3.5339725381569047,1.1792018525688997e-18,89.75386474921834,0.2406835510561145,-0.4547854450442497,0.851872458612882,37.31507927806904,2.426291302254519,0.5197795236374348,1.3655998689885431,254,True,True,True,True,-12.770066381969954,-0.06618610090794319
9272,24.0,48.69300909999998,Saudi Arabia,12373.42,1.0,-0.516585176258455,1.0535331844764596e-39,0.0773187193886591,1.0233978352682436,0.6224741549696494,-0.6951955608008777,-0.3939897755575399,2.4456067911926285,7.95320337278006e-12,77.63350235220665,0.2841912580433177,-0.4910391680052126,0.9505483133715372,38.61895066736584,2.3013116527809787,0.4773504255240477,0.3339507312261209,254,True,True,True,True,-12.356717416102244,-0.06391925351619893
9352,19.0,43.94117649999998,Saudi Arabia,12397.11,1.0,-0.5161610124291452,5.117672353165923e-59,0.1292591491412239,1.161326745677122,0.8042679626966963,-0.5201109085631974,-0.7540517670244143,0.5623545722968436,0.13738371652526,107.79712872269252,0.301372114231067,-0.514588583811006,0.996953608311602,22.86297477412463,1.803520975381224,0.3057150758431771,0.3347868708684683,254,True,True,True,True,-12.346571417305155,-0.06398904848795481
9283,23.0,42.96072509999999,Saudi Arabia,12393.41,1.0,-0.5142924206071979,3.1859779960511466e-67,0.2697773625051566,0.9430268946083172,0.6881172172716425,-0.5331446228658935,-0.39000884090958,-0.008325447040658,0.9780040332364108,112.88709439880526,0.2586610693475314,-0.5121153281746745,0.9957668199155004,29.98680499751769,1.6777635215293372,0.3255449067563629,0.5326318731619264,254,True,True,True,True,-12.301874700924175,-0.06373836828477453
9355,19.0,47.1176471,Saudi Arabia,12397.11,1.0,-0.5130845605315105,8.183839317064205e-55,0.2311283507110441,0.9561760100284888,0.6999740180825476,-0.5969351648489842,-0.7954998137539373,1.8835291791614217,5.739629450981692e-08,72.13319016465296,0.1375611354594163,-0.516552353427497,1.0067587161313023,29.572426910615818,1.952728644620849,0.3579242002530386,0.1704538586915575,254,True,True,True,True,-12.272982687913732,-0.06360765736210795
9337,20.0,44.20118339999999,Saudi Arabia,12392.71,1.0,-0.5107495388321237,4.4022451382372924e-67,0.0238273532271348,1.049007945600934,0.7505676296140095,-0.4918838564013359,-0.5456171094933384,-0.2100187263094795,0.5466149159384969,92.0788436724494,0.297800007059823,-0.5081642394698119,0.9949382247740776,25.21229620061909,1.775289916054822,0.2746501433588757,0.1882504361172805,254,True,True,True,True,-12.2171289688644,-0.06329570917380248
9325,21.0,48.75,Saudi Arabia,12384.43,1.0,-0.5095093219032304,4.627516798187571e-50,0.1717375856057247,0.8884680511536333,0.7035314692150347,-0.6559915312557614,-0.2121225263269879,1.5530071084432082,8.208723211004468e-06,73.02799112706757,0.1509330570863928,-0.5248740407807303,1.030155913183504,29.116171665306823,1.930789371363146,0.3965124657726154,0.6146538275761139,254,True,True,True,True,-12.187462979925272,-0.06309982531458024
9341,20.0,48.46153850000002,Saudi Arabia,12392.71,1.0,-0.4869726998462544,5.587168844303494e-63,0.2072243069901186,0.8508168314009406,0.7172958510559285,-0.6216311464045092,-0.3943562456460613,1.8312572056296792,1.3781692246153704e-08,75.77046328379461,0.1211874825615182,-0.4862230482856745,0.998460588117534,25.34270032240228,1.7761780558238058,0.3025359053658903,0.5360017362132357,254,True,True,True,True,-11.648386980322407,-0.06034911447111675
9303,22.0,44.86486489999999,Saudi Arabia,12409.39,1.0,-0.4770799375149003,8.640634114401562e-54,0.206898078099167,0.7636599765833773,0.6464615422453447,-0.4925914873074351,-0.2133834147612794,-0.3575156338451332,0.2739668542253876,98.252890984683,0.3418840906821641,-0.4756458536431271,0.9969940386107132,30.03105587875065,1.935156784062765,0.3715259705477085,0.4400997486241555,254,True,True,True,True,-11.411752105356417,-0.059202710057980286
9307,22.0,49.18918919999999,Saudi Arabia,12409.39,1.0,-0.4747318552272369,2.1729915267982446e-34,0.0945563301882323,0.9378381489256896,0.6664524122376206,-0.6378670762471121,-0.1013299402337533,1.641108523434291,9.052364409716132e-06,68.77690499648452,0.1908292737576703,-0.4784037519462024,1.0077346752246232,29.190405921751463,2.163630343295021,0.5034634243455756,0.6068174099663775,254,True,True,True,True,-11.355585977035506,-0.05891132736938321
9321,21.0,44.464285700000005,Saudi Arabia,12384.43,1.0,-0.4402074949577683,8.654205418344692e-53,0.1477919536734036,0.9106120351123486,0.689677386182016,-0.4324802926837565,-0.2578320491093059,-0.5243480637582709,0.1202891104725172,82.68363191901395,0.3603431464477764,-0.4382075542334703,0.9954568226411276,22.84739024104956,1.8756472163417053,0.3390154467865783,0.3028374972419663,254,True,True,True,True,-10.529763279389819,-0.05451718906779834
9351,19.0,42.8823529,Saudi Arabia,12397.11,1.0,-0.4386696467035121,8.204145742709835e-59,0.0379145281279788,1.271935176757504,0.8484541668619158,-0.4510685241655177,-0.5105157323151188,0.326325806532106,0.384363095776871,156.1298861913383,0.3278924827621783,-0.4323277423900353,0.9855428695348888,15.399790214086597,1.691755741647438,0.2461770229544822,0.540021915673763,254,True,True,True,True,-10.49297794914801,-0.054382358638445774
9261,25.0,49.1411043,Saudi Arabia,12387.25,1.0,-0.4184500455018684,3.8807076710491466e-29,0.2025645272920419,1.1827135426624984,0.6576498580847838,-0.6255196214999996,-0.4756331650874893,3.278453901921883,1.218888211793393e-18,79.41607127684013,0.2778309158586136,-0.3617555344435903,0.8645130723064411,25.250147682098586,2.335167923581523,0.5025653985848004,0.7806126513832139,254,True,True,True,True,-10.009325088404692,-0.051834453261430186
9289,23.0,49.4864048,Saudi Arabia,12393.41,1.0,-0.4174097071485713,2.5189682361592965e-27,0.0161384514217977,1.0299463374712474,0.6446732702948581,-0.6000977618615009,-0.1283697388130742,2.1314317277823047,1.5090293615208912e-08,67.11705285822973,0.2811074801174035,-0.3942935490868124,0.944619979684538,25.31303305644059,2.306122352856639,0.5365858434149706,0.487844768800349,254,True,True,True,True,-9.984440194993827,-0.051731296386721755
9356,19.0,48.176470600000016,Saudi Arabia,12397.11,1.0,-0.4111365097859429,5.195728515451258e-52,0.188644284285678,0.8924979729397988,0.6949312750523018,-0.5420077258276353,-0.5133323815250512,2.2028527812127416,4.839575018929107e-12,76.46209802944213,0.1292349755450683,-0.4085708673795018,0.9937596337338735,19.83906358394112,1.8394815449766229,0.3239585410415206,0.2026679175022877,254,True,True,True,True,-9.834385314079755,-0.05096904536832411
9367,18.0,44.73684209999999,Saudi Arabia,12397.67,1.0,-0.406545211137671,3.49765510904601e-37,0.136375350161346,1.012354627695168,0.7759693251611393,-0.4982018334434764,-0.6820038117860386,1.9411395649301308,9.190520007710344e-07,96.74889194080606,0.2469901433790642,-0.4036142438506345,0.9927905502100626,16.986538180376474,1.9964533279286223,0.389069337693663,0.6321595342872216,254,True,True,True,True,-9.724561450413091,-0.050402133677651687
9336,20.0,43.1360947,Saudi Arabia,12392.71,1.0,-0.3986093974464799,2.5347452000755763e-51,0.0949142392733883,1.159155399048576,0.7737161033249448,-0.3925832890508459,-0.3169671266387673,-0.2741205329357855,0.4385856130917124,109.76097108330578,0.3008197123689247,-0.3836076026840452,0.962364673641572,15.27267567465394,1.7498430403058238,0.293866257772646,0.0919827005487824,254,True,True,True,True,-9.5347367869198,-0.04939850665828966
9243,27.0,48.9375,Saudi Arabia,12404.16,0.9355027605008072,-0.3932935138382866,3.8195560676562473e-19,0.3379067901083651,1.6402915427878912,0.7774477792158825,-0.650894939402321,-0.4607925496426581,4.096687288441449,2.3369973705635147e-19,98.80855299571218,0.2497992618904849,-0.3120169641217141,0.7933437830607306,22.171576927823352,2.4256565263134084,0.5589763407709774,2.39910588942232,254,True,True,True,True,-9.407580851011815,-0.048784756726123216
9366,18.0,43.684210500000006,Saudi Arabia,12397.67,1.0,-0.3918478105183838,4.565676284726792e-41,0.1029245732256266,1.1369261808894142,0.8458869838975437,-0.4789580618469726,-0.576668376223558,1.659548430738401,3.2453800003617804e-05,164.96005024140084,0.3161422316655309,-0.3848708443614181,0.982194704245672,13.825289817549166,1.8367872165881367,0.3277203463205978,1.019243591798126,254,True,True,True,True,-9.372999627599741,-0.04857999845029451
9368,18.0,45.7894737,Saudi Arabia,12397.67,1.0,-0.3857532162395505,1.5527148987150437e-33,0.1421988450282929,0.9053680779452185,0.7164655053941088,-0.4860007433874259,-0.6997135389492718,2.170522094525796,1.2904807662749245e-08,85.35944481069845,0.2161114910453873,-0.3801320563904349,0.9854280933703872,17.933219403465532,2.103779385972627,0.4225007368359892,0.3539389380816581,254,True,True,True,True,-9.227216932450048,-0.04782441076376589
9264,25.0,55.7668712,United Arab Emirates,12387.25,0.953767705182624,-0.3759243783331283,4.831489281291731e-19,0.361475941316252,1.0388265582884968,0.7826977661883676,-0.4218757046672159,-0.628485681638604,1.2462516620811572,0.0093464047707434,93.69088137211898,0.3366694632429704,-0.3227761125368151,0.8586197946725993,25.50853915800557,2.358299083170851,0.5517686088282256,3.487592952137374,254,True,True,True,True,-8.99211112972843,-0.04656669255507043
9252,26.0,49.59752320000001,Saudi Arabia,12397.52,0.9693349102611308,-0.3689213937376296,1.9797480634324668e-20,0.2798676289159202,1.3869780503639426,0.7042523067644672,-0.6050002580100904,-0.5108673600608076,3.918109662403016,3.4974457755728695e-21,86.62163323514201,0.2925707677674383,-0.255241289866678,0.6918581958090539,22.30726097030272,2.458359393368361,0.543693010510089,1.9391769818489564,254,True,True,True,True,-8.824599738204101,-0.04573710357290138
9332,21.0,56.25,Oman,12384.43,1.0,-0.3582489686337419,4.661689570008868e-29,0.0445031384663546,0.895180359149911,0.7781487594396502,-0.4879756166453738,-0.0419174169779953,1.2258545983164886,0.0022533498984032,75.79558080527931,0.1147940046302793,-0.3833437941817488,1.0700485632762915,13.726706256373852,1.9904836496967253,0.4396972648813387,0.6807354787959603,254,True,True,True,True,-8.569315329719107,-0.04436709274616772
9326,21.0,49.82142859999999,Saudi Arabia,12384.43,1.0,-0.3554036806461951,8.626293553230043e-29,0.1153017980758758,1.004600416549816,0.7885985226268163,-0.5342196247581166,0.0052067080725639,1.9014450735606196,4.435617685234421e-07,70.78994009488574,0.1039255869512198,-0.3586729806622423,1.0091988355610242,12.860608241901902,1.8731866144261424,0.4599154133864305,0.6719255146269758,254,True,True,True,True,-8.501256041056987,-0.044014720047051585
9185,19.0,41.823529399999984,Saudi Arabia,12397.11,0.993938657808946,-0.3493503049709097,3.807050991326358e-45,0.057724273522777,1.2705312253334853,0.8311507860285093,-0.3780881009462353,-0.2432474532931595,0.1792651308999313,0.6335736898069523,216.82092597708103,0.2008800299002748,-0.3422507843405626,0.9796779320661012,11.19040225324195,1.7302609493383996,0.266190158547982,0.7269692861923464,254,True,True,True,True,-8.35645929490416,-0.04330934159257914
9314,22.0,56.756756800000005,Oman,12409.39,1.0,-0.3475123347721703,2.9015785981787708e-24,0.0332315696325774,0.7875677079477603,0.7539052605717746,-0.4567285194989591,-0.056015228306217,0.9834910605301448,0.0180698190199284,84.29083523961404,0.1969818738091022,-0.3469823158418438,0.9984748198055358,14.0726462576321,2.1216496000584075,0.4861032191760754,0.362322034113932,254,True,True,True,True,-8.312495047750314,-0.04312416091998422
9313,22.0,55.6756757,Oman,12409.39,1.0,-0.3445426217933899,5.13352516159987e-27,0.0043249512310413,0.8113747788459499,0.7252193113863483,-0.4619887559991003,-0.1036221609075755,1.2275563421785507,0.0015643641903238,75.15760999328145,0.1816608054278455,-0.341217179685517,0.9903482417050072,14.54590671190764,2.0671906938319204,0.4667158320535681,0.3875606660394101,254,True,True,True,True,-8.241459513297887,-0.04275563765456674
9369,18.0,46.842105300000014,Saudi Arabia,12397.67,1.0,-0.3417894310999347,3.749811773753861e-33,0.133828218861063,0.8470456274501992,0.6774923181776408,-0.4626774030837302,-0.6014932876772072,2.3781670454126145,1.5997879432584457e-11,79.40532269111524,0.2571048697545185,-0.3316504892576202,0.9703357069594408,16.042141296158796,2.084081353833851,0.4038714094395996,0.297961425900258,254,True,True,True,True,-8.175603191910438,-0.04237392576264728
9186,18.0,42.6315789,Saudi Arabia,12397.67,0.9926604089178253,-0.3399681761219131,3.1463686255935393e-41,0.0391775431919728,1.2145237488209233,0.8796066088354153,-0.424359155631311,-0.392983120277835,1.326926331437363,0.000753071098364,209.58970906833804,0.2788796569071921,-0.3290466212403853,0.9678747728504704,10.51737173140907,1.7314920647704373,0.2669581202866107,1.262765934200731,254,True,True,True,True,-8.132038772836163,-0.04214813258061358
9273,24.0,49.78723400000001,Saudi Arabia,12373.42,1.0,-0.3347835625274717,8.723740221276334e-22,0.1491747060352103,1.1603229873850864,0.6479017495366115,-0.537023961080548,-0.2338958248903364,2.8478539825098705,2.76090583088021e-14,64.21211421004651,0.3562116095595193,-0.315105408599842,0.9412212661246924,17.7035806617843,2.3395433152745584,0.5338479705748744,0.1649876608017918,254,True,True,True,True,-8.008022815657124,-0.041424176282486694
9308,22.0,50.27027029999999,Saudi Arabia,12409.39,1.0,-0.3321902001135458,3.216629829875133e-21,0.0549348064387838,1.0311029689939284,0.7314715661230003,-0.5181068867774025,0.0631017088196367,1.9338349419612684,5.726033909877625e-07,66.07308523030952,0.1523276448060308,-0.3349993761332214,1.0084565288762746,14.310987834396553,2.072992763759471,0.540436852275711,0.9929717439304035,254,True,True,True,True,-7.945989586716015,-0.041222777473870334
9342,20.0,49.52662720000001,Saudi Arabia,12392.71,1.0,-0.3298842327163211,1.6361338407000946e-33,0.1317777672526883,1.000007609918701,0.8160716646432743,-0.5059809355915553,-0.1086458859675081,2.173548390409384,1.24858565815412e-09,78.96869375991324,0.1043866577161332,-0.3095968032052837,0.9385013665430828,10.156747471364994,1.7396834711367015,0.38101972599853,0.2756548344962731,254,True,True,True,True,-7.890830846574402,-0.0408815962962588
9331,21.0,55.17857140000001,Saudi Arabia,12384.43,1.0,-0.3298228199354436,3.190155159461403e-29,0.0578546907903407,0.8246397008200947,0.7172523422291193,-0.4623979043128019,-0.0588415495097832,1.376930782958299,0.0001639052686139,77.55905263591558,0.1282418313565731,-0.3217714354923071,0.9755887587016798,14.275854058817352,1.9755434806772776,0.4400690871132372,1.0360450100056016,254,True,True,True,True,-7.889361852855812,-0.04084667625893106
9333,21.0,57.32142859999999,Oman,12384.43,1.0,-0.3250927906618533,1.1900863826497924e-21,0.0078365299549392,1.01578494817585,0.8183657850968165,-0.4529092198466192,0.0864256161707069,0.9757826536446536,0.028273059419602,66.60770309080058,0.1256538701309918,-0.3334546113041446,1.0257213352079186,11.704961226430502,2.0884899020286114,0.4734525222917202,0.9545477811454508,254,True,True,True,True,-7.776219552631532,-0.04026088909456376
9320,21.0,43.392857100000015,Saudi Arabia,12384.43,1.0,-0.30272201117525,7.484591622892481e-35,0.2837135924373333,0.992203498396972,0.7012528542469562,-0.3041256200058384,-0.0910184436667586,-0.4543064090069688,0.1780752272502352,106.70581362210214,0.3672213749957052,-0.2979148323749759,0.9841201543897938,11.731808758682154,1.8426532081662648,0.3675345238814756,0.2762971002604111,254,True,True,True,True,-7.241110507311981,-0.03749039556859101
9335,20.0,42.07100589999999,Saudi Arabia,12392.71,1.0,-0.3012093866195411,1.6457258456682098e-35,0.1885293240147624,1.18373773564552,0.7692819530015753,-0.3186816054145853,-0.1005033170118738,-0.1944472513353891,0.5866281217369359,149.53321993350983,0.1997396997315329,-0.2697441997859305,0.8955371637426611,9.83682497346592,1.7779006034780844,0.3297444191452182,0.2065568667313586,254,True,True,True,True,-7.2049285279394235,-0.037328005776538525
9312,22.0,54.59459459999999,Saudi Arabia,12409.39,1.0,-0.299172313651265,4.316349288249185e-23,0.0021654879051151,0.8569747882335543,0.6711668043569127,-0.4252405917686112,-0.0614294402550638,1.3675981951701448,0.0001883284593789,82.83946678973734,0.1509018044913623,-0.2713821585381566,0.9071098699811428,14.394856630012614,2.115880224302766,0.4926746259105281,1.0332002188322078,254,True,True,True,True,-7.15620174253826,-0.03712545917300872
9315,22.0,57.83783779999999,Oman,12409.39,1.0,-0.2969730377002375,1.0199748449820584e-17,0.0843050331340112,0.933942069564835,0.7950921909345743,-0.3952301444976834,0.0950263700646535,0.5794359518472925,0.1976925840409586,91.75207934652768,0.2118885179573813,-0.2463966898740353,0.8296938058152823,10.960689142828878,2.1666780174070763,0.5082156239091243,0.7834315942758757,254,True,True,True,True,-7.103595061789681,-0.0368525424430695
9357,19.0,49.2352941,Saudi Arabia,12397.11,1.0,-0.2845922098417261,9.843789381242792e-32,0.1246553042976587,0.9727926047708776,0.7800600130814879,-0.4600647175515518,-0.2034657953916282,2.4786168165885574,2.2922854986666125e-13,93.33903796194744,0.0925552075807506,-0.26019002873612,0.914255625200784,8.660217770492382,1.7483766713935276,0.354060420180744,0.0821916334913582,254,True,True,True,True,-6.807445659414089,-0.03528120930550961
9370,18.0,47.8947368,Saudi Arabia,12397.67,1.0,-0.2841782885696737,4.536026457430052e-31,0.1186964835314189,0.8383624331020334,0.6684244427905217,-0.4339046014474254,-0.4153024488338833,2.542466911169968,8.276038258347446e-15,81.1996367604782,0.1894080256217324,-0.2674507735270761,0.9411372518048772,11.97010965530239,1.9889057400618824,0.3752655777772102,0.2424964958221763,254,True,True,True,True,-6.797544662586596,-0.03523148642851587
9290,23.0,50.57401809999999,Saudi Arabia,12393.41,1.0,-0.2792522318141122,6.410129458038494e-16,0.0571198215269867,1.078755035665905,0.664515022196922,-0.4722083147910378,0.016163982005254,2.269723338941796,2.708170209586109e-09,64.39481561188586,0.2381065315775889,-0.2704692979791137,0.9685483844553658,13.260120780979817,2.274659645069803,0.577655481556069,0.6244641909231834,254,True,True,True,True,-6.679713384993564,-0.034608874022873354
9262,25.0,50.2453988,Saudi Arabia,12387.25,0.8666383866586075,-0.2716366089091424,1.7337727621822222e-15,0.2519670213061367,1.3017301940779733,0.6768994218436609,-0.4955561883421293,-0.3312731140000927,3.537662107525813,1.548478037722459e-19,86.84068092377856,0.2980911297287994,-0.1982410414981643,0.7298023719787798,14.529020357938624,2.395670155623696,0.546916746795981,1.318858624079833,254,True,True,True,True,-6.497547685106686,-0.033648305837097735
9330,21.0,54.10714289999999,Saudi Arabia,12384.43,1.0,-0.2586238160653587,4.068516583648563e-22,0.0443182899317631,0.8457356760977185,0.6916568182948557,-0.4015032670903489,0.0137907077645801,1.540036857943044,1.1700156902233391e-05,77.8303359231601,0.1164492319617004,-0.2275904747102002,0.8800058640101581,12.566763210354631,1.980213153684036,0.4613835268913604,1.6813970493416028,254,True,True,True,True,-6.186281680283381,-0.032029085463943105
9296,23.0,57.0996979,Oman,12393.41,1.0,-0.2508045302155006,6.825803422197514e-16,0.2211109868079588,0.8253390789569747,0.7676614387684566,-0.3304107805722762,-0.0657090302163393,0.7753813274243386,0.0713490443558333,140.4136161816617,0.2499863790838261,-0.2442636692518048,0.9739204831823588,9.547794855455647,2.1486428973725245,0.4911765985208471,0.949451766221836,254,True,True,True,True,-5.999244362754775,-0.03108323372818087
9295,23.0,56.01208460000001,Oman,12393.41,1.0,-0.2428278295269447,1.2149331473936178e-16,0.208652035881053,0.79022547901656,0.7316617488755373,-0.3320670127386091,-0.1248549519340573,1.0812448571312678,0.0077312881292363,83.75958653710163,0.2290776324577647,-0.2362724930157911,0.9730041794471246,9.49327279221968,2.136529564340516,0.4831137425389285,0.7792022713456794,254,True,True,True,True,-5.808441682284518,-0.030094648507375317
9379,17.0,44.47674419999999,Yemen,12394.45,1.0,-0.237983934355755,5.760738442016993e-19,0.0621448054307656,0.8523942891289591,0.7671115089151295,-0.4192701733570808,-0.233131467587554,2.650505925298422,1.873842443998766e-11,129.8528276927148,0.3291631396804433,-0.2140612094551107,0.8994775636203957,9.491298959175865,2.057788150138196,0.4114241216718786,1.3391919762188795,254,True,True,True,True,-5.69257570978966,-0.029496799751756876
9311,22.0,53.51351349999999,Saudi Arabia,12409.39,1.0,-0.2365642411423246,1.8965223528662455e-16,0.0007984165149323,0.8936238037037737,0.6425551519497605,-0.3753231217833886,0.046171421859001,1.4636764134711713,4.5041565014161615e-05,72.96684579147646,0.0995123290582467,-0.1958267810722662,0.8277953596310891,13.1624301685544,2.17077151146888,0.5296339699817298,1.5617281910852998,254,True,True,True,True,-5.658616648124405,-0.029356179283891514
9334,21.0,58.392857100000015,Oman,12384.43,0.8695133970141598,-0.2354581888813365,6.972325872297409e-12,0.0915050886534884,1.1816786470556755,0.8767768683591171,-0.3486124174617182,0.3067073159168013,0.4469645237959017,0.3647480562071896,62.24247418654463,0.1699499310456527,-0.2237125152180095,0.9501156714101524,7.914675564883334,2.152240704900443,0.5068579187752139,1.1728111523467155,254,True,True,True,True,-5.632159878041569,-0.029160154581276902
9309,22.0,51.3513514,Saudi Arabia,12409.39,1.0,-0.2347109811052253,5.5655611321200496e-14,0.0192968679970933,0.9840135578119004,0.7067051830563015,-0.4147787924648197,0.1402601110855659,1.8894783029223556,6.537238863019191e-07,66.0247713001445,0.1018641493773685,-0.2402449270341768,1.0235777035351852,10.977052327186314,2.1066796374764625,0.5582646364661872,1.5077546448439805,254,True,True,True,True,-5.61428666803699,-0.029126201018173717
9327,21.0,50.892857100000015,Saudi Arabia,12384.43,1.0,-0.2302972189392406,3.4837738857005293e-15,0.0590558895845806,0.9761417165432164,0.7631966435643144,-0.4198401601716268,0.1403839251250141,2.0433662178009566,6.03109185719805e-08,67.01995484375706,0.0839097137402233,-0.1869006994187773,0.811562989252108,8.777069318844545,1.9459368368353551,0.5190699053381214,1.3872473447575508,254,True,True,True,True,-5.508709477026636,-0.028520997871476998
9297,23.0,58.18731120000001,Oman,12393.41,1.0,-0.2286362627518445,1.0368573440277846e-12,0.2225870820300484,1.037083110684934,0.8193516250108551,-0.2876645848867714,0.0723185515020323,0.1882816414649782,0.6813518673285429,130.2270350061978,0.2398454569855708,-0.1732494491836481,0.7577514043416999,8.313459775404182,2.140011466855204,0.5027864029194492,1.175318873414115,254,True,True,True,True,-5.468979405024121,-0.028335829451513375
9348,20.0,55.91715980000001,Oman,12392.71,1.0,-0.2284758778125515,4.8119703203084603e-20,0.0441826297996871,0.948146934561678,0.7976044844246776,-0.3641061878659331,0.0753561241295308,1.332443634951662,0.0006372716338878,77.04674131702632,0.0769135463042433,-0.2011837149670066,0.8805468520053737,7.606922806238052,1.8923563818093627,0.3890331461824277,1.2119169857644734,254,True,True,True,True,-5.465142997276232,-0.02831435295726385
9349,20.0,56.9822485,Oman,12392.71,1.0,-0.2224780309810206,1.0048675264370708e-15,0.082596873871836,1.1246836975611951,0.866088204199404,-0.359859615335917,0.1710874105839858,1.1462270811041844,0.0093142568661264,70.61498635914177,0.0986907562163062,-0.1506464127709222,0.6771293871428309,7.631238608197216,1.9592999287969783,0.4142059526677041,1.614923791289009,254,True,True,True,True,-5.321674501066013,-0.027571057193188038
9380,17.0,45.523255800000015,Yemen,12394.45,1.0,-0.2224045894304563,2.3873415180455397e-19,0.0601576416406269,0.7263041072722671,0.7233853849835457,-0.3919219076946808,-0.2653147688355166,2.6004841102000578,2.650826872161903e-12,107.2984657001992,0.2910282303697582,-0.2000332974089391,0.8994117339088791,8.369385272858008,2.06317818043166,0.3959411228677209,0.7225035598796725,254,True,True,True,True,-5.319917779176515,-0.027565825634663196
9371,18.0,48.947368400000016,Yemen,12397.67,1.0,-0.2203615163907341,5.629982642209011e-23,0.1029229083755875,0.9069552284303336,0.7162924041718491,-0.4027250415334418,-0.1670833224376313,2.642528162203256,1.5607608162435897e-15,96.89276688421768,0.1309265916292419,-0.1960827847552844,0.8898231776895208,7.24516049274881,1.884529871097394,0.370078816560974,0.1391314048537413,254,True,True,True,True,-5.27104747206636,-0.027319693609119122
9294,23.0,54.92447129999999,United Arab Emirates,12393.41,1.0,-0.21615275562125,6.261827952061965e-15,0.1800031046308896,0.8764436639021119,0.6788740051887667,-0.3160925931773612,-0.1066059062092003,1.266956993151397,0.0009706238894805,66.57241446354116,0.206235102713504,-0.1988787859138467,0.920084434465081,9.015434041098894,2.186872252185103,0.494576826900941,0.5231432347588594,254,True,True,True,True,-5.1703739144603,-0.02678869723043956
9187,17.0,43.43023260000001,Yemen,12394.45,1.0,-0.2141556917024323,6.672833696656964e-16,0.037270684068219,0.9487476626934356,0.8009458160570146,-0.4021109840963155,-0.1138972898577894,2.525301314941045,5.625609295839696e-10,218.08610053112108,0.2996048771173756,-0.1871377006867685,0.8738394912557119,9.136211546696382,2.020416157089908,0.4147209886052828,1.7899909166267882,254,True,True,True,True,-5.122604145522181,-0.026543420130212124
9274,24.0,50.88145900000001,Saudi Arabia,12373.42,0.9810372779067766,-0.2058403435819706,5.4301725920375766e-11,0.19154895086791,1.1837337852407377,0.6520859418829773,-0.4103636124024823,-0.093238875605472,2.855059748973312,2.972852365454504e-14,69.23457402309091,0.3503957362819,-0.1851594643532726,0.899529514628592,9.61783497991341,2.33301560894802,0.5780217622139858,0.5189988694171833,254,True,True,True,True,-4.923701018480737,-0.025469490240840265
9310,22.0,52.43243240000001,Saudi Arabia,12409.39,1.0,-0.2049044432716473,9.19506942816864e-13,0.0001389578318077,0.9289333936143612,0.6734792557009331,-0.3648546194138438,0.1284832096978971,1.6738130512350415,4.806335334893322e-06,65.48055292184776,0.0722379021761938,-0.1732650760443624,0.8455896479251076,11.227005022555105,2.1221081713053267,0.5489739476087504,1.7527603056287338,254,True,True,True,True,-4.901314283057804,-0.025427391492907476
9316,22.0,58.9189189,Oman,12409.39,0.9937737568372476,-0.1990219015764358,2.618921009381058e-09,0.149497764304682,1.2986999575359488,0.9239511451807952,-0.275175044837212,0.3344912017508182,-0.0968738604078606,0.8468487992904362,85.54025526934615,0.283958197688561,-0.124527998225004,0.6256999719057461,6.175084024917452,2.075599613552515,0.505840345285811,1.1034994420350592,254,True,True,True,True,-4.760603885708345,-0.02469740395203606
9291,23.0,51.661631400000005,Saudi Arabia,12393.41,1.0,-0.1913016111613083,3.763160159373272e-10,0.088060873107729,1.0879189348208644,0.6551946258033152,-0.3715252801878824,0.0955746225093872,2.0925940869329187,3.5066488963371296e-08,62.8363959553341,0.2007164976535971,-0.1743021467962726,0.9111378923479037,8.909042366720822,2.2832096905112578,0.5811889254318605,0.7171504575945316,254,True,True,True,True,-4.575934538978495,-0.0237087930078267
9347,20.0,54.852071,Saudi Arabia,12392.71,1.0,-0.1907638563073064,1.7000565341609148e-17,0.0332165177413901,0.8585401576991115,0.7305027577052469,-0.3285142822132444,0.0612318058479138,1.49259568720777,2.353695032086587e-05,80.96429076666632,0.178060054353343,-0.1491231818086569,0.7817161211525865,6.736113651233681,1.8811293014739672,0.4000468090511012,1.038458439460553,254,True,True,True,True,-4.563071442870769,-0.023640811496981193
9329,21.0,53.0357143,Saudi Arabia,12384.43,1.0,-0.1899241017144701,5.693748490877745e-14,0.0227379604909419,0.8738937856937148,0.7017068022930179,-0.3475277018534484,0.1167528669210156,1.6941538947115338,1.5221969240538252e-06,74.91371980092177,0.0827854237357415,-0.1567796951971022,0.8254860430131356,10.5921505591778,1.964970252196567,0.4929517277745711,2.0817304629654845,254,True,True,True,True,-4.542984513010126,-0.02352101742995735
9381,17.0,46.56976739999999,Yemen,12394.45,1.0,-0.1886474842467332,2.528154877270294e-17,0.0471053806334441,0.6848186491008074,0.6907468952962104,-0.3550823826768641,-0.2316809057170928,2.572071314650868,2.7088270688414153e-13,91.56082434890172,0.3108980662338476,-0.1680762282108301,0.8909539869135081,6.904468185146729,2.054508641603896,0.3784603999543063,0.2742223220651289,254,True,True,True,True,-4.5124478231818586,-0.023381818111219223
9343,20.0,50.59171599999999,Saudi Arabia,12392.71,1.0,-0.188034272115063,6.889418930630302e-14,0.0515433244514533,0.9998874305226376,0.8137447370432308,-0.3810326628240744,0.1073380272241468,2.2707776049735044,8.765189914229888e-10,80.90235607388118,0.0923062672197059,-0.1455818914328557,0.7742306218717958,5.2953400525997765,1.807125452533052,0.4544348384762081,0.7972593531431519,254,True,True,True,True,-4.4977797889923075,-0.02330254204383062
9293,23.0,53.83685800000001,United Arab Emirates,12393.41,1.0,-0.1833130878365656,1.5039117991014187e-11,0.147581434028004,0.9764663796084456,0.6221138151043062,-0.3059947388702823,-0.0255266141671389,1.5044200481144747,4.480880168894514e-05,59.69403588445857,0.1792977151485714,-0.144536798232078,0.7884696064960787,8.686274263506006,2.303853353946555,0.5314833981353291,0.3741860665438324,254,True,True,True,True,-4.38484906105065,-0.022718742559245705
9328,21.0,51.964285700000005,Saudi Arabia,12384.43,1.0,-0.176554902915564,6.396317625039125e-12,0.0236618275498496,0.9451273174441192,0.7494690254099672,-0.3512290266843825,0.1529684564197411,1.9075403395535249,1.7302971492152354e-07,69.80833334693065,0.0687988084113526,-0.160365990018616,0.908306636464861,8.636678091761656,1.913817315071482,0.4981171795739214,1.975077276863296,254,True,True,True,True,-4.223193277740291,-0.021865318363145984
9292,23.0,52.74924469999999,United Arab Emirates,12393.41,1.0,-0.1653040909076531,4.288364641015308e-09,0.1128000728694685,1.061665267686486,0.6231181186653073,-0.3153970416438121,0.0706716859792095,1.747567880607932,2.30826021777625e-06,59.29490731951471,0.1446854223090957,-0.1449171589007169,0.8766701302127766,8.187830760519427,2.321254134723491,0.567952204728872,0.586658664601676,254,True,True,True,True,-3.9540738545110625,-0.02048681373295817
9382,17.0,47.61627909999999,Yemen,12394.45,1.0,-0.1623358703505329,1.406511590033216e-14,0.0521292548827534,0.752372257646912,0.6737244575927199,-0.3435427241236625,-0.1641880503322768,2.72341329459528,1.954540190446228e-15,83.01553660227609,0.290740907860299,-0.1398026719334517,0.8611939655208356,6.146504935689599,2.071274233726213,0.3743931364479666,0.262195290099677,254,True,True,True,True,-3.8830740187847472,-0.020120638282661626
9358,19.0,50.29411759999999,Saudi Arabia,12397.11,1.0,-0.1597189283845717,1.014680446826087e-12,0.051732761027547,0.9804749687921364,0.8176885185013185,-0.3526424741704607,0.0511643491515294,2.462115615991736,6.303477637896272e-12,96.96359083366892,0.0699836293904984,-0.1157147801253875,0.7244900857759897,3.9493544088726127,1.7559824798209889,0.4091026930855274,0.1934337908021934,254,True,True,True,True,-3.820476766958955,-0.019800531242656575
9198,15.0,46.034482800000006,Yemen,12376.79,1.0,-0.15958987769721,3.870629801534296e-10,0.1578618687413194,0.9284997639461792,0.7733679153531187,-0.3751199118882105,0.0293272404373454,2.7959870254924013,2.473379466879537e-11,124.37982375423115,0.2609272961640564,-0.1544444932535361,0.9677587042617066,7.6451746767255635,2.1651113724737,0.413674249597329,1.5777679724124312,254,True,True,True,True,-3.8173898745172634,-0.01975210402384052
9190,16.0,45.260115600000006,Yemen,12387.47,1.0,-0.1554071839774974,5.216710032518131e-10,0.0787740881436084,0.8176671447444056,0.7578798288438384,-0.3701361841769798,0.012043994078101,2.8132287083441363,2.133445641512136e-12,149.66927332182723,0.4572525961400314,-0.1398535706121355,0.8999170246362996,7.05279278777738,2.122053873373512,0.4289135477345691,1.365927590326519,254,True,True,True,True,-3.717339840741738,-0.019251018293057295
9372,18.0,50.0,Yemen,12397.67,1.0,-0.1515367200312098,1.0091591012513318e-11,0.0703751988690711,0.8403861674398886,0.7260596456882288,-0.3451111391204454,0.0447871301196825,2.506373411539096,4.703390730097289e-13,107.93602622036512,0.0935862540309672,-0.1416453548761956,0.93472628183468,4.815308024468004,1.922244066144479,0.4312239652216089,0.1093349009212973,254,True,True,True,True,-3.6247583431465387,-0.018787022478293287
9383,17.0,48.662790700000016,Yemen,12394.45,1.0,-0.150415516972321,1.268675504988019e-12,0.0769537542389669,0.8743981435406828,0.6881966913748803,-0.3493829254841424,-0.0161344553954348,2.713745597058264,6.124232467522496e-15,81.56762179763365,0.2038406427731489,-0.1282414288161677,0.8525811126239476,5.53637064276055,2.053019351484727,0.3839381413710721,0.1964726134087258,254,True,True,True,True,-3.5979391659779187,-0.018643176043375842
9384,17.0,49.70930229999999,Yemen,12394.45,1.0,-0.1432109464673803,4.369993394205251e-10,0.0979452603533133,0.9051679801340926,0.7030013427542832,-0.3463710505278659,0.1018679741673169,2.5494569214320983,2.430839226743123e-12,91.47860629794496,0.1185192175096648,-0.1169750812679652,0.8168026547789705,5.337531538945224,2.0780852398117986,0.4347771669019423,0.2372910265991906,254,True,True,True,True,-3.4256058394997373,-0.01775020915442622
9189,16.0,44.21965320000001,Yemen,12387.47,1.0,-0.1389401653518985,4.600417635028204e-07,0.0700189457868463,0.9263303882191012,0.7912621991417822,-0.3809738586727907,0.1218604166794605,3.0076079787883327,1.864428925940084e-12,222.9280260919283,0.4237010866155757,-0.1170035482477497,0.8421146466279991,8.250642817902653,2.1677286205902244,0.4758554207006881,1.99198519730213,254,True,True,True,True,-3.323448755217412,-0.017211171300916817
9191,16.0,46.300578,Yemen,12387.47,1.0,-0.1322327421142832,4.48458629274942e-09,0.0586671242125186,0.7945992020003569,0.7373749321162719,-0.3302627140745275,-0.0163210851701126,2.6903799033756046,2.642496964296536e-12,104.2412313322226,0.3292037894709066,-0.1182663742751934,0.8943804112674365,5.190692926522637,2.0938845825664854,0.393280760694856,0.6185657111420472,254,True,True,True,True,-3.1630071913736546,-0.016380291259584196
9346,20.0,53.78698220000001,Saudi Arabia,12392.71,1.0,-0.1299910068106102,1.9488676564136087e-10,0.0337778193702665,0.8294288463539045,0.7106024813881824,-0.2751477642127335,0.1119220690077219,1.64184311427433,1.2284266618090486e-06,85.54704995825887,0.160787270933694,-0.0822575870950498,0.6327944456564955,5.77153987927078,1.864674893761584,0.4193087460319051,1.366360891441805,254,True,True,True,True,-3.1093848829097963,-0.01610940850011917
9199,15.0,47.06896549999999,Yemen,12376.79,1.0,-0.1290066058132228,1.9448875935565358e-08,0.1262550346535064,0.9365686441328358,0.7771599365498112,-0.3342393576803534,0.083635419822629,2.609285748794685,1.8531024524403595e-10,106.00642401725054,0.1502876368072125,-0.1175640038694937,0.911302201374898,6.03983639079933,2.0977660391418618,0.3723858425309354,1.3313470994262022,254,True,True,True,True,-3.085838011052289,-0.015966876687630374
9194,16.0,49.42196530000001,Yemen,12387.47,1.0,-0.1253814914061038,9.246975358024676e-08,0.1142789886680011,0.999062770151085,0.7169313130853056,-0.3258761520920787,0.1842805495557606,2.3688584932766483,1.425521916917313e-09,78.57943474625547,0.154087728773118,-0.096999056656553,0.7736313834581721,5.718569636540474,2.1652391693275383,0.4288311411232389,0.8334438407217538,254,True,True,True,True,-2.9991252744340033,-0.015531594633483685
9344,20.0,51.65680470000001,Saudi Arabia,12392.71,1.0,-0.1092902479855737,9.548200282209074e-07,0.0073376865190106,0.923145771761164,0.7734101841560775,-0.2884286374296894,0.171897169053825,2.08953573107551,5.778952704939301e-09,79.03067858424038,0.0820355955182198,-0.0815954878619609,0.7465944067830417,4.789152527581093,1.835280957789345,0.4639110404766083,1.3803873701905078,254,True,True,True,True,-2.614222731814923,-0.013544023491132989
9192,16.0,47.34104049999999,Yemen,12387.47,1.0,-0.1073906199933401,3.574064237722864e-07,0.0520293227325001,0.7951612494258714,0.7167351437004209,-0.3054288496915945,0.0310431714615992,2.665741699131541,7.959619127119762e-13,92.75229025011262,0.2651861835393957,-0.0935659381293761,0.8712673242335198,4.502075947567228,2.089704492791041,0.3823622650362556,0.3952635904840669,254,True,True,True,True,-2.5687836302406954,-0.013302980834489006
9193,16.0,48.38150289999999,Yemen,12387.47,1.0,-0.1057875911888103,1.3129939759531516e-06,0.076583883863892,0.9435445504711802,0.7216798676492194,-0.3124519194755175,0.1342289961176173,2.5959019776363874,1.3831729395320116e-11,80.39385880964497,0.2186201413604458,-0.0904496149043108,0.8550115744943647,4.877322899008946,2.129528954705308,0.3945492256134124,0.6586559078737045,254,True,True,True,True,-2.5304391812363427,-0.013104406122236519
9385,17.0,50.75581399999999,Yemen,12394.45,1.0,-0.1035768999008909,1.2169934412258204e-05,0.0758843007607056,0.958529019155389,0.7426794362559808,-0.3062400420758042,0.1957559780938562,2.4298305397096285,2.2980519338372802e-10,102.83991584631926,0.0662230909628591,-0.0747449188334868,0.7216369567442897,4.420256891303089,2.053997190184159,0.4656605517654064,0.6226474649331578,254,True,True,True,True,-2.4775594456293106,-0.012837787069765974
9373,18.0,51.052631599999984,Yemen,12397.67,1.0,-0.0743246215480716,0.0005678324189645,0.017989844843453,0.8727836330850461,0.767171498006419,-0.2681511355836011,0.1689065384410109,2.4096310475681744,2.403250943447464e-11,113.53871160264438,0.0835184333059756,-0.0459698895929733,0.6185014956751702,2.955987538287148,1.8799188776482856,0.45424217796158,0.2025126703906604,254,True,True,True,True,-1.7778449474298728,-0.009214521308278809
9188,16.0,43.179190800000015,Yemen,12387.47,0.8765676775022032,-0.0618427272805909,0.0325629547749917,0.0200276578266365,0.9132258193802292,0.7724308368780022,-0.3222312999323308,0.3053678110003184,3.030902316570163,7.720700635881903e-12,230.70214577019212,0.3698881641489935,-0.0318832909542533,0.5155544128834003,9.028298223745283,2.297087409730909,0.5324942991681304,2.317766557198236,254,True,True,True,True,-1.4792780365517344,-0.007660749289065013
