HYBAS_ID,NEXT_DOWN,NEXT_SINK,MAIN_BAS,DIST_SINK,DIST_MAIN,SUB_AREA,UP_AREA,PFAF_ID,ENDO,COAST,ORDER,SORT,basin_idx,n_mascons,grid_cells,tws_trend_mm_yr,tws_p,gws_trend_mm_yr,gws_p,gws_coverage,ice_fraction,gws_model_spread_mm_yr,first_year,last_year,n_months_first_year,n_months_last_year,tws_first_year_mm,tws_last_year_mm,tws_endpoint_change_mm,gws_first_year_mm,gws_last_year_mm,gws_endpoint_change_mm,span_years,tws_trend_implied_change_mm,gws_trend_implied_change_mm
1030000010,0,1030000010,1030000010,0.0,0.0,236343.2,236343.2,111,0,1,0,1,0,29.0,29.0,6.432038346724667,3.5492487133778714e-14,6.336760457689168,6.545173995584943e-10,1.0,0.0,1.6234669905328456,2018.0,2026.0,5.0,3.0,-18.619312607274214,17.420019382475957,36.03933198975017,-14.635771405276916,19.770391724256854,34.406163129533766,7.75,49.836190338756495,49.09796603767378
1030003990,0,1030003990,1030003990,0.0,0.0,519027.5,519027.5,112,0,1,0,2,1,65.0,65.0,4.492524932743003,0.031180370927452357,4.84490778365266,0.0015644059451162412,0.9235856345598332,0.0,2.421797564960506,2018.0,2026.0,5.0,3.0,-6.190107213581882,4.072349354200491,10.262456567782372,-7.419220281099285,12.420937886112347,19.840158167211634,7.75,34.80861207299849,37.53891588702814
1030008100,0,1030008100,1030008100,0.0,0.0,797881.4,797881.4,114,0,0,1,3,2,83.0,83.0,12.892080596431107,0.05333613881767661,14.572360884519016,0.00039436643027907533,0.974111658457536,0.0,4.270448714004079,2018.0,2026.0,5.0,3.0,-32.75866864219565,32.474822703609625,65.23349134580528,-44.80328856296431,47.33831776465416,92.14160632761846,7.75,99.8893582146476,112.90836770209121
1030008110,0,1030008110,1030008110,0.0,0.0,1040194.7,1040194.7,117,0,1,0,4,3,110.0,110.0,18.687128988819342,0.18075744906218694,19.84543703005548,0.1062660924950966,0.9431410397924516,0.0,3.018074482857134,2018.0,2026.0,5.0,3.0,-52.626047645907285,61.05783467754849,113.68388232345578,-60.72238806009193,45.714493727917365,106.43688178800929,7.75,144.79007539591717,153.76478246422178
1030011530,0,1030011530,1030011530,0.0,0.0,4421.4,4421.4,121,0,1,0,5,4,2.0,2.0,1.0583255617266625,0.9000855235463395,0.961354116410756,0.8703914231185442,0.8651113171742143,0.0,1.3713846498778395,2018.0,2026.0,5.0,3.0,5.253836904567939,65.8208769334859,60.567040028917965,7.677112214902451,32.71952424042577,25.04241202552332,7.75,8.200031046369487,7.448684871847884
1030011660,0,1030011660,1030011660,0.0,0.0,1378103.3,1378121.1,122,0,0,1,6,5,146.0,146.0,-11.284017441166183,0.5339215621439242,-5.282627315566813,0.7930177450272621,0.9813678532327866,0.0,11.229503366307576,2018.0,2026.0,5.0,3.0,72.80277613706154,7.548645476911105,-65.25413066015044,38.461962258943274,-29.693547905777354,-68.15551016472062,7.75,-87.42989557426502,-40.9304183519619
1030011670,0,1030011670,1030011670,0.0,0.0,245186.1,245186.1,123,0,1,0,7,6,36.0,36.0,1.0018347723939875,0.893394680448284,0.3077487271657766,0.915280172884402,0.8413330111115329,0.0,8.339815507744435,2018.0,2026.0,5.0,3.0,55.09758027942091,76.49295488446525,21.39537460504434,36.53241356899826,-12.944187439134415,-49.476601008132675,7.75,7.762333760095784,2.3844733685945183
1030012590,0,1030012590,1030012590,0.0,0.0,412581.2,412581.2,124,0,0,1,8,7,47.0,47.0,17.02751035922877,0.06352629258650443,14.412875905088793,0.024804882974530137,0.9882897447412788,0.0,5.914846477654934,2018.0,2026.0,5.0,3.0,-6.225090773479163,130.80775227307868,137.03284304655784,-3.7824387058066704,73.08698675960828,76.86942546541495,7.75,131.93115487095804,111.67265930568456
1030012600,0,1030012600,1030012600,0.0,0.0,403562.0,403562.0,125,0,1,0,9,8,51.0,51.0,12.39528958928579,0.00020280083964507623,5.52967968485068,0.001901000001217759,0.8431455155428269,0.0,9.926564592589507,2018.0,2026.0,5.0,3.0,-16.625307131814935,42.91127873941979,59.53658587123473,1.4962475307860672,28.785568813595322,27.289321282809254,7.75,96.04016300528073,42.84460919405181
1030015030,0,1030015030,1030015030,0.0,0.0,111328.1,111328.1,126,0,1,0,10,9,19.0,19.0,8.800167899339636,4.2202152465532914e-11,2.2432001786215774,0.04885623657160734,0.866688126330874,0.0,10.840775684190987,2018.0,2026.0,5.0,3.0,-27.559924198242907,30.76952321734795,58.329447415590856,-8.848061116078544,20.045842476134084,28.893903592212627,7.75,68.18473690658773,17.380579070497095
1030015850,0,1030015850,1030015850,0.0,0.0,977324.0,977324.0,127,0,0,1,11,10,106.0,106.0,12.049660451916601,0.08973525429980751,9.801924797458383,0.0011561824215098123,0.9990002461688141,0.0,5.146279521017356,2018.0,2026.0,5.0,3.0,-33.8388821107949,28.442455254254355,62.281337365049254,-29.04550728008717,13.932722552620637,42.978229832707804,7.75,93.36218775886101,75.94646728763101
1030015860,0,1030015860,1030015860,0.0,0.0,261113.2,261113.2,128,0,1,0,12,11,36.0,36.0,-2.9103402034263155,0.45159303431613756,-3.339827473383406,0.3413100563882037,0.8998346387596023,0.0,2.689786074513574,2018.0,2026.0,5.0,3.0,12.89984397104431,-0.1998746651753779,-13.099718636219688,10.850013519741054,-8.93260680980073,-19.782620329541786,7.75,-22.549658523467414,-25.877376453593538
1030018110,0,1030018110,1030018110,0.0,0.0,508970.7,508970.7,131,0,1,0,13,12,59.0,59.0,8.252247938646782,0.059572261444668484,6.922753364100739,0.11326745618099118,0.9232040887443896,0.0,2.558121576639087,2018.0,2026.0,5.0,3.0,9.351382531991346,-11.84173867406328,-21.193121206054627,9.404700311875862,-7.926510372645597,-17.33121068452146,7.75,63.93938854584639,53.63830806407965
1030020040,0,1030020040,1030020040,0.0,0.0,3705221.6,3705301.8,132,0,0,1,14,13,355.0,355.0,13.154303887076278,0.30127285061073,15.809009346347562,0.24670041322346012,0.9953841130420288,0.0,3.9830094466810104,2018.0,2026.0,5.0,3.0,-57.03595935996225,-1.073452945284765,55.962506414677485,-61.45733740061879,-2.2427324484011124,59.21460495221768,7.75,101.92109514148082,122.49006557197427
1030020050,0,1030020050,1030020050,0.0,0.0,683080.6,683080.6,133,0,1,0,15,14,75.0,75.0,-5.835628650536954,0.27127869765175505,-4.615639344012639,0.30862346111446987,0.9235295025974963,0.0,3.0583340230309437,2018.0,2026.0,5.0,3.0,-6.584275582979882,-42.27705041655219,-35.69277483357231,-2.799829258841944,-48.68216912265828,-45.882339863816334,7.75,-45.21513779882157,-35.762517025477806
1030021940,0,1030021940,1030021940,0.0,0.0,26836.6,26836.6,141,0,1,0,16,15,6.0,6.0,-9.268919011157486,0.0024056367193514543,-5.565216803413335,0.060773026695993916,0.8980601260759075,0.0,2.6625501635544193,2018.0,2026.0,5.0,3.0,-10.878069670977343,-6.217752748936372,4.660316922040971,-17.87778651769637,-13.25984410075987,4.617942416936501,7.75,-71.81667570588826,-43.11995497237437
1030022420,0,1030022420,1030022420,0.0,0.0,2122995.6,2122995.6,142,0,0,1,17,16,229.0,229.0,17.58073608111949,1.1111014732175494e-05,18.042183049157053,3.8047536001326693e-06,0.9999419212609475,0.0,1.7178652698854258,2018.0,2026.0,5.0,3.0,-69.84394558713089,62.78379669586508,132.62774228299597,-67.83432377395525,62.95364845716762,130.78797223112286,7.75,136.21761289409488,139.79295832748656
1030022430,0,1030022430,1030022430,0.0,0.0,196951.9,196951.9,143,0,1,0,18,17,30.0,30.0,5.61464874233954,0.22234102066460715,9.466583765833937,0.01914844257927792,0.9117294145577015,0.0,3.5812394467395645,2018.0,2026.0,5.0,3.0,-69.23887298032699,-34.94728779386435,34.29158518646264,-69.66681654461095,-31.536759961102263,38.13005658350869,7.75,43.50295945467734,73.34820549571538
1030023300,0,1030023300,1030023300,0.0,0.0,412648.1,412648.8,144,0,0,1,19,18,52.0,52.0,17.19801166268452,1.5024138016986052e-08,18.39869600514251,8.995740185618672e-09,0.9857273928185653,0.0,2.0426350757339753,2018.0,2026.0,5.0,3.0,-80.02784592091014,33.73832199790948,113.76616791881962,-72.18862855801837,31.554157857607247,103.74278641562562,7.75,133.2522190428397,142.5552626818708
1030023310,0,1030023310,1030023310,0.0,0.0,829016.8,829016.8,145,0,1,0,20,19,95.0,95.0,9.683990724605199,1.7109526399286294e-06,9.782971150737005,6.176490538305606e-08,0.8928983400075026,0.0,2.287022403442893,2018.0,2026.0,5.0,3.0,-38.12658972723665,22.81962494562391,60.94621467286056,-26.434091369650055,14.206140433752006,40.64023180340206,7.75,75.03270020707109,75.79961220146674
1030027410,0,1030027410,1030027410,0.0,0.0,458027.2,458027.2,146,0,0,1,21,20,54.0,54.0,12.774352443413877,1.3936542139829631e-05,11.731218447643297,5.580159012649709e-08,0.999223546312665,0.0,1.8557802242399395,2018.0,2026.0,5.0,3.0,-45.13795679584555,34.32984106768535,79.4677978635309,-35.855093993007465,34.14636096365502,70.00145495666249,7.75,98.97718662521909,90.89486162034369
1030027420,0,1030027420,1030027420,0.0,0.0,124.3,124.3,147,0,1,0,22,21,1.0,1.0,14.295553410727418,1.1052865605329204e-09,12.803008487560465,1.4736332289574086e-07,1.0,0.0,0.6198950293869387,2018.0,2026.0,5.0,3.0,-49.32867234945297,41.308878461519875,90.63755081097284,-34.554983562607205,36.1440833071151,70.69906686972232,7.75,110.76363080727884,99.1992170288737
1030027430,0,1030027430,1030027430,0.0,0.0,824686.0,824686.0,151,0,1,0,23,22,97.0,97.0,-2.270926207242867,0.009439226641644774,-1.1736218426739413,0.2073750459829113,0.9682417302236549,0.0,3.956497054553823,2018.0,2026.0,5.0,3.0,16.60011699531845,0.5139217717818537,-16.0861952235366,3.8307929276613235,-15.753785719086586,-19.58457864674791,7.75,-17.595403604373207,-9.093360204701586
1030029810,0,1030029810,1030029810,0.0,0.0,275925.8,275925.8,153,0,1,0,24,23,43.0,43.0,-15.727386331676321,1.654211318081411e-06,-8.964623134519638,9.030056723785295e-17,0.9597798506131462,0.0,10.81884655843403,2018.0,2026.0,5.0,3.0,73.02879978652884,-0.43052332500730844,-73.45932311153615,33.401905443259736,-27.63578438759919,-61.03768983085892,7.75,-121.8576408450212,-69.45895542967988
1030031860,0,1030031860,1030031860,0.0,0.0,286613.1,286613.1,156,0,1,0,25,24,44.0,44.0,-4.84778998857902,7.324486385146878e-13,-3.456856917724162,2.0736388091983306e-07,1.0,0.0,3.2130625623184312,2018.0,2026.0,5.0,3.0,25.414025337609598,-12.497720301296885,-37.91174563890648,19.81065467404786,-7.07256075286321,-26.88321542691107,7.75,-37.561247550112604,-26.784134365939437
1030034170,0,1030034170,1030034170,0.0,0.0,16374.7,16374.7,171,0,1,0,26,25,5.0,5.0,-2.630244519986231,0.07069923230867044,-2.4192388410891175,0.12844159464293578,1.0,0.0,1.9705815131770987,2018.0,2026.0,5.0,3.0,2.296834735845676,-26.305466522137454,-28.60230125798313,5.817807132922451,-15.700660994773008,-21.51846812769546,7.75,-20.379444193185584,-18.744547351901993
1030034260,0,1030034260,1030034260,0.0,0.0,3057772.4,3057772.4,172,0,0,1,27,26,300.0,300.0,19.858131404946963,6.782078657347404e-05,20.402527489559432,7.767920414859187e-06,0.9838094352629675,0.0,2.9561574762878533,2018.0,2026.0,5.0,3.0,-78.76664198191328,48.751661684266196,127.51830366617948,-75.080817235374,48.62628398751295,123.70710122288695,7.75,153.8631399753591,158.0811849293722
1030034270,0,1030034270,1030034270,0.0,0.0,20936.3,20936.3,173,0,1,0,28,27,4.0,4.0,-5.241911707790283,0.0004007645281949498,-4.3995720983611015,0.002977877261021765,1.0,0.0,2.0545309987148666,2018.0,2026.0,5.0,3.0,11.266718022493395,-34.146514396982745,-45.41323241947614,12.940026318329606,-25.711846450949754,-38.65187276927936,7.75,-40.61494902955921,-34.08840256909492
1030034490,0,1030034490,1030034490,0.0,0.0,3132.1,3132.1,134,0,1,0,29,28,,,,,,,,,,,,,,,,,,,,,,
1030034610,0,1030034610,1030034610,0.0,0.0,8752.8,8752.8,152,0,1,0,30,29,,,,,,,,,,,,,,,,,,,,,,
1030034900,0,1030034900,1030034900,0.0,0.0,3938.8,3938.8,113,0,1,0,31,30,,,,,,,,,,,,,,,,,,,,,,
1030035180,0,1030035180,1030035180,0.0,0.0,595316.1,595316.1,181,0,1,0,32,31,61.0,61.0,4.247364878756815,0.31507584664212646,5.918135380326522,0.00011102728357101874,0.8809050164530696,0.0,5.546271068508454,2018.0,2026.0,5.0,3.0,6.445135167561605,42.08351249680462,35.63837732924302,13.44373968944205,29.14645352068418,15.70271383124213,7.75,32.9090831126127,45.854409654549094
1030040030,0,1030040030,1030040030,0.0,0.0,41.7,41.7,182,0,1,0,33,32,,,,,,,,,,,,,,,,,,,,,,
1030040040,0,1030040040,1030040040,0.0,0.0,8.5,8.6,183,0,1,0,34,33,,,,,,,,,,,,,,,,,,,,,,
1030040050,0,1030040050,1030040050,0.0,0.0,2263.0,2263.0,184,0,1,0,35,34,,,,,,,,,,,,,,,,,,,,,,
1030040110,0,1030040110,1030040110,0.0,0.0,279.5,279.5,185,0,1,0,36,35,,,,,,,,,,,,,,,,,,,,,,
1030040140,0,1030040140,1030040140,0.0,0.0,31.3,31.3,186,0,1,0,37,36,,,,,,,,,,,,,,,,,,,,,,
1030040160,0,1030040160,1030040160,0.0,0.0,40.4,40.4,187,0,1,0,38,37,,,,,,,,,,,,,,,,,,,,,,
1030040180,0,1030040180,1030040180,0.0,0.0,2.2,2.3,188,0,1,0,39,38,,,,,,,,,,,,,,,,,,,,,,
1030040190,0,1030040190,1030040190,0.0,0.0,1124332.1,1124332.1,162,2,0,1,40,39,125.0,125.0,39.755816438761705,0.0015192973178432666,39.62941096637144,0.008486839500488398,1.0,0.0,2.0728949216304544,2018.0,2026.0,5.0,3.0,-139.1963509701131,141.04000021451762,280.23635118463073,-127.37196714493226,140.28214112338352,267.6541082683158,7.75,308.0327461237389,307.05334164224826
1030040200,0,1030040200,1030040200,0.0,0.0,866461.6,866461.6,129,2,0,1,41,40,97.0,97.0,-0.5575541123687193,0.9651762053532932,0.20070043846786056,0.9847120492871841,1.0,0.0,4.823134137023378,2018.0,2026.0,5.0,3.0,26.33316876810626,53.758695034259176,27.425526266152918,16.70254299968599,24.04623287825629,7.343689878570302,7.75,-4.31999490213135,1.5550506252266816
1030040210,0,1030040210,1030040210,0.0,0.0,1346710.1,1346710.1,161,2,0,1,42,41,142.0,142.0,11.523622876486408,0.00010597244932459875,10.228450809045151,7.150630397854305e-06,1.0,0.0,2.7997331735614663,2018.0,2026.0,5.0,3.0,-29.891594077897015,45.95401420728711,75.84560828518413,-23.765347522614675,42.52775802954192,66.29310555215659,7.75,89.2863866952951,79.25124103928208
1030040220,0,1030040220,1030040220,0.0,0.0,1122016.3,1122016.3,157,2,0,1,43,42,118.0,118.0,-1.2970199744127664,0.01141094322461661,-1.271829470520021,0.011671438578817202,1.0,0.0,1.3907126436031214,2018.0,2026.0,5.0,3.0,9.79302424697265,-4.260237065095551,-14.053261312068202,9.4314155216437,-2.499260144861043,-11.930675666504744,7.75,-10.049463456777904,-9.854284466999752
1030040250,0,1030040250,1030040250,0.0,0.0,922749.2,922749.2,158,2,0,1,44,43,96.0,96.0,10.089926175564226,3.445516864433512e-12,9.587487790202916,4.8224318392897655e-12,1.0,0.0,1.9696269116842942,2018.0,2026.0,5.0,3.0,-30.34092093847797,30.231954451580908,60.57287539005888,-28.0537418978424,31.37307279179882,59.42681468964122,7.75,78.17793587090146,74.2849841102649
1030040260,0,1030040260,1030040260,0.0,0.0,581334.7,581334.7,115,2,0,1,45,44,80.0,80.0,17.716706093414402,0.1426005419486138,19.321401546997446,0.10637088709517115,1.0,0.0,4.117822312953183,2018.0,2026.0,5.0,3.0,-69.5442658776918,42.993892351233626,112.53815822892543,-76.83303750024459,36.803582153463104,113.6366196537077,7.75,137.2711245567769,149.70449384805687
1030040280,0,1030040280,1030040280,0.0,0.0,258117.3,258117.3,159,2,0,1,46,45,35.0,35.0,15.53020263737011,0.004107412989903655,14.369723055860437,0.004553840725885738,1.0,0.0,2.8637866097104783,2018.0,2026.0,5.0,3.0,-42.358806852097615,50.428380447947156,92.78718730004476,-36.268399037168976,49.29656682472671,85.56496586189569,7.75,120.32983836757677,111.33830594958258
1030040300,0,1030040300,1030040300,0.0,0.0,783530.7,783530.7,154,2,0,1,47,46,101.0,101.0,-6.444431688234603,5.46792725390056e-07,-4.5371210320173745,3.152994944656725e-09,1.0,0.0,4.449697218972597,2018.0,2026.0,5.0,3.0,32.50154473973264,3.1132567864535563,-29.388287953279082,20.860471107334412,-2.550830301713926,-23.41130140904834,7.75,-49.93221540781363,-35.15414790036734
1030040310,0,1030040310,1030040310,0.0,0.0,2441168.4,2441168.4,155,2,0,1,48,47,244.0,244.0,0.14108336910377683,0.8448634592857998,0.70308342890297,0.26319770359355726,1.0,0.0,1.9981093591517636,2018.0,2026.0,5.0,3.0,5.669028357202349,7.834174166628329,2.1651458094259795,2.3593445036887557,7.416763645448135,5.05741914175938,7.75,1.0931305532202285,5.447573179453539
1030040370,0,1030040370,1030040370,0.0,0.0,79610.5,79610.5,116,2,0,1,49,48,13.0,13.0,44.79923503702658,0.2102845796106021,48.75886253050407,0.18399436011933643,1.0,0.0,5.552599949152103,2018.0,2026.0,5.0,3.0,-137.4654856170081,54.6829070998749,192.14839271688302,-155.3478816695866,33.85260156048221,189.2004832300688,7.75,347.109747172581,377.78940714942235
8030000010,0,8030000010,8030000010,0.0,0.0,582683.3,582683.3,811,0,1,0,1,49,79.0,79.0,-53.28799745486309,3.066934509647557e-07,,,0.8527223536691494,0.4970915856758775,9.603168737165111,2018.0,2026.0,5.0,3.0,247.64895071167416,-215.62888223993227,-463.27783295160646,,,,7.75,-412.8816777474676,
8030005510,0,8030005510,8030005510,0.0,0.0,832819.3,832828.8,812,0,0,1,2,50,99.0,99.0,-6.129489775649011,0.00035781394590889473,-8.861759683612014,9.685983675430628e-20,1.0,0.08224633372566593,8.055915061683685,2018.0,2026.0,5.0,3.0,29.819276313345693,-37.15118281745774,-66.97045913080343,37.749658502899834,-38.51049849745092,-76.26015700035074,7.75,-47.49200839175004,-68.66195730218207
8030005520,0,8030005520,8030005520,0.0,0.0,366582.9,366582.9,813,0,1,0,3,51,46.0,46.0,0.7170005615354951,0.5952311319693782,-1.615085502380662,0.23268199391651712,0.9001260106704029,0.0,5.231104132421013,2018.0,2026.0,5.0,3.0,20.602464389407054,-8.328208907504658,-28.930673296911714,23.92952362839946,-3.892590401925092,-27.82211403032455,7.75,5.555404761520743,-12.513872612559272
8030008900,0,8030008900,8030008900,0.0,0.0,40647.5,40647.5,821,0,1,0,4,52,9.0,9.0,-8.774204962636036,2.0298797637264758e-07,-7.382730211596606,2.353976852193888e-05,1.0,0.0,3.3870415679319383,2018.0,2026.0,5.0,3.0,47.895852477159096,-29.688600090706803,-77.5844525678659,40.09207298793676,-24.62782849750251,-64.71990148543927,7.75,-67.98357301645444,-57.2022628304405
8030009560,0,8030009560,8030009560,0.0,0.0,1795626.7,1795841.4,822,0,0,1,5,53,183.0,183.0,-17.046512642261078,0.346466540252227,-11.83290059226028,0.24188243230511242,0.9862126575457764,0.0,7.62421247313947,2018.0,2026.0,5.0,3.0,15.231926311632458,-35.95211145129724,-51.1840377629297,17.873115319123855,-31.389653588162826,-49.262768907286684,7.75,-132.07838679698523,-91.68270684762928
8030009570,0,8030009570,8030009570,0.0,0.0,154444.2,154444.2,823,0,1,0,6,54,23.0,23.0,-4.881435017132494,0.003386549237859025,-3.0435934136791354,0.04313728804117551,0.9988762631001925,0.0,4.3474685144543335,2018.0,2026.0,5.0,3.0,19.89256391505844,-46.99272735347316,-66.8852912685316,13.047427975991633,-38.086775915201876,-51.13420389119351,7.75,-37.82193319229284,-23.582120084084746
8030010700,0,8030010700,8030010700,0.0,0.0,548263.6,548263.6,831,0,1,0,7,55,77.0,77.0,0.647489898121087,0.6236795134536158,-0.577616644561878,0.6425390221493201,0.9765313920518242,0.0,3.3359207239672646,2018.0,2026.0,5.0,3.0,-9.990344676708869,-0.6205169816851269,9.369827695023742,7.998990657704516,13.044371127466986,5.0453804697624705,7.75,5.016827958063454,-4.475441763477385
8030016860,0,8030016860,8030016860,0.0,0.0,492043.0,492043.0,832,0,1,0,8,56,55.0,55.0,-7.515395301158362,0.23565378401787712,-8.277379907245814,0.020856173832621134,0.9395035658847847,0.0,4.24837667070261,2018.0,2026.0,5.0,3.0,-9.536382772080335,-33.25978559209104,-23.723402820010705,12.39466779848333,-16.21985561908919,-28.61452341757252,7.75,-58.230167562705454,-64.13411399727764
8030020760,0,8030020760,8030020760,0.0,0.0,117001.5,117001.5,353,0,1,0,9,57,14.0,14.0,4.030213763389934,0.0906421202841074,-2.5986995519301104,0.3336987719335396,0.8452087711078143,0.0,5.721090540260397,2018.0,2026.0,5.0,3.0,31.079962291438136,-22.126263421981804,-53.20622571341994,58.798703328478176,28.184045821649452,-30.614657506828724,7.75,31.22657070607396,-20.13503006697389
8030022890,0,8030022890,8030022890,0.0,0.0,70164.9,70164.9,841,0,1,0,10,58,14.0,14.0,2.6978545886280543,0.0035759415714317227,3.50794746892408,0.025485111577280412,0.9274723829376653,0.0,8.51685359475977,2018.0,2026.0,5.0,3.0,-1.1527817354095973,4.195160680305435,5.347942415715032,5.58114086266295,-4.873978373331483,-10.455119235994434,7.75,20.903294964592455,27.17998997140355
8030024130,0,8030024130,8030024130,0.0,0.0,225882.5,225882.5,842,0,1,0,11,59,34.0,34.0,1.9416831885970272,0.0032273209536038358,0.6671123421741778,0.2977195696330777,0.8396676982945934,0.0,2.6079068906477665,2018.0,2026.0,5.0,3.0,-2.9654401146260247,8.081080924806622,11.046521039432648,8.91278247880761,13.787339201295097,4.874556722487487,7.75,15.044389934920156,5.168864964689728
8030028930,0,8030028930,8030028930,0.0,0.0,34998.6,34998.6,843,0,1,0,12,60,9.0,9.0,3.0195011388305026,2.6435363627565182e-05,-1.665042745267951,0.15458843381720885,0.9490744717375003,0.0,4.143854429514717,2018.0,2026.0,5.0,3.0,2.5736355342797395,22.43765882403916,19.864023289759423,17.710626403241207,8.145315651542726,-9.565310751698481,7.75,23.395450302232234,-12.900947211795486
8030030130,0,8030030130,8030030130,0.0,0.0,24832.9,24832.9,844,0,1,0,13,61,7.0,7.0,1.218207883747727,0.1955135420170697,-4.037827563256694,0.04658971120391887,1.0,0.0,13.77004769921086,2018.0,2026.0,5.0,3.0,11.688540972014266,22.68108287261609,10.992541900601825,22.733599773604347,4.7201873302566515,-18.013412443347697,7.75,9.438818099948167,-31.285563323795877
8030030970,0,8030030970,8030030970,0.0,0.0,52944.2,52944.2,833,0,1,0,14,62,6.0,6.0,-10.39627086700573,0.0007456526332668814,-12.627624143184862,0.0003794897218756011,0.7601740785017896,0.0,3.296922081415762,2018.0,2026.0,5.0,3.0,25.6347026248984,-65.23471332290212,-90.86941594780052,36.25097083828207,-24.94563278606699,-61.196603624349066,7.75,-80.55153060541059,-97.84031848107642
8030032840,0,8030032840,8030032840,0.0,0.0,236695.4,236695.4,851,0,1,0,15,63,40.0,40.0,-54.276429397428714,7.598031863582548e-12,-60.92699988217279,1.2331932794106318e-08,0.9725941505100945,0.0,14.982636272559377,2018.0,2026.0,5.0,3.0,248.01738061570686,-166.2867181176604,-414.30409873336725,253.79113239603709,-172.29509937154822,-426.08623176758533,7.75,-420.5401648041705,-472.0695678755619
8030038870,0,8030038870,8030038870,0.0,0.0,316277.2,316277.2,852,0,1,0,16,64,42.0,42.0,-16.652375354868397,3.692038034894419e-07,-21.15346397777542,9.173081813059065e-05,0.874393384181663,0.0,4.092812197295871,2018.0,2026.0,5.0,3.0,103.15074147301009,-38.16471862361409,-141.31546009662418,113.38877726060018,-28.65510461081462,-142.0438818714148,7.75,-129.0245646934362,-163.89952924600806
8030044560,0,8030044560,8030044560,0.0,0.0,69055.4,69055.4,861,0,1,0,17,65,16.0,16.0,8.454789438067175,0.0003519133446314187,3.7077792394066846,0.08340771551447151,0.7265446879571493,0.0,8.793743287156381,2018.0,2026.0,5.0,3.0,2.683309743197944,39.86198742409842,37.17867768090048,10.57587919158814,2.9276524759102713,-7.648226715677868,7.75,65.50870392807695,28.728310054814287
8030047650,0,8030047650,8030047650,0.0,0.0,106895.7,106895.7,862,0,1,0,18,66,24.0,24.0,-21.480032528359427,2.363632230438753e-16,-26.37850975453412,4.51076188581577e-31,0.5205026932096193,0.0,13.333642430397852,2018.0,2026.0,5.0,3.0,99.16597208100163,-51.051049664246726,-150.21702174524836,98.89998979911245,-80.3699707338667,-179.26996053297916,7.75,-166.42982082205936,-204.38379905634926
8030051550,0,8030051550,8030051550,0.0,0.0,246233.5,246233.5,863,0,1,0,19,67,36.0,36.0,-88.36739997899377,0.0004611359874226807,-88.97646520071783,4.643441534566409e-12,0.9362656625945784,0.0003336494704161371,41.769281315435194,2018.0,2026.0,5.0,3.0,354.0908346628337,-224.6286165618067,-578.7194512246404,303.78359661133896,-259.1023264727348,-562.8859230840737,7.75,-684.6810183177341,-689.400127359429
4030000010,0,4030000010,4030000010,0.0,0.0,105274.5,105274.5,421,0,1,0,1,68,22.0,22.0,1.8594283768587587,0.2498574924919236,1.4144936006828797,0.3972282966325866,1.0,0.0,5.756621194800159,2018.0,2026.0,5.0,3.0,-5.2884840694800825,-0.9099805310495839,4.378503538430499,8.324589350889992,-29.141182504927524,-37.465771855817515,7.75,14.407069969911808,10.959662943004927
4030000880,0,4030000880,4030000880,0.0,0.0,2238972.5,2238972.5,422,0,0,1,2,69,224.0,224.0,3.1377823056026437,0.3737799739459259,4.285330766599417,0.0013984272902323272,0.9995329679866132,0.0,6.114451177840143,2018.0,2026.0,5.0,3.0,-37.261384398198906,-13.923104537889865,23.338279860309044,-19.976670077388185,-0.21738747519358212,19.759282602194602,7.75,24.31190670733876,33.20324728124942
4030000890,0,4030000890,4030000890,0.0,0.0,161519.5,161519.5,423,0,1,0,3,70,34.0,34.0,2.4742358011560697,0.5354657745047817,0.1780273119192266,0.8877072165119981,0.7255041174518697,0.0,4.090204117564719,2018.0,2026.0,5.0,3.0,-30.5958432215292,-52.185595452874,-21.589752231344796,-12.71611781878944,-28.466098081016707,-15.749980262227266,7.75,19.170670273159967,1.379376571475459
4030003020,0,4030003020,4030003020,0.0,0.0,523780.2,523780.2,424,0,1,0,4,71,63.0,63.0,9.869407627932834,0.0032025517066905404,3.8752037416821565,0.011348594876950285,0.8606330274647664,0.0,6.220597051877808,2018.0,2026.0,5.0,3.0,-41.92725558636526,-8.731927712244314,33.19532787412095,-18.290630500839768,-7.008672492589011,11.281958008250758,7.75,76.46933220273763,30.02553480892677
4030006940,0,4030006940,4030006940,0.0,0.0,342457.3,342457.3,431,0,1,0,5,72,46.0,46.0,16.65613739105531,0.010639915847445006,9.615070777458723,0.030379540923027432,0.9825204501280037,0.0,10.637492743655486,2018.0,2026.0,5.0,3.0,-20.911841799755344,100.96046311507716,121.87230491483251,6.01622049725921,67.31573484027814,61.29951434301893,7.75,129.0537133927078,74.49870034280133
4030007850,0,4030007850,4030007850,0.0,0.0,962987.4,962987.4,432,0,0,1,6,73,116.0,116.0,-1.3557444542563548,0.44213016913813447,-0.8182105609631192,0.49870959215090493,1.0,0.0,3.107336541526338,2018.0,2026.0,5.0,3.0,3.552943272053345,21.44490769582536,17.891964423772016,7.187157581033955,14.919666822169715,7.73250924113576,7.75,-10.50446764009715,-6.339591752294668
4030007860,0,4030007860,4030007860,0.0,0.0,161390.4,161390.4,433,0,1,0,7,74,27.0,27.0,11.695375999868787,0.023231765977136717,9.978011684773534,0.00612315931969526,0.946372050532265,0.0,3.767614508240269,2018.0,2026.0,5.0,3.0,-26.908459071065742,29.324595649237633,56.23305472030337,-4.820882360509928,27.555863862014444,32.376746222524375,7.75,90.61715011534201,77.3108092208326
4030009880,0,4030009880,4030009880,0.0,0.0,1924624.7,1924624.7,434,0,0,1,8,75,197.0,197.0,-5.160152214172246,0.2896016961851799,-1.9833173517159866,0.4510037851138279,1.0,0.0,3.3372521296299356,2018.0,2026.0,5.0,3.0,3.943603785351878,-20.563132741044193,-24.50673652639607,4.770183531025033,-7.204631716738798,-11.974815247763832,7.75,-39.98146684765902,-15.366976332255284
4030009890,0,4030009890,4030009890,0.0,0.0,212335.4,212335.4,435,0,1,0,9,76,30.0,30.0,-5.636885318436054,0.33247452925707155,-1.1714896207510987,0.6946477237088924,0.9309635499549002,0.0,3.091180648615389,2018.0,2026.0,5.0,3.0,-7.151879278726613,-84.05048333048445,-76.89860405175784,-14.690034293747294,-31.183061664019778,-16.493027370272486,7.75,-43.67525106413151,-9.076839498222066
4030011690,0,4030011690,4030011690,0.0,0.0,764901.2,764901.2,436,0,1,0,10,77,87.0,87.0,-1.2537674964960175,0.8570160978608893,0.6930898604081746,0.9022372262951278,0.9004913981114518,0.0,3.1771901083470975,2018.0,2026.0,5.0,3.0,36.20325956184818,-4.509324329684358,-40.71258389153254,31.775183870418438,13.967534027907936,-17.8076498425105,7.75,-9.714338165869211,5.370141834237192
4030015090,0,4030015090,4030015090,0.0,0.0,194298.8,194298.8,441,0,1,0,11,78,35.0,35.0,12.105261659642647,0.06779674691981469,9.72274420411127,0.027439667504924544,0.8198505612219813,0.0,3.6922333082344636,2018.0,2026.0,5.0,3.0,21.819417636617278,36.7412372938059,14.921819657188625,26.40138890028202,37.38079402622882,10.979405125946801,7.75,93.79299246211825,75.33296672863764
4030017020,0,4030017020,4030017020,0.0,0.0,775566.1,775566.1,442,0,0,1,12,79,110.0,110.0,8.365707255973987,0.18109007793368886,6.259153170117326,0.15898256730805604,0.9951594466926542,0.0,2.8992609073979954,2018.0,2026.0,5.0,3.0,34.53574340002612,32.52834375553065,-2.0073996444954716,33.71811232354358,30.169799079951005,-3.548313243592574,7.75,64.81848469378888,48.49665563704869
4030017030,0,4030017030,4030017030,0.0,0.0,235439.1,235439.1,443,0,1,0,13,80,38.0,38.0,6.966055483250498,0.18955736536248477,4.608648687647456,0.26516861660412244,0.8711758395417052,0.0,3.126210937463488,2018.0,2026.0,5.0,3.0,39.49011956196355,29.34009542031953,-10.150024141644025,41.873377637339054,28.01710328342267,-13.856274353916383,7.75,53.973817981105846,35.70835259696729
4030018350,0,4030018350,4030018350,0.0,0.0,293068.4,293068.4,444,0,1,0,14,81,43.0,43.0,-12.573052260699345,2.1830729976762934e-08,-15.047892372112205,1.3802066206827929e-08,0.6982899130888492,0.0,3.432712672690941,2018.0,2026.0,5.0,3.0,36.503211411923346,-64.95982057185255,-101.46303198377589,48.98412919825861,-40.735209050249004,-89.71933824850761,7.75,-97.41748911096276,-116.59284165113633
4030022790,0,4030022790,4030022790,0.0,0.0,748806.1,748806.1,445,0,1,0,15,82,90.0,90.0,1.9876498497611266,0.7311938181779157,-0.4182736704884964,0.941534797476515,0.9644941727465545,0.0,2.035424962721934,2018.0,2026.0,5.0,3.0,50.336293435649765,25.814789847123574,-24.52150358852619,43.99662135983199,22.799754592500662,-21.19686676733133,7.75,15.400545037163555,-3.2408336412934835
4030024190,0,4030024190,4030024190,0.0,0.0,96502.0,96502.0,451,0,1,0,16,83,18.0,18.0,1.6354566616437083,0.646866724641778,-0.13282086891210199,0.958824791217785,0.7417364569239655,0.0,1.1931097512077196,2018.0,2026.0,5.0,3.0,37.575446660969185,26.665837495250667,-10.909609165718518,29.07648776562454,33.67754517008033,4.601057404455787,7.75,12.671710752776713,-1.0291117290109477
4030025450,0,4030025450,4030025450,0.0,0.0,1584745.4,1584745.4,452,0,0,1,17,84,161.0,161.0,-7.217594647441253,0.10323063574465972,-7.649559575811073,0.0054618822152134655,1.0,0.0,4.659607722720232,2018.0,2026.0,5.0,3.0,-14.552530646113187,-11.719296236351134,2.8332344097620528,9.40056712367208,-10.425631698535215,-19.826198822207296,7.75,-55.92277303835386,-59.26968815755055
4030025460,0,4030025460,4030025460,0.0,0.0,1247939.6,1247939.6,453,0,1,0,18,85,128.0,128.0,11.546386211657317,0.2506185055611368,9.674779721300396,0.18600990433719108,0.9170251387830283,0.0,3.4129949432362716,2018.0,2026.0,5.0,3.0,-93.01894462606761,19.988673773737105,113.00761839980471,-64.13062633760872,19.6421763099155,83.77280264752422,7.75,89.46275969607176,74.96133226907631
4030029530,0,4030029530,4030029530,0.0,0.0,316845.9,316845.9,454,0,1,0,19,86,54.0,54.0,20.949382843941326,0.005938890660385726,19.075121714372635,0.0005352013906486444,0.8419750934350634,0.0,3.409349545194079,2018.0,2026.0,5.0,3.0,-126.50030877483809,60.0581048346889,186.55841360952698,-105.27238679961961,64.74454159385309,170.0169283934727,7.75,162.3182845950827,147.7962887109502
4030031750,0,4030031750,4030031750,0.0,0.0,527462.8,527462.8,455,0,1,0,20,87,59.0,59.0,9.459511449280427,0.017304429938681507,5.022592750641941,0.1698107979524289,0.9320471072773033,0.0,3.7188522123153764,2018.0,2026.0,5.0,3.0,-33.28467282492819,48.712619804506794,81.99729262943498,-1.8860678398245057,41.93584823978828,43.821916079612784,7.75,73.29340835445204,38.91563992968294
4030033640,0,4030033640,4030033640,0.0,0.0,864623.9,864623.9,456,0,0,1,21,88,101.0,101.0,-19.473218766655844,0.0006799798870867766,-17.593904008392258,0.00010357048308511386,0.9993487220420517,0.0,7.517957753577947,2018.0,2026.0,5.0,3.0,22.033876986511718,-94.73528251507513,-116.76915950158684,36.86829923256946,-86.4716831474069,-123.33998237997636,7.75,-150.8807915390446,-136.31963954483257
4030033650,0,4030033650,4030033650,0.0,0.0,35396.3,35396.3,457,0,1,0,22,89,8.0,8.0,25.74438501720746,3.218178052361005e-06,21.056544438240348,1.7341377143921935e-09,0.775348695657425,0.0,6.550462808297521,2018.0,2026.0,5.0,3.0,-92.52115212258136,72.85575128465082,165.3769034072322,-54.33375904448108,66.95732057544683,121.2910796199279,7.75,199.4705259375691,163.1485852435871
4030034510,0,4030034510,4030034510,0.0,0.0,74997.4,74997.4,411,0,1,0,23,90,13.0,13.0,-4.721651170209665,0.09450535471498148,-9.009692035094492,0.004227711537743113,0.8308706250300025,0.0,3.444106180821082,2018.0,2026.0,5.0,3.0,-1.486611954311347,-62.37437035630759,-60.88775840199624,6.343185574119217,-103.93742654057301,-110.28061211469223,7.75,-36.58390913536852,-69.80815457718663
4030037060,0,4030037060,4030037060,0.0,0.0,85506.2,85506.2,412,0,1,0,24,91,14.0,14.0,-2.471160424526232,0.3904812451509981,-1.0473195480038342,0.658052186431633,0.789160380700923,0.0,3.0604565276329447,2018.0,2026.0,5.0,3.0,39.619157957345266,-10.450962278610731,-50.070120235956,6.330209806912027,-22.57901773083135,-28.909227537743377,7.75,-19.146841892975324,-8.11475515633361
4030039450,0,4030039450,4030039450,0.0,0.0,295817.7,295817.7,413,0,1,0,25,92,38.0,38.0,1.3751267412836938,0.4509140194414008,2.7075752875934427,0.09440165219610211,0.7426200185589736,0.0,2.4121642049345224,2018.0,2026.0,5.0,3.0,-12.907604929821218,-45.30138305794855,-32.39377812812733,-15.81386510474097,-31.75924426179958,-15.94537915705861,7.75,10.654643881814795,20.978612084570685
4030045890,0,4030045890,4030045890,0.0,0.0,276.0,276.0,414,0,1,0,26,93,,,,,,,,,,,,,,,,,,,,,,
4030046100,0,4030046100,4030046100,0.0,0.0,4339.1,4339.1,415,0,1,0,27,94,,,,,,,,,,,,,,,,,,,,,,
4030046370,0,4030046370,4030046370,0.0,0.0,36790.4,36790.4,437,0,1,0,28,95,8.0,8.0,-6.783745883573074,0.10606557794485616,-7.778126123666202,0.0288892319764235,0.5746196822780354,0.0,1.02416353361198,2018.0,2026.0,5.0,3.0,44.57879924315381,-25.749201267261025,-70.32800051041484,53.92012083120627,-20.124826626810325,-74.0449474580166,7.75,-52.561261739936484,-60.265836906161134
4030047490,0,4030047490,4030047490,0.0,0.0,3.9,4.0,438,0,1,0,29,96,,,,,,,,,,,,,,,,,,,,,,
4030047500,0,4030047500,4030047500,0.0,0.0,34604.3,34604.3,439,0,1,0,30,97,7.0,7.0,5.08891377768211,0.10306891591121634,2.0605558448002093,0.31426151770612865,0.6356500475258016,0.0,1.4572254844624901,2018.0,2026.0,5.0,3.0,13.990188461308225,-26.868342726615698,-40.85853118792392,16.112011408951343,-16.334282631394007,-32.44629404034535,7.75,39.42950305500444,15.965429269773011
4030048470,0,4030048470,4030048470,0.0,0.0,8463.1,8463.1,446,0,1,0,31,98,,,,,,,,,,,,,,,,,,,,,,
4030048900,0,4030048900,4030048900,0.0,0.0,66904.0,66904.0,458,0,1,0,32,99,10.0,10.0,2.3395601463366944,0.6040486784216809,-0.35907079009637854,0.9328365635044554,0.8369503485920617,0.0,3.3563763597574603,2018.0,2026.0,5.0,3.0,42.390474722110504,-32.7346386668372,-75.12511338894771,38.10886645803947,-39.035520964636824,-77.14438742267629,7.75,18.127187444580002,-2.782122754203289
4030050210,0,4030050210,4030050210,0.0,0.0,1092262.3,1092262.3,482,2,0,1,33,100,120.0,120.0,-11.641030706809069,3.427498948871601e-08,-10.345634927397885,1.8352360410752117e-08,1.0,0.0,2.578099572059544,2018.0,2026.0,5.0,3.0,41.887283259068795,-61.0530689412876,-102.94035220035639,40.65131892523851,-52.198187613357796,-92.8495065385963,7.75,-90.19607638677527,-80.15919738408218
4030050220,0,4030050220,4030050220,0.0,0.0,804988.2,804988.2,461,2,0,1,34,101,91.0,91.0,-18.08741900338254,7.757689593853076e-10,-13.383862626472698,4.991860082277385e-14,1.0,0.0,6.76214269257525,2018.0,2026.0,5.0,3.0,51.81032520613904,-65.79451848476401,-117.60484369090305,43.90954761024906,-56.288195197564995,-100.19774280781405,7.75,-140.1434518263452,-103.69974327972002
4030050230,0,4030050230,4030050230,0.0,0.0,478106.0,478106.0,463,2,0,1,35,102,57.0,57.0,-15.371611356904221,0.0026775312673294957,-16.863313228571425,0.00019434464168892272,1.0,0.0,3.551592799027721,2018.0,2026.0,5.0,3.0,78.8256154765256,-61.566665818704735,-140.39228129523033,77.6316473147835,-55.69335837941662,-133.32500569420012,7.75,-119.10105445595879,-130.65893617209346
4030050240,0,4030050240,4030050240,0.0,0.0,1037239.1,1037239.1,462,2,0,1,36,103,112.0,112.0,-7.197156712297923,0.0018911981118392399,-8.22194785747268,7.468426084314074e-07,1.0,0.0,4.363933417744675,2018.0,2026.0,5.0,3.0,44.27894423567808,-36.48563179761114,-80.76457603328922,45.80179478332563,-33.199122447478736,-79.00091723080436,7.75,-55.76441751075462,-63.7046199497541
4030050270,0,4030050270,4030050270,0.0,0.0,326657.0,326657.0,483,2,0,1,37,104,40.0,40.0,2.254314704647663,0.018804878812670827,3.953729023659535,9.281676810542914e-05,1.0,0.0,2.604236909916851,2018.0,2026.0,5.0,3.0,-20.947499907067183,3.1785776248016746,24.12607753186886,-22.479770061211166,10.981016080021904,33.46078614123307,7.75,17.4666957266335,30.633957938279217
4030050290,0,4030050290,4030050290,0.0,0.0,338701.6,338701.6,471,2,0,1,38,105,47.0,47.0,-14.14416223860568,1.1742915246930944e-09,-16.409253337457802,2.8729633570195566e-07,1.0,0.0,3.8319608623966177,2018.0,2026.0,5.0,3.0,60.0046077821694,-58.552373033160784,-118.55698081533018,67.65995813967952,-55.34424577257963,-123.00420391225916,7.75,-109.59063418276271,-127.1408266803712
4030050320,0,4030050320,4030050320,0.0,0.0,349212.7,349212.7,473,2,0,1,39,106,42.0,42.0,-6.792291800664525,4.180325649837952e-07,-6.242136222624915,3.301600027240396e-08,1.0,0.0,1.9478120868790387,2018.0,2026.0,5.0,3.0,15.905400572714294,-18.66024038838569,-34.56564096109999,15.024846354892262,-17.83722820746414,-32.8620745623564,7.75,-52.62747651165122,-48.36480632451338
4030050390,0,4030050390,4030050390,0.0,0.0,175153.5,175153.5,474,2,0,1,40,107,25.0,25.0,3.3158938350380547,0.09756242895622148,0.18861333147139003,0.8709399206467822,1.0,0.0,5.186915000662602,2018.0,2026.0,5.0,3.0,-11.728429887141541,0.41786506741946167,12.146294954561002,-5.227895465938421,-4.65410562505097,0.5737898408874518,7.75,25.69193580604434,1.4613982972321256
4030050410,0,4030050410,4030050410,0.0,0.0,144280.6,144280.6,481,2,0,1,41,108,22.0,22.0,-11.493177853761999,1.5621827471856399e-15,-12.10796476106198,3.1196460157921167e-12,1.0,0.0,1.9023991111055352,2018.0,2026.0,5.0,3.0,40.361069578700565,-41.726805864410736,-82.0878754431113,43.536511763837495,-40.98188257037234,-84.51839433420983,7.75,-89.05049507500742,-93.81393641014485
4030050430,0,4030050430,4030050430,0.0,0.0,203023.8,203023.8,472,2,0,1,42,109,28.0,28.0,-0.018842522579074483,0.9900694922588554,0.09487883949322518,0.9355058842911868,1.0,0.0,2.4693194644742404,2018.0,2026.0,5.0,3.0,-3.165649217963507,-8.051755213136625,-4.886105995173118,-2.0836446919876876,-0.6916524437478605,1.391992248239827,7.75,-0.1459940832273259,0.7351324182500404
4030050450,0,4030050450,4030050450,0.0,0.0,360281.5,360281.5,475,2,0,1,43,110,45.0,45.0,6.870635085429521,0.08941700366582925,3.202931101771136,0.05687793949383575,1.0,0.0,5.387719252811309,2018.0,2026.0,5.0,3.0,-18.208837244626586,19.835909685872256,38.044746930498846,-8.76452046498483,1.908770983705513,10.673291448690343,7.75,53.234489505176036,24.8166872498626
4030050470,0,4030050470,4030050470,0.0,0.0,398783.6,398783.6,491,2,0,1,44,111,50.0,50.0,-7.838368563673095,0.0008647278999012387,-6.485952596299928,0.003653498896246378,1.0,0.0,3.9917997015943625,2018.0,2026.0,5.0,3.0,17.430677665472416,-37.30682848322593,-54.737506148698344,16.246577253566954,-35.341292985509774,-51.58787023907673,7.75,-60.732602423531446,-50.25392429165995
4030050980,0,4030050980,4030050980,0.0,0.0,192061.6,192061.6,492,2,0,1,45,112,26.0,26.0,0.20760388376482375,0.883444073997536,2.9635046914466887,0.15103696383389575,1.0,0.0,4.857191787103057,2018.0,2026.0,5.0,3.0,6.534840695835852,1.617533824156715,-4.917306871679137,3.6884856536656194,15.32296892775853,11.634483274092911,7.75,1.6085393321134873,22.961583235575986
5030000010,0,5030000010,5030000010,0.0,0.0,440720.2,440720.2,511,0,1,0,1,113,53.0,53.0,-0.020029950402129515,0.995365300861638,-6.009041007287712,2.4839118180906414e-06,0.8029396925659552,0.0,2.81686495790814,2018.0,2026.0,5.0,3.0,10.023515836301183,-34.0354877241196,-44.05900356042078,24.632907888395494,-26.224862985343922,-50.85777087373941,7.75,-0.1551944137933649,-46.558757154344214
5030005830,0,5030005830,5030005830,0.0,0.0,14967.5,14967.5,512,0,1,0,2,114,4.0,4.0,20.65526743459132,6.178446558089854e-06,,,0.0,0.0,,2018.0,2026.0,5.0,3.0,-76.02961071486682,-7.716895146256181,68.31271556861064,,,,7.75,160.03944377794232,
5030006690,0,5030006690,5030006690,0.0,0.0,6824.8,6824.8,513,0,1,0,3,115,3.0,3.0,-14.26913300531265,1.3446299354032175e-08,,,0.0,0.0,,2018.0,2026.0,5.0,3.0,73.88627079954605,-73.84364580370506,-147.72991660325113,,,,7.75,-110.55892239571472,
5030006900,0,5030006900,5030006900,0.0,0.0,17360.7,17360.7,514,0,1,0,4,116,6.0,6.0,-10.40701498919953,0.004662560936726987,,,0.34054544799274344,0.0,1.2099729385763638,2018.0,2026.0,5.0,3.0,55.28838732235812,-47.15109578499071,-102.43948310734882,,,,7.75,-80.6347773290477,
5030007690,0,5030007690,5030007690,0.0,0.0,140534.8,140534.8,515,0,1,0,5,117,21.0,21.0,-0.43231629361111956,0.9216178470807146,-8.891006018772941,0.0010382970205448263,0.5026923868849325,0.0,4.0011303201288815,2018.0,2026.0,5.0,3.0,15.705967152834763,7.967145453912511,-7.738821698922252,67.41765397967686,-14.126118144412269,-81.54377212408913,7.75,-3.349637538451659,-68.88856135010931
5030011800,0,5030011800,5030011800,0.0,0.0,53151.3,53151.3,516,0,1,0,6,118,15.0,15.0,14.396272404433962,6.873797049535552e-06,,,0.1085582540376955,0.0,6.887985410017326,2018.0,2026.0,5.0,3.0,-41.601094005132026,50.358608407931435,91.95970241306347,,,,7.75,111.54401342792092,
5030014020,0,5030014020,5030014020,0.0,0.0,40813.0,40813.0,517,0,1,0,7,119,7.0,7.0,6.5684909262065645,0.12274768464384762,,,0.21652481810879617,0.0,6.135141717630326,2018.0,2026.0,5.0,3.0,-23.54387107019191,45.202220405811154,68.74609147600306,,,,7.75,50.893440988814724,
5030015660,0,5030015660,5030015660,0.0,0.0,745371.4,745371.4,521,0,1,0,8,120,75.0,75.0,2.1801087233739267,0.6226948030064556,-1.7856373687581593,0.2867889342024732,0.8912916037453491,0.0,3.7773453599840345,2018.0,2026.0,5.0,3.0,5.033244205017397,-21.751605745830712,-26.78484995084811,21.621687794973134,-17.434120302530825,-39.055808097503956,7.75,16.89173904763371,-13.83532855191127
5030022170,0,5030022170,5030022170,0.0,0.0,199.6,199.6,526,0,1,0,9,121,,,,,,,,,,,,,,,,,,,,,,
5030022200,0,5030022200,5030022200,0.0,0.0,3350.8,3350.8,522,0,1,0,10,122,,,,,,,,,,,,,,,,,,,,,,
5030022430,0,5030022430,5030022430,0.0,0.0,39.1,39.1,523,0,1,0,11,123,,,,,,,,,,,,,,,,,,,,,,
5030022500,0,5030022500,5030022500,0.0,0.0,305422.8,305422.8,524,0,1,0,12,124,54.0,54.0,-0.41906919092087236,0.8429621523644915,,,0.4691591798214348,0.0,4.18471287747505,2018.0,2026.0,5.0,3.0,12.876536565662303,-0.7730257542353259,-13.649562319897628,,,,7.75,-3.246997427258231,
5030031240,0,5030031240,5030031240,0.0,0.0,196242.2,196242.2,525,0,1,0,13,125,33.0,33.0,5.326600565959868,0.06777263178033813,,,0.48848284138087417,0.0,10.153117328707465,2018.0,2026.0,5.0,3.0,-19.451348239534923,-7.872316549566869,11.579031689968055,,,,7.75,41.271128272871806,
5030037270,0,5030037270,5030037270,0.0,0.0,39095.3,39095.3,532,0,1,0,14,126,6.0,6.0,-2.1295849403882183,0.6670083349903779,,,0.19486709160975563,0.0,1.4474682449822804,2018.0,2026.0,5.0,3.0,11.121025151645203,-87.768397730079,-98.8894228817242,,,,7.75,-16.500274829017545,
5030038940,0,5030038940,5030038940,0.0,0.0,28035.0,28035.0,533,0,1,0,15,127,,,,,,,,,,,,,,,,,,,,,,
5030040040,0,5030040040,5030040040,0.0,0.0,7199.4,7199.4,534,0,1,0,16,128,3.0,3.0,-5.118845947888689,0.35768106052002807,,,0.0,0.0,,2018.0,2026.0,5.0,3.0,9.059960271907613,-22.559524345715555,-31.61948461762317,,,,7.75,-39.66142103360709,
5030040360,0,5030040360,5030040360,0.0,0.0,808158.3,808158.3,531,0,1,0,17,129,88.0,88.0,2.849446369517679,0.23326027628344495,-0.6533170049602681,0.7620192221004702,0.7907375330545255,0.0,3.709680589287935,2018.0,2026.0,5.0,3.0,-12.865208907448942,-20.10227730814844,-7.237068400699499,8.366013636218279,-33.1072564481424,-41.47327008436068,7.75,22.07784592945936,-5.061977067864637
5030049720,0,5030049720,5030049720,0.0,0.0,1294724.8,1294724.8,562,0,1,0,18,130,146.0,146.0,21.38319555617079,0.0022850542782672277,16.08399428461752,0.022692348506160843,0.9652918046157631,0.0,6.537233472112365,2018.0,2026.0,5.0,3.0,-8.18414190590523,121.03027586360959,129.21441776951482,2.3770724458837904,81.4373805803486,79.0603081344648,7.75,165.67951656115903,124.6206812470023
5030050310,0,5030050310,5030050310,0.0,0.0,5811.8,5811.8,535,0,1,0,19,131,1.0,1.0,0.9094182017746242,0.7005108793375893,-2.473733669213873,0.2482636637573818,1.0,0.0,2.381515924575952,2018.0,2026.0,5.0,3.0,-6.19390467554331,-51.79127126311263,-45.59736658756932,7.238588360001822,-50.40630636511846,-57.64489472512028,7.75,7.04627929095739,-19.166779695757047
5030050550,0,5030050550,5030050550,0.0,0.0,6716.7,6716.7,538,0,1,0,20,132,1.0,1.0,-0.6534648653519661,0.8726931887266421,,,0.0,0.0,,2018.0,2026.0,5.0,3.0,-2.687830312177536,28.07917226105928,30.767002573236816,,,,7.75,-5.063122707586761,
5030050850,0,5030050850,5030050850,0.0,0.0,51068.2,51068.2,536,0,1,0,21,133,5.0,5.0,-22.877614843530054,0.002120389363963347,,,0.09960930419353485,0.0,2.458296059684052,2018.0,2026.0,5.0,3.0,74.86773776789703,-79.93590325287111,-154.80364102076814,,,,7.75,-177.25845313399057,
5030053140,0,5030053140,5030053140,0.0,0.0,39842.3,39842.3,537,0,1,0,22,134,,,,,,,,,,,,,,,,,,,,,,
5030054880,0,5030054880,5030054880,0.0,0.0,1801.4,1801.4,541,0,1,0,23,135,,,,,,,,,,,,,,,,,,,,,,
5030055000,0,5030055000,5030055000,0.0,0.0,4.1,4.2,542,0,1,0,24,136,,,,,,,,,,,,,,,,,,,,,,
5030055010,0,5030055010,5030055010,0.0,0.0,1187.9,1187.9,543,0,1,0,25,137,,,,,,,,,,,,,,,,,,,,,,
5030055130,0,5030055130,5030055130,0.0,0.0,3.0,3.1,544,0,1,0,26,138,,,,,,,,,,,,,,,,,,,,,,
5030055420,0,5030055420,5030055420,0.0,0.0,1720.9,1720.9,545,0,1,0,27,139,,,,,,,,,,,,,,,,,,,,,,
5030055870,0,5030055870,5030055870,0.0,0.0,172.2,172.2,551,0,1,0,28,140,,,,,,,,,,,,,,,,,,,,,,
5030055950,0,5030055950,5030055950,0.0,0.0,14263.2,14263.2,553,0,1,0,29,141,,,,,,,,,,,,,,,,,,,,,,
5030055960,0,5030055960,5030055960,0.0,0.0,837176.2,837176.2,561,0,1,0,30,142,92.0,92.0,-0.6731199690779821,0.4344869793458294,-0.4083903412216485,0.78724886996504,0.9612018303047134,0.0,3.3433887888628364,2018.0,2026.0,5.0,3.0,16.03362115462964,-21.110625613146112,-37.144246767775755,4.215372876956773,-11.49026882792088,-15.705641704877653,7.75,-5.215412765203804,-3.164256442593471
5030067860,0,5030067860,5030067860,0.0,0.0,678519.2,678519.2,563,0,1,0,31,143,94.0,94.0,10.45701122542862,0.00025045117271898685,5.086352847360835,0.05860544305096536,0.8829235659112254,0.0,8.163905718125129,2018.0,2026.0,5.0,3.0,-36.612418763658894,23.51352075340961,60.1259395170685,-12.469694579645935,26.201247887724396,38.67094246737033,7.75,81.02215405328677,39.40966066538306
5030073410,0,5030073410,5030073410,0.0,0.0,1055416.2,1055416.2,564,0,0,1,32,144,112.0,112.0,13.74361336728678,0.0820362004284658,8.121011627406489,2.164283785083118e-05,1.0,0.0,9.173989783272884,2018.0,2026.0,5.0,3.0,-51.91177062282035,-0.7714215077116938,51.140349115108656,-14.593338751780697,17.242070096150915,31.83540884793161,7.75,106.48713437213303,62.922554156222766
5030073420,0,5030073420,5030073420,0.0,0.0,481438.9,481438.9,565,0,1,0,33,145,70.0,70.0,0.13551733718515102,0.8812225449176402,-0.4112048956575798,0.7503896882709231,0.8406769857348227,0.0,3.399788861139065,2018.0,2026.0,5.0,3.0,7.718881101390973,3.9858250190735305,-3.733056082317442,1.3406026006706024,2.954389693401757,1.6137870927311544,7.75,1.0500042826392264,-3.18606394171376
5030077640,0,5030077640,5030077640,0.0,0.0,69406.6,69406.6,569,0,1,0,34,146,9.0,9.0,-6.6546542993228766,0.039966501372137184,-1.7086722359139888,0.5442569285067589,0.8943596139638956,0.0,3.7637107580718228,2018.0,2026.0,5.0,3.0,-6.791781925953506,-11.956014739173455,-5.164232813219948,2.1569747942449653,-14.889662464083907,-17.04663725832887,7.75,-51.561044947525644,-13.238993641715506
5030079480,0,5030079480,5030079480,0.0,0.0,29.4,29.8,557,0,1,0,35,147,,,,,,,,,,,,,,,,,,,,,,
5030079490,0,5030079490,5030079490,0.0,0.0,51.6,51.8,555,0,1,0,36,148,,,,,,,,,,,,,,,,,,,,,,
5030079570,0,5030079570,5030079570,0.0,0.0,14.2,14.2,556,0,1,0,37,149,,,,,,,,,,,,,,,,,,,,,,
5030079730,0,5030079730,5030079730,0.0,0.0,19706.5,19706.5,554,0,1,0,38,150,,,,,,,,,,,,,,,,,,,,,,
5030081550,0,5030081550,5030081550,0.0,0.0,175335.2,175335.2,552,0,1,0,39,151,,,,,,,,,,,,,,,,,,,,,,
5030082270,0,5030082270,5030082270,0.0,0.0,152497.7,152497.7,572,0,1,0,40,152,20.0,20.0,-1.8396810656036404,0.4016031818869068,-4.112097298430007,0.08185720929397797,0.8888703217815246,0.0,2.347438008117241,2018.0,2026.0,5.0,3.0,11.304407793710407,17.301247042078778,5.996839248368371,25.69976875340874,-14.941801569030401,-40.641570322439144,7.75,-14.254065477503909,-31.861013975515185
5030084940,0,5030084940,5030084940,0.0,0.0,1911.3,1911.3,573,0,1,0,41,153,1.0,1.0,3.915534072324607,0.15614006999504948,,,0.0,0.0,,2018.0,2026.0,5.0,3.0,1.5304116308689095,40.457861608204745,38.92744997733583,,,,7.75,30.33801895873686,
5030085040,0,5030085040,5030085040,0.0,0.0,116650.0,116650.0,571,0,1,0,42,154,19.0,19.0,4.144244618705031,0.004842335444070703,-0.6943261834782921,0.8703821673090323,0.658870070089154,0.0,5.276243119329247,2018.0,2026.0,5.0,3.0,-8.082467935623303,19.814942034832388,27.89740997045569,-4.909985555032593,-26.717758519378183,-21.807772964345588,7.75,32.11009519763241,-5.37972101093379
5030087520,0,5030087520,5030087520,0.0,0.0,33.9,33.9,575,0,1,0,43,155,,,,,,,,,,,,,,,,,,,,,,
5030087540,0,5030087540,5030087540,0.0,0.0,980.2,980.2,574,0,1,0,44,156,,,,,,,,,,,,,,,,,,,,,,
5030087590,0,5030087590,5030087590,0.0,0.0,1302527.7,1302527.7,568,2,0,1,45,157,134.0,134.0,9.092012742963473,6.29755052775732e-07,3.58684123349099,0.027532622043004898,1.0,0.0,7.977768719453728,2018.0,2026.0,5.0,3.0,-20.44874154996031,53.33835218792846,73.78709373788877,-7.135888487034826,21.607140415949697,28.743028902984523,7.75,70.44598511317352,27.791268147240253
5030087600,0,5030087600,5030087600,0.0,0.0,1152034.5,1152034.5,567,2,0,1,46,158,126.0,126.0,17.820930578953572,0.011215580991188467,10.103279304729778,0.17452219633082985,1.0,0.0,10.437425355737245,2018.0,2026.0,5.0,3.0,-17.07236493627541,47.70282073397261,64.77518567024802,-15.049622446373041,29.619854584029184,44.66947703040223,7.75,138.07866814083124,78.28139748770779
5030087690,0,5030087690,5030087690,0.0,0.0,845968.0,845968.0,566,2,0,1,47,159,95.0,95.0,-1.25392325360359,0.339352250807247,-0.805356253787898,0.5213541709797613,1.0,0.0,4.347530995033277,2018.0,2026.0,5.0,3.0,17.886942834822747,2.402075015701459,-15.484867819121288,-2.7014734328965737,9.89193849486938,12.593411927765954,7.75,-9.715544990275593,-6.2399950669945285
2030000010,0,2030000010,2030000010,0.0,0.0,328692.9,328692.9,211,0,1,0,1,160,47.0,47.0,-20.93671422465966,0.0005093011172674799,-17.140323167152275,1.004233276709405e-06,0.8428657171802167,0.0,4.0893496651016985,2018.0,2026.0,5.0,3.0,43.75279693827036,-49.30212466235252,-93.05492160062288,35.286734547275344,-55.0588305988805,-90.34556514615585,7.75,-162.22012664144242,-132.80524178792865
2030003440,0,2030003440,2030003440,0.0,0.0,350379.7,350379.7,221,0,1,0,2,161,46.0,46.0,-18.283842214581266,0.04302080660587014,-16.662999196226906,0.018944661118920472,0.9934515607171197,0.0,2.7098912328227764,2018.0,2026.0,5.0,3.0,35.315606621366,-30.392455658216576,-65.70806227958258,37.22257571706018,-38.42483110230526,-75.64740681936544,7.75,-141.66536199114302,-129.10687946700108
2030005690,0,2030005690,2030005690,0.0,0.0,105556.4,105556.4,222,0,1,0,3,162,15.0,15.0,-13.566334344179975,0.0662884350684756,-14.193674612908485,0.01607403896575035,0.8093043181767227,0.0,2.8274407957167886,2018.0,2026.0,5.0,3.0,46.70282488138072,-71.94276034890052,-118.64558523028124,59.772226978272705,-89.67372274236266,-149.44594972063535,7.75,-105.11355563047044,-109.97426188783302
2030006590,0,2030006590,2030006590,0.0,0.0,437677.6,437677.6,223,0,0,1,4,163,54.0,54.0,-0.3655610583075317,0.9747665137335454,2.33746706820072,0.8242550194336072,1.0,0.0,3.622524084636385,2018.0,2026.0,5.0,3.0,41.6835771845315,-26.080092644673893,-67.7636698292054,44.764611257904264,-18.155228341048335,-62.9198395989526,7.75,-2.8324101163868987,18.11097002876944
2030006600,0,2030006600,2030006600,0.0,0.0,75451.4,75451.4,224,0,1,0,5,164,14.0,14.0,-14.820658411177977,0.13265876685029526,-13.094556706191444,0.006864208327665693,0.5704068214881419,0.0,2.6620964502939883,2018.0,2026.0,5.0,3.0,54.66893476389089,-60.152548782156195,-114.82148354604709,65.90741659094076,-58.82388665601885,-124.73130324695961,7.75,-114.83220617011274,-101.45816695009387
2030007930,0,2030007930,2030007930,0.0,0.0,509818.9,509823.5,225,0,0,1,6,165,66.0,66.0,1.7140044338821063,0.7977619926446025,4.066162108840274,0.47519382189805565,0.9968461189363365,0.0,3.08397172546338,2018.0,2026.0,5.0,3.0,22.046156649646008,-4.56131174223452,-26.607468391880527,26.71502127986641,-2.1834478860801734,-28.898469165946583,7.75,13.280308139319263,31.505102718735046
2030007940,0,2030007940,2030007940,0.0,0.0,162947.9,162947.9,226,0,1,0,7,166,27.0,27.0,-12.65849876300009,0.10667052065441715,-11.213340200257225,0.039022880351461856,0.9365514389510752,0.0,2.9523522592512754,2018.0,2026.0,5.0,3.0,51.97032565336635,-52.64125259174396,-104.61157824511031,48.07718956474597,-59.88622909320688,-107.96341865795284,7.75,-98.0795386701992,-86.88227999104161
2030008490,0,2030008490,2030008490,0.0,0.0,795318.4,795318.4,227,0,0,1,8,167,89.0,89.0,-8.031623326210578,0.029266599877319863,-5.781232962511263,0.008759197050687182,0.9955313422262302,0.0,3.5716545340300407,2018.0,2026.0,5.0,3.0,30.465646505369193,-27.75804715528341,-58.2236936606526,38.30144978325527,-26.062973973122833,-64.3644237563781,7.75,-62.22996307508812,-44.7936736041256
2030008500,0,2030008500,2030008500,0.0,0.0,28146.4,28146.4,228,0,1,0,9,168,7.0,7.0,-10.561050455154492,0.0067597020468883814,-10.434914352533148,0.017473460153008716,0.832257971144515,0.0,3.2513947459124855,2018.0,2026.0,5.0,3.0,38.57909401649036,-0.26877788359591587,-38.847871900086275,28.481011841451686,-30.62944932647851,-59.1104611679302,7.75,-81.82826225348997,-80.85094488068121
2030009230,0,2030009230,2030009230,0.0,0.0,293802.3,293802.3,213,0,1,0,10,169,48.0,48.0,-6.450314710724047,0.00026483307212653577,-6.273615006805807,8.788245819381952e-08,0.8542244796821303,0.0,2.3199629090678577,2018.0,2026.0,5.0,3.0,32.336745900615746,7.799939047911439,-24.536806852704306,37.86437294488882,-24.931289889108147,-62.79566283399697,7.75,-49.97779775865587,-48.60870765026813
2030012730,0,2030012730,2030012730,0.0,0.0,166674.5,166674.5,214,0,1,0,11,170,34.0,34.0,-3.14284186842411,0.2801364860640308,-5.824411520396806,0.0008716277633291891,0.9045245068448411,0.0,2.361999480312481,2018.0,2026.0,5.0,3.0,24.50873488172798,-4.996636120972753,-29.505371002700734,34.53889550424623,-23.716499942526763,-58.255395446772994,7.75,-24.351108795729587,-45.12822615393008
2030014550,0,2030014550,2030014550,0.0,0.0,86469.6,86469.6,215,0,1,0,12,171,18.0,18.0,-1.3501142343228274,0.5075572584149113,-3.0971523828364695,0.18408909917934332,0.5202818852946028,0.0,2.7089154294400215,2018.0,2026.0,5.0,3.0,20.092319250062022,13.575870155761189,-6.5164490943008335,16.40560185346451,-19.361535078321936,-35.767136931786446,7.75,-10.460844033219992,-23.997101282483804
2030016230,0,2030016230,2030016230,0.0,0.0,310600.1,310600.1,216,0,1,0,13,172,42.0,42.0,-3.4543174979068425,0.38428609560304516,-2.3352913000441253,0.10585736696614566,0.903285604641933,0.0,2.941238711971684,2018.0,2026.0,5.0,3.0,37.308250665035715,21.738461209119365,-15.56978945591635,25.960520944404077,-12.40128488117432,-38.3618058255784,7.75,-26.764458642235084,-18.094111920944215
2030018240,0,2030018240,2030018240,0.0,0.0,401163.3,401163.3,231,0,1,0,14,173,44.0,44.0,5.367693830071154,0.15767334855594153,3.375543574656249,0.034283028316330844,0.9422640467815425,0.0,3.061004821080522,2018.0,2026.0,5.0,3.0,15.905633056675702,67.161773871616,51.2561408149403,-9.470695751614885,13.448492020612562,22.919187772227446,7.75,41.58952372101675,26.154109011025835
2030020320,0,2030020320,2030020320,0.0,0.0,832972.7,832972.7,232,0,1,0,15,174,93.0,93.0,3.928115012371613,0.4478296503494092,1.7674518541236308,0.5051103843021896,0.9883788072399046,0.0,1.8684631346079166,2018.0,2026.0,5.0,3.0,-2.7722963591559653,-8.929066195901378,-6.156769836745412,26.499429297339827,3.644327178365867,-22.85510211897396,7.75,30.43549756334474,13.694425043586243
2030024230,0,2030024230,2030024230,0.0,0.0,76316.8,76316.8,241,0,1,0,16,175,15.0,15.0,8.826650803580147,5.836541842700991e-06,8.92430755581305,4.490932600566419e-06,0.9139279298350237,0.0,2.3033541439461183,2018.0,2026.0,5.0,3.0,-22.371568596786283,-5.135271257388317,17.236297339397964,23.550042802936993,34.546563929350874,10.996521126413882,7.75,68.38992956641155,69.14658557960556
2030026030,0,2030026030,2030026030,0.0,0.0,691710.6,691710.6,242,0,1,0,17,176,82.0,82.0,4.704552092828756,0.2613744434616241,5.844824574922891,0.04798737167371471,1.0,0.0,4.348651999480003,2018.0,2026.0,5.0,3.0,-8.483550138924919,-26.992584599646563,-18.509034460721644,9.778009885917749,0.6603883792902582,-9.11762150662749,7.75,36.45142347078817,45.28638890357777
2030028220,0,2030028220,2030028220,0.0,0.0,524673.3,524673.3,243,0,1,0,18,177,66.0,66.0,-0.36337710133118684,0.9185370836777642,0.3787495686017053,0.8851213863317399,0.9376820396152933,0.0,4.602699037655805,2018.0,2026.0,5.0,3.0,-14.618020964111576,-44.0911351627695,-29.47311419865792,7.347821566463618,1.1248817067731973,-6.22293985969042,7.75,-2.815488560622201,2.934596246797607
2030030090,0,2030030090,2030030090,0.0,0.0,476116.6,476116.6,244,0,1,0,19,178,58.0,58.0,7.918380090411425,0.0014691746848680518,6.7610888173524435,8.516560634230883e-08,0.9468583476923667,0.0,5.405871910411717,2018.0,2026.0,5.0,3.0,-39.206417441398024,-11.041930004845142,28.164487436552882,-7.1125141461613,17.16735250083913,24.27986664700043,7.75,61.35254115226375,52.38571212349738
2030033480,0,2030033480,2030033480,0.0,0.0,241416.3,241416.3,251,0,1,0,20,179,36.0,36.0,0.4463856516766924,0.857645147575838,3.0571473521594053,0.12359755681981409,0.9545352843410144,0.0,4.518218511411593,2018.0,2026.0,5.0,3.0,-14.251739522625874,-35.563845918257904,-21.31210639563203,14.641302620300461,35.6440055921768,21.002702971876342,7.75,3.458648581095249,23.687137595102307
2030037990,0,2030037990,2030037990,0.0,0.0,334465.7,334465.7,252,0,1,0,21,180,44.0,44.0,1.445287417011098,0.6237243489123399,5.8690841470956645,0.0007215356577139218,0.9795200427839447,0.0,5.519379691620242,2018.0,2026.0,5.0,3.0,-27.957076504050672,-17.406771894109976,10.550304609940696,-13.189053053438045,24.7232796680792,37.912332721517245,7.75,11.198257057197557,45.47435492479324
2030041390,0,2030041390,2030041390,0.0,0.0,984442.3,984442.3,261,0,1,0,22,181,103.0,103.0,-6.326362304183313,0.11475771349571096,-2.1905725726889287,0.12308754453881328,0.9923722063832963,0.0,5.104499688378622,2018.0,2026.0,5.0,3.0,31.982070930827906,-20.04622307009573,-52.02829400092364,26.187706713052982,-1.3120586092324658,-27.499765322285448,7.75,-49.01739992016092,-16.972814184010044
2030045150,0,2030045150,2030045150,0.0,0.0,21105.3,21105.3,212,0,1,0,23,182,5.0,5.0,-12.02084244915072,4.5316941995371644e-05,,,0.2911101634136125,0.0,8.693358807479255,2018.0,2026.0,5.0,3.0,39.844636492044664,-7.735573878083642,-47.580210370128306,,,,7.75,-93.13890248075712,
2030046500,0,2030046500,2030046500,0.0,0.0,26322.7,26322.7,219,0,1,0,24,183,4.0,4.0,-3.749238898819394,0.00589622220183304,0.2786622176899485,0.9014765524822392,0.6380784665816001,0.0,5.785582529596563,2018.0,2026.0,5.0,3.0,36.593175174779084,0.45513166676628103,-36.1380435080128,7.2839840246661485,-24.639475416858957,-31.923459441525104,7.75,-29.04954437688949,2.159107668891319
2030047500,0,2030047500,2030047500,0.0,0.0,33396.8,33396.8,218,0,1,0,25,184,8.0,8.0,-3.3361941287778265,0.07708231660702819,5.538783224802259,0.07417240558937835,0.5917916767631619,0.0,7.463744178588137,2018.0,2026.0,5.0,3.0,29.25758803146993,7.389510155607696,-21.868077875862234,-23.548199298574396,-19.117839343451305,4.430359955123091,7.75,-25.849224871844626,42.91514449333441
2030048590,0,2030048590,2030048590,0.0,0.0,5270.0,5270.0,217,0,1,0,26,185,,,,,,,,,,,,,,,,,,,,,,
2030048790,0,2030048790,2030048790,0.0,0.0,232575.1,232575.1,233,0,1,0,27,186,29.0,29.0,-0.51238499943533,0.8221478281480692,1.4878126034685195,0.48306736850809473,0.800104635963544,0.0,1.5686507445823197,2018.0,2026.0,5.0,3.0,3.218175881973674,-43.132219918901086,-46.35039580087476,25.91754348609005,-37.29064270246264,-63.20818618855269,7.75,-3.97001929747292,11.527747208257113
2030054200,0,2030054200,2030054200,0.0,0.0,85561.3,85561.3,234,0,1,0,28,187,11.0,11.0,-0.07497158417557515,0.969203926515725,0.7425236435858107,0.7702584043371142,0.7827525598272299,0.0,1.3666594326416837,2018.0,2026.0,5.0,3.0,-2.650363333172277,-31.035028497160482,-28.384665163988206,14.871282119814513,-41.562044178843706,-56.433326298658216,7.75,-0.5808886604158184,5.75316060601737
2030056060,0,2030056060,2030056060,0.0,0.0,0.3,0.3,235,0,1,0,29,188,,,,,,,,,,,,,,,,,,,,,,
2030056770,0,2030056770,2030056770,0.0,0.0,3306.2,3306.2,245,0,1,0,30,189,,,,,,,,,,,,,,,,,,,,,,
2030057170,0,2030057170,2030057170,0.0,0.0,101854.6,101854.6,271,0,1,0,31,190,13.0,13.0,-68.28283524594612,6.447369339831879e-15,-64.87569348424192,1.592578602893123e-11,0.8142002813916855,0.0,14.680566333798929,2018.0,2026.0,5.0,3.0,235.05226763450196,-339.21575822653335,-574.2680258610353,215.44003279760278,-324.4552875320782,-539.895320329681,7.75,-529.0634462588023,-502.6645107745507
2030059370,0,2030059370,2030059370,0.0,0.0,1668.3,1668.3,237,0,1,0,32,191,,,,,,,,,,,,,,,,,,,,,,
2030059450,0,2030059450,2030059450,0.0,0.0,1717.9,1717.9,236,0,1,0,33,192,,,,,,,,,,,,,,,,,,,,,,
2030059500,0,2030059500,2030059500,0.0,0.0,384.2,384.4,272,0,1,0,34,193,,,,,,,,,,,,,,,,,,,,,,
2030059510,0,2030059510,2030059510,0.0,0.0,61158.1,61158.1,253,0,1,0,35,194,9.0,9.0,-313.534865973694,1.578369211455661e-09,-238.2705786407938,9.053794969709557e-11,0.6419441377201566,0.0,135.03115872238743,2018.0,2026.0,5.0,3.0,1019.0940610370475,-1230.490902313454,-2249.5849633505013,749.401771614409,-907.9662829050694,-1657.3680545194784,7.75,-2429.3050532664042,-1846.1484943283956
2030062160,0,2030062160,2030062160,0.0,0.0,16035.6,16035.6,263,0,1,0,36,195,,,,,,,,,,,,,,,,,,,,,,
2030062920,0,2030062920,2030062920,0.0,0.0,79657.0,79657.0,262,0,1,0,37,196,14.0,14.0,-123.72164614892694,5.0632695502768554e-24,-120.13158642444635,1.3479786655826735e-26,0.7218707560548516,0.0,32.4849559312131,2018.0,2026.0,5.0,3.0,362.8514709759824,-549.5292322601141,-912.3807032360965,349.89524234421344,-534.9089978326427,-884.8042401768562,7.75,-958.6098798123566,-930.7936744180238
2030065840,0,2030065840,2030065840,0.0,0.0,688192.3,688192.3,281,0,1,0,38,197,70.0,70.0,-18.54133115664438,1.7247755719943892e-10,-11.093624468058268,3.736415859560789e-14,0.981761481461149,0.0,12.444720927991614,2018.0,2026.0,5.0,3.0,41.85970100197145,-60.51097307503172,-102.37067407700317,32.58558494741487,-49.525643232475204,-82.11122817989008,7.75,-143.66041662779904,-85.9547084041202
2030066850,0,2030066850,2030066850,0.0,0.0,737129.3,737129.3,282,0,1,0,39,198,80.0,80.0,2.8066984991155746,0.486167155477374,-0.8372899555681972,0.7077576435591174,1.0,0.0,7.716426438160609,2018.0,2026.0,5.0,3.0,23.197658798906282,-16.87070638240033,-40.06836518130661,31.896537589950565,-15.135903997621405,-47.03244158757197,7.75,21.74663039698036,-6.48742114786584
2030068680,0,2030068680,2030068680,0.0,0.0,1404136.9,1404136.9,283,0,0,1,40,199,155.0,155.0,-0.4654770301582474,0.9236597975871824,0.5518248396410712,0.8996875086854502,1.0,0.0,3.5462462074377625,2018.0,2026.0,5.0,3.0,32.87768619839938,36.76446427099401,3.8867780725946304,36.00545395105215,17.53634871099245,-18.469105240059697,7.75,-3.6065708291521976,4.275603822544097
2030068690,0,2030068690,2030068690,0.0,0.0,553965.8,553965.8,284,0,1,0,41,200,65.0,65.0,-21.298654594977876,1.5029791976235745e-06,-22.877850632003295,1.2043728239840271e-09,1.0,0.0,4.260187143314731,2018.0,2026.0,5.0,3.0,69.30806299888495,-49.713779608102264,-119.0218426069872,74.92720218446901,-60.49554374567017,-135.42274593013917,7.75,-165.02448324103324,-177.26028005084004
2030071190,0,2030071190,2030071190,0.0,0.0,343513.1,343513.1,293,0,1,0,42,201,51.0,51.0,-7.810555281173505,0.011560577964617628,-7.113907292992007,0.00017632665583590902,0.7058837106778784,0.0,5.657374823982505,2018.0,2026.0,5.0,3.0,9.34592911584601,-29.142620355485352,-38.48854947133136,17.954533168079344,-37.6247146079523,-55.57924777603164,7.75,-60.51710183633407,-55.11939120921939
2030073570,0,2030073570,2030073570,0.0,0.0,935570.0,935570.0,294,0,0,1,43,202,106.0,106.0,-27.440391944237398,0.0602253554854916,-24.003231135193545,0.14489311155778906,1.0,0.0,5.574309452130988,2018.0,2026.0,5.0,3.0,23.03404475015048,-80.72927663484734,-103.76332138499782,12.727997327280562,-79.99720399427024,-92.7252013215508,7.75,-212.61138727499477,-185.97986067788565
2030073580,0,2030073580,2030073580,0.0,0.0,330023.1,330023.1,295,0,1,0,44,203,57.0,57.0,-1.1976774219785131,0.3589046416515214,-2.854746602346294,0.012514622175328146,0.8664704439512828,0.0,3.442822976534327,2018.0,2026.0,5.0,3.0,9.378397246372622,-3.819002586116884,-13.197399832489506,13.128107654200846,-4.263735860708516,-17.39184351490936,7.75,-9.279745665158638,-22.118912757399077
2030078740,0,2030078740,2030078740,0.0,0.0,554002.2,554002.2,296,0,1,0,45,204,64.0,64.0,-1.22888418060501,0.06487797706992227,-2.2595623309355837,0.0012431018990580875,0.8605085153254196,0.0,2.709563784445587,2018.0,2026.0,5.0,3.0,13.414898061459311,-7.051951021978752,-20.466849083438063,19.436370405544885,-5.312636955187958,-24.749007360732843,7.75,-9.521539304893027,-17.507354952902674
2030085510,0,2030085510,2030085510,0.0,0.0,1266970.9,1266970.9,297,2,0,1,46,205,133.0,133.0,-2.145092496621441,0.02874512419866424,-3.5400730883845526,0.0001231254594430794,0.9886618274428929,0.0,3.857917813914006,2018.0,2026.0,5.0,3.0,25.08883417370253,-7.750166090641855,-32.839000264344385,28.231966742105545,-7.409369745073064,-35.641336487178606,7.75,-16.62042920037968,-27.42890305305485
2030085530,0,2030085530,2030085530,0.0,0.0,565733.5,565733.5,291,2,0,1,47,206,67.0,67.0,-10.682271209492525,0.004545350212620892,-6.817189996868251,0.0023111604401527554,1.0,0.0,9.916496234201773,2018.0,2026.0,5.0,3.0,11.564614170131163,-43.50044924543001,-55.06506341556118,6.992620594112358,-36.038545157649445,-43.031165751761804,7.75,-82.76749492912758,-52.82039066704217
2030085570,0,2030085570,2030085570,0.0,0.0,816931.9,816931.9,292,2,0,1,48,207,86.0,86.0,-15.165386505952938,8.691517388348302e-06,-12.638699646073496,1.821267538418707e-12,1.0,0.0,5.388423137351597,2018.0,2026.0,5.0,3.0,25.90216116018533,-45.01787105692879,-70.92003221711411,33.446478440849184,-48.53464046022098,-81.98111890107016,7.75,-117.50320003243482,-97.92613278134975
2030085580,0,2030085580,2030085580,0.0,0.0,548499.4,548499.4,298,2,0,1,49,208,64.0,64.0,-15.394656894469591,3.0996382295748864e-17,-16.82936509741103,8.843052135726064e-27,1.0,0.0,3.8728380655152295,2018.0,2026.0,5.0,3.0,62.880341257100895,-52.56927826304621,-115.44961952014711,65.832087017087,-53.46745849482746,-119.29954551191446,7.75,-119.27961399411073,-130.39590205523126
2030085720,0,2030085720,2030085720,0.0,0.0,229408.5,229408.5,299,2,0,1,50,209,33.0,33.0,-18.06826686328209,3.207876726913233e-22,-16.310705542771863,5.174503259956634e-31,0.985192946871869,0.0,3.458139052267072,2018.0,2026.0,5.0,3.0,53.25612534041092,-70.8465639418094,-124.10268928222033,56.33495266253103,-62.939166552958085,-119.27411921548912,7.75,-139.99505879011176,-126.3772667653508
9030000010,0,9030000010,9030000010,0.0,0.0,697092.1,697092.1,911,0,1,0,1,210,78.0,78.0,-40.776307235525366,0.01375475572776245,,,0.9574436790022963,1.0,315.2317396914611,2018.0,2026.0,5.0,3.0,217.9293616795995,-166.2790708444056,-384.2084325240051,,,,7.75,-315.93962895697956,
9030005280,0,9030005280,9030005280,0.0,0.0,433307.2,433307.2,912,0,1,0,2,211,51.0,51.0,-113.52466386503627,0.011240224705209207,,,0.9021472302272362,1.0,353.16372056737583,2018.0,2026.0,5.0,3.0,488.97976129635197,-378.79386187262776,-867.7736231689797,,,,7.75,-879.602460610685,
9030010370,0,9030010370,9030010370,0.0,0.0,593761.8,593761.8,913,0,1,0,3,212,68.0,68.0,-98.90868879253199,0.05906761857394589,,,0.9720687136193151,1.0,228.64747915099147,2018.0,2026.0,5.0,3.0,453.7690914883248,-320.0920964751421,-773.8611879634669,,,,7.75,-766.3561650454909,
9030013780,0,9030013780,9030013780,0.0,0.0,422560.2,422560.2,914,0,1,0,4,213,50.0,50.0,-59.59757764903544,0.08116208672199758,,,0.997594297361219,0.985661154265639,92.98997921700575,2018.0,2026.0,5.0,3.0,275.50946119295406,-157.41931566753433,-432.92877686048837,,,,7.75,-461.7690479035464,
7030000010,0,7030000010,7030000010,0.0,0.0,909385.7,909385.7,771,0,1,0,1,214,125.0,125.0,-7.952279168081475,0.009720454028005324,-7.101109350879712,2.8341043345699286e-07,0.8119272928674475,0.0,3.8782081927239527,2018.0,2026.0,5.0,3.0,36.96199097499297,-2.1608080990948664,-39.12279907408784,23.259191427076455,-11.526461208541113,-34.785652635617566,7.75,-61.615195196907806,-55.02023124706252
7030008710,0,7030008710,7030008710,0.0,0.0,661111.8,661111.8,772,0,0,1,2,215,79.0,79.0,-4.100851797310902,0.5749611060005527,-4.047808097993349,0.37313019716382767,1.0,0.0,2.7407815885388422,2018.0,2026.0,5.0,3.0,0.3073936709568022,-19.72841786362743,-20.035811534584234,8.592522744936522,-19.23355927418625,-27.826082019122772,7.75,-31.773882508938684,-31.362893681919722
7030008720,0,7030008720,7030008720,0.0,0.0,425617.4,425617.4,774,0,1,0,3,216,58.0,58.0,0.349488119065974,0.9550244970347419,-2.6276098550183775,0.6879966706644004,0.7215376108369188,0.0,3.4176812543772814,2018.0,2026.0,5.0,3.0,8.25368686620978,25.65080345869626,17.39711659248648,20.78638161776552,14.345935809302395,-6.440445808463126,7.75,2.7078750909150076,-20.359030498841914
7030014250,0,7030014250,7030014250,0.0,0.0,45033.5,45033.5,781,0,1,0,4,217,10.0,10.0,3.1973264011516207,0.10929709245172615,0.5081866469331295,0.8358347065286172,0.8191370131096466,0.0,1.9122159735210658,2018.0,2026.0,5.0,3.0,7.379205784665183,25.264865699066792,17.885659914401607,28.482100793548124,36.010738441160086,7.528637647611962,7.75,24.773261369634735,3.9374899680239746
7030014930,0,7030014930,7030014930,0.0,0.0,669401.0,669401.0,782,0,0,1,5,218,79.0,79.0,-8.97288019821502,1.0832572262771552e-06,-9.057765370311664,0.007469754888420531,1.0,0.0,3.157143606123808,2018.0,2026.0,5.0,3.0,29.521014420711538,-14.870284029781912,-44.39129845049345,37.08076336791946,8.670961092687127,-28.40980227523233,7.75,-69.52293213127585,-70.18063243800687
7030014940,0,7030014940,7030014940,0.0,0.0,674853.9,674853.9,783,0,1,0,6,219,68.0,68.0,-47.560118602600625,0.15055602769200643,-45.818804810543995,0.0001623226505635414,0.9834650295935304,0.1618522041272595,8.014731446162761,2018.0,2026.0,5.0,3.0,154.72302520232165,-101.47263254293478,-256.1956577452564,177.38356671434977,-100.06559725932134,-277.4491639736711,7.75,-368.5013980708002,-355.00949380928
7030021430,0,7030021430,7030021430,0.0,0.0,398712.7,398712.7,711,0,1,0,7,220,50.0,50.0,-22.24653689898757,0.09025891358559482,-16.292386860091263,0.007263071977026854,1.0,0.0,10.545699742684434,2018.0,2026.0,5.0,3.0,30.856998002742138,-52.29976689220371,-83.15676489494584,24.105079771750745,-39.22675169001882,-63.33183146176957,7.75,-172.3687869243938,-126.23533145532724
7030022240,0,7030022240,7030022240,0.0,0.0,1106516.8,1106516.8,712,0,0,1,8,221,117.0,117.0,-14.670649354579034,0.23512841140582494,-10.701723087184813,0.013545555726428944,0.9892260062814018,0.0,5.193885164465337,2018.0,2026.0,5.0,3.0,28.847857659426506,-32.74130748680606,-61.58916514623256,28.226722565511654,-21.904481538560447,-50.1312041040721,7.75,-113.66991833938033,-82.91821036750999
7030022250,0,7030022250,7030022250,0.0,0.0,693363.8,693363.8,713,0,1,0,9,222,80.0,80.0,-5.276423954153813,0.05397326793915041,1.3315425373295575,0.3298778490726921,0.9943759802378578,0.0,11.021903351506932,2018.0,2026.0,5.0,3.0,9.867704208669352,13.958138341565663,4.090434132896311,0.10828516949749342,27.289909788833427,27.181624619335935,7.75,-40.88235397742722,10.316948338515122
7030024600,0,7030024600,7030024600,0.0,0.0,572990.0,572990.0,721,0,1,0,10,223,67.0,67.0,-10.281386522271703,2.2832882182047272e-05,-6.566061557106603,0.0006775689279728572,0.9782062196156889,0.0,3.9575966777091027,2018.0,2026.0,5.0,3.0,33.20899778806659,-30.005651935733653,-63.21464972380024,24.653287547344227,-20.19529342503091,-44.84858097237514,7.75,-79.66139317735502,-50.87461795102447
7030027430,0,7030027430,7030027430,0.0,0.0,372733.9,372733.9,722,0,1,0,11,224,50.0,50.0,-14.500752359401881,1.274772073975237e-07,-8.878473822095161,6.398091213614952e-06,0.9792506686705855,0.0,4.6650455260958195,2018.0,2026.0,5.0,3.0,58.09034760848353,-48.81495388633858,-106.90530149482211,40.50242861828248,-28.95314426051226,-69.45557287879474,7.75,-112.353536419185,-68.79146041486463
7030029460,0,7030029460,7030029460,0.0,0.0,511867.3,511867.3,723,0,1,0,12,225,63.0,63.0,-14.021272537272154,8.790242480513919e-09,-9.423152583780407,5.869250797573044e-09,0.8849043323000838,0.0,4.784753405606588,2018.0,2026.0,5.0,3.0,40.95229938611705,-29.497337037000666,-70.44963642311771,29.7565635781595,-27.666723602088833,-57.42328718024834,7.75,-108.63847030932293,-73.01169558411651
7030033480,0,7030033480,7030033480,0.0,0.0,233624.4,233624.4,724,0,1,0,13,226,32.0,32.0,-8.358510438826187,9.428476688064637e-05,-3.7702046809668865,0.00903870872779039,0.9769905478550654,0.0,5.702447573802723,2018.0,2026.0,5.0,3.0,23.56505520686697,-10.809439945465337,-34.37449515233231,21.54512024457451,8.632090721679651,-12.913029522894858,7.75,-64.76272290726382,-29.211989725219137
7030034520,0,7030034520,7030034520,0.0,0.0,1053295.9,1053295.9,725,0,0,1,14,227,122.0,122.0,-23.480925959008026,8.045327214874875e-06,-15.764180871010897,0.0006521799891904626,0.8135927131810842,0.0,6.555236823808449,2018.0,2026.0,5.0,3.0,33.82264450680437,-76.0148292803383,-109.83747378714267,22.186555150684423,-52.56772668152012,-74.75428183220454,7.75,-181.93297868307383,-122.1427292675177
7030034530,0,7030034530,7030034530,0.0,0.0,198962.2,198962.2,726,0,1,0,15,228,33.0,33.0,1.9846908185716927,0.28536606452167346,8.568706894530795,0.005246471135422912,0.8426564060655394,0.0,9.155468080482684,2018.0,2026.0,5.0,3.0,-1.9051846438488702,7.578938806691663,9.484123450540533,-5.227158480608165,75.12276340708364,80.3499218876918,7.75,15.377618115148229,66.39134979198398
7030038340,0,7030038340,7030038340,0.0,0.0,399621.4,399621.4,731,0,1,0,16,229,51.0,51.0,-7.686406923597389,0.00029894330428048365,-2.335899313941413,0.05669407068122848,0.870769401577961,0.0,4.669357345665134,2018.0,2026.0,5.0,3.0,30.862133593380985,-40.97028247113076,-71.83241606451175,-4.052886020472362,-16.65211876705104,-12.599232746578679,7.75,-59.55518574614815,-18.098822884200406
7030042040,0,7030042040,7030042040,0.0,0.0,674914.8,674914.8,732,0,1,0,17,230,76.0,76.0,-7.925601790133982,0.11523794144391342,-3.879321619132877,0.11036359667570542,0.9091958573044391,0.0,2.478040927261596,2018.0,2026.0,5.0,3.0,3.990269131643346,-85.86713681756396,-89.8574059492073,-22.070494802078354,-44.64644438337021,-22.575949581291855,7.75,-61.40849573190738,-30.057440608202718
7030046750,0,7030046750,7030046750,0.0,0.0,42962.1,42962.1,741,0,1,0,18,231,11.0,11.0,-18.139037155507204,0.0033480593687476965,-13.527877762486888,0.00019061287921414235,0.8162915163824329,0.0,3.792554868253596,2018.0,2026.0,5.0,3.0,17.83645925878296,-125.14567219740026,-142.98213145618323,12.260305290390948,-90.1667907659865,-102.42709605637745,7.75,-140.54339534588743,-104.81558950811197
7030047060,0,7030047060,7030047060,0.0,0.0,3240616.8,3240616.8,742,0,0,1,19,232,314.0,314.0,-17.64828048084405,0.002289799449129117,-11.701592980870169,0.005564270133154963,0.9995692650923428,0.0,5.587851417447995,2018.0,2026.0,5.0,3.0,28.526160307583247,-59.51831233104635,-88.0444726386296,10.85819372652281,-32.52537209870782,-43.38356582523063,7.75,-136.74095485499976,-90.66532001605087
7030047070,0,7030047070,7030047070,0.0,0.0,46688.7,46688.7,743,0,1,0,20,233,10.0,10.0,-17.363901313249208,0.018949588766666404,,,0.44601707614924635,0.0,5.7685599460702255,2018.0,2026.0,5.0,3.0,38.453439435287045,-107.25348134791268,-145.70692078319973,,,,7.75,-134.53755158520264,
7030047840,0,7030047840,7030047840,0.0,0.0,466036.6,466036.6,751,0,1,0,21,234,55.0,55.0,-22.63302059967107,2.199669809316087e-05,-18.648543765782637,9.090003296908384e-11,0.9548793753706848,0.0,6.880062245832211,2018.0,2026.0,5.0,3.0,71.63046337866439,-105.85318630280169,-177.4836496814661,43.629764976923155,-75.69119428865889,-119.32095926558205,7.75,-175.36330813708182,-144.4911125452837
7030049270,0,7030049270,7030049270,0.0,0.0,848798.2,848798.2,752,0,0,1,22,235,97.0,97.0,-14.174424540387315,6.685355984097469e-07,-11.090638867494446,1.7322201708864676e-15,1.0,0.0,5.0769604475688785,2018.0,2026.0,5.0,3.0,43.58240350894585,-38.794728410460536,-82.3771319194064,23.47854103625658,-40.71885677288572,-64.1973978091423,7.75,-109.82511005967449,-85.93157561946416
7030049280,0,7030049280,7030049280,0.0,0.0,912914.2,912914.2,753,0,1,0,23,236,110.0,110.0,1.9387317862744737,0.7035191567049844,-0.08312818846905401,0.977303962285328,0.8965960801232354,0.0,3.713193584696688,2018.0,2026.0,5.0,3.0,1.415245900739326,16.071639546420016,14.65639364568069,2.54125828630731,9.019901841727357,6.478643555420048,7.75,15.021522122263548,-0.6440869907390085
7030065090,0,7030065090,7030065090,0.0,0.0,11265.7,11265.7,763,0,1,0,24,237,,,,,,,,,,,,,,,,,,,,,,
7030065760,0,7030065760,7030065760,0.0,0.0,115092.3,115092.3,762,0,1,0,25,238,20.0,20.0,-8.728529856870018,0.0006788585924377302,,,0.39499535362526056,0.0,6.356993199686128,2018.0,2026.0,5.0,3.0,28.201532591493695,-11.53606064991304,-39.737593241406735,,,,7.75,-67.62967691975949,
7030069860,0,7030069860,7030069860,0.0,0.0,17051.2,17051.2,761,0,1,0,26,239,1.0,1.0,-1.5242074532834096,0.47437558158639975,,,0.0,0.0,,2018.0,2026.0,5.0,3.0,-20.84682101011276,-39.4877440482378,-18.64092303812504,,,,7.75,-11.809738789300614,
7030070790,0,7030070790,7030070790,0.0,0.0,76320.7,76320.7,764,0,1,0,27,240,16.0,16.0,0.8919517693212065,0.6987484840817917,-8.20162764319796,0.08534670788104261,0.6963931245197718,0.0,16.536805421010662,2018.0,2026.0,5.0,3.0,8.941945893484883,21.47615060544463,12.534204711959747,34.45388203802838,-12.688112449545919,-47.1419944875743,7.75,6.910947316027418,-63.547176537303834
7030072800,0,7030072800,7030072800,0.0,0.0,13805.0,13805.0,765,0,1,0,28,241,2.0,2.0,4.173958166725445,0.3362833455403237,,,0.0,0.0,,2018.0,2026.0,5.0,3.0,-26.062394768563387,33.321784771899274,59.38417954046266,,,,7.75,32.3403192657988,
7030073620,0,7030073620,7030073620,0.0,0.0,521060.0,521060.0,773,2,0,1,29,242,69.0,69.0,-3.3415567871541354,0.7631261394639818,-5.7856159491208565,0.5400529317833029,1.0,0.0,3.292207191797872,2018.0,2026.0,5.0,3.0,7.912163609247616,-14.371644925627654,-22.28380853487527,22.191732889372876,-10.242764720601523,-32.4344976099744,7.75,-25.89077538027708,-44.82763350037516
6030000010,0,6030000010,6030000010,0.0,0.0,72363.7,72363.7,611,0,1,0,1,243,17.0,17.0,4.763897315659093,0.5798535530364549,1.745424940749384,0.7077697408390813,0.8293481281077955,0.0,2.756536525230572,2018.0,2026.0,5.0,3.0,5.068475711034873,65.41392204327734,60.34544633224247,8.444082352682404,18.345543404826916,9.901461052144512,7.75,36.91123724384732,13.523757925587288
6030000740,0,6030000740,6030000740,0.0,0.0,260734.6,260739.0,612,0,0,1,2,244,35.0,35.0,3.116630095828065,0.6748520714271127,0.7173684707661909,0.847915719745399,1.0,0.0,2.9420117124147485,2018.0,2026.0,5.0,3.0,10.630114400536637,39.818471479418,29.188357078881364,20.429155806315094,-4.331130136745171,-24.760285943060264,7.75,24.148016895806773,5.558255365553238
6030000750,0,6030000750,6030000750,0.0,0.0,265843.8,265843.8,613,0,1,0,3,245,42.0,42.0,9.714029047806696,0.5966876969786967,7.354161886743038,0.5099634882646226,0.9542829388335112,0.0,4.5034110517071015,2018.0,2026.0,5.0,3.0,-4.106028681905935,13.343065313530255,17.44909399543619,11.655667328360426,1.7317658987858835,-9.923901429574542,7.75,75.26544067157549,56.980912086195204
6030004470,0,6030004470,6030004470,0.0,0.0,941416.8,941416.8,615,0,0,1,4,246,98.0,98.0,5.258199716871161,0.7565863623613802,4.932033619498668,0.6959567337829451,1.0,0.0,2.58392300803533,2018.0,2026.0,5.0,3.0,5.971309348280732,11.76972850734847,5.798419159067738,7.285261081997359,5.273705101822856,-2.0115559801745038,7.75,40.741150441465805,38.21397712027716
6030004480,0,6030004480,6030004480,0.0,0.0,564625.2,564625.2,616,0,1,0,5,247,64.0,64.0,1.7512536466520316,0.9610035391894788,5.101225192487924,0.8319603777637182,0.9947537250927869,0.0,7.5087335042268455,2018.0,2026.0,5.0,3.0,-23.0496120522433,-36.318826980511254,-13.269214928267953,-21.931660146674226,2.4332690430925497,24.364929189766777,7.75,13.568919425120464,39.52489334631301
6030006540,0,6030006540,6030006540,0.0,0.0,37353.9,37353.9,621,0,1,0,6,248,10.0,10.0,-3.781138163467645,0.8878864848496469,3.5172014962528806,0.8518663924938785,1.0,0.0,9.02007855954773,2018.0,2026.0,5.0,3.0,-56.95964643458008,-89.99718846006232,-33.03754202548224,-70.52951341717429,-22.737650939133943,47.79186247804034,7.75,-29.296703634807493,27.251691264601376
6030007000,0,6030007000,6030007000,0.0,0.0,5912922.8,5912922.8,622,0,0,1,7,249,538.0,538.0,-11.733391359654167,0.5390018767914757,-6.153684219870485,0.6218375409992117,1.0,0.0,8.535213719851125,2018.0,2026.0,5.0,3.0,30.04043292449403,-8.277784318792788,-38.31821724328682,13.545151157857479,-4.3343374765575255,-17.879488634415004,7.75,-90.91169759841559,-47.67946979393148
6030007010,0,6030007010,6030007010,0.0,0.0,108834.7,108834.7,623,0,1,0,8,250,17.0,17.0,-4.776261558822384,0.8322684898477298,3.467566315932899,0.8327819185197789,0.9806638978368878,0.0,10.638577354573371,2018.0,2026.0,5.0,3.0,-73.9670673678885,-109.01991179516138,-35.05284442727287,-85.71317461727126,-42.377194483747836,43.33598013352343,7.75,-37.00703685548897,26.867112044052305
6030007950,0,6030007950,6030007950,0.0,0.0,772466.8,772470.5,624,0,0,1,9,251,89.0,89.0,4.704768567145912,0.648844012439301,8.296745760422233,0.5376752620847424,1.0,0.0,4.856778522829264,2018.0,2026.0,5.0,3.0,-6.031326442820176,-10.404433657624876,-4.3731072148047,-26.820421359779978,-4.706476422585825,22.11394493719415,7.75,36.4531007392825,64.28416290758364
6030007960,0,6030007960,6030007960,0.0,0.0,82901.6,82901.6,625,0,1,0,10,252,14.0,14.0,-1.5130464382825437,0.8934314670395718,7.171069476421565,0.41343580407151415,1.0,0.0,11.645519911028998,2018.0,2026.0,5.0,3.0,-107.74380008745547,-108.33497761360839,-0.5911775261529186,-130.8495542240913,-47.0632427147875,83.7863115093038,7.75,-11.723261931114576,55.56229053599734
6030008320,0,6030008320,6030008320,0.0,0.0,272960.4,272960.4,631,0,1,0,11,253,34.0,34.0,11.230325401844922,0.0816393242395062,18.72274983040444,0.0038848314072114105,1.0,0.0,9.100932126681615,2018.0,2026.0,5.0,3.0,-120.37815182969666,-48.5814649287021,71.79668690099456,-135.4694162235857,11.094056831722737,146.56347305530844,7.75,87.01388333256983,145.0660698700741
6030009760,0,6030009760,6030009760,0.0,0.0,332978.2,332986.5,632,0,0,1,12,254,41.0,41.0,9.40004462891934,0.2846724581715991,14.95768143118853,0.29185771106238995,1.0,0.0,7.11220111154929,2018.0,2026.0,5.0,3.0,-54.05516785242992,-27.031898751590717,27.0232691008392,-62.69208017157888,-2.1014982951071732,60.59058187647171,7.75,72.83265242940925,115.89387666054357
6030009770,0,6030009770,6030009770,0.0,0.0,287165.3,287165.3,633,0,1,0,13,255,38.0,38.0,11.518310793415807,0.08479377279220907,14.251242628693326,0.004195460260448162,0.8856843498157809,0.0,5.6643736375383344,2018.0,2026.0,5.0,3.0,-67.7314350676294,-15.179630946314196,52.55180412131521,-65.32197345549646,6.740021980031229,72.06199543552769,7.75,89.24522805028539,110.42030565147739
6030011780,0,6030011780,6030011780,0.0,0.0,637202.1,637202.1,634,0,0,1,14,256,83.0,83.0,3.794429338043461,0.7255435936791262,6.290358656171495,0.6016824250246637,0.9969456555368434,0.0,4.962151519641364,2018.0,2026.0,5.0,3.0,3.7376812837619555,-28.67945960671807,-32.41714089048003,-0.9799946414613899,-29.272332217158976,-28.292337575697587,7.75,29.39968522015878,48.73843941674287
6030011790,0,6030011790,6030011790,0.0,0.0,576035.9,576035.9,635,0,1,0,15,257,65.0,65.0,6.071706755467847,0.5262223941873554,7.740509010099484,0.4145171469032217,0.9040535494615747,0.0,4.572974351609582,2018.0,2026.0,5.0,3.0,-12.089783033772884,-23.920426105827886,-11.830643072055002,-10.962572341262483,-23.63171740601344,-12.669145064750957,7.75,47.04429874873103,59.97437508167431
6030014330,0,6030014330,6030014330,0.0,0.0,636627.1,636627.1,641,0,1,0,16,258,72.0,72.0,-2.0047037097093536,0.8031798053473307,0.8442259292055745,0.775679434506362,0.8903119039845925,0.0,4.495820790027844,2018.0,2026.0,5.0,3.0,19.038744220802123,12.251779043929433,-6.786965176872689,1.4923651328535683,34.474602795559285,32.982237662705714,7.75,-15.532680351752145,6.541161888163658
6030016970,0,6030016970,6030016970,0.0,0.0,2646302.8,2646302.8,642,0,0,1,17,259,266.0,266.0,-17.413566764400684,0.23120188169748987,-14.592270065082316,0.07516160385120066,0.9984592185944724,0.0,5.428258272741581,2018.0,2026.0,5.0,3.0,104.03652979281817,-37.889334956929964,-141.92586474974814,72.47815738746515,-43.13609596659603,-115.61425335406118,7.75,-134.92236534771783,-113.0626263769554
6030016980,0,6030016980,6030016980,0.0,0.0,19412.8,19412.8,643,0,1,0,18,260,6.0,6.0,-13.31513467649777,0.0700499443691495,-8.474132594852291,0.0010422892620421302,1.0,0.0,9.020363575239765,2018.0,2026.0,5.0,3.0,53.12047308748326,-36.40695971430315,-89.5274328017864,1.4295220088831004,-22.142677572966324,-23.572199581849425,7.75,-103.16723103213879,-65.65857698407115
6030017370,0,6030017370,6030017370,0.0,0.0,392253.8,392253.8,651,0,1,0,19,261,46.0,46.0,-17.170450560345795,0.022955511374999925,-18.28259577836071,3.2372097292083707e-07,0.9738226203682385,0.0,4.955475514789325,2018.0,2026.0,5.0,3.0,84.88473810905514,-57.73286109568031,-142.61759920473546,60.96641580773253,-56.646356121480316,-117.61277192921284,7.75,-133.03867237721727,-141.65570445656624
6030018850,0,6030018850,6030018850,0.0,0.0,400891.5,400891.5,652,0,0,1,20,262,53.0,53.0,-20.31019526735738,0.0020639333432103933,-20.223759983330932,0.0014290243591856056,1.0,0.0,2.7154166786932947,2018.0,2026.0,5.0,3.0,87.99013485543608,-53.04718010593825,-141.03731496137434,74.90106593011178,-56.437976921796974,-131.33904285190874,7.75,-157.36578400170126,-156.69607324524722
6030018860,0,6030018860,6030018860,0.0,0.0,705182.6,705182.6,653,0,1,0,21,263,81.0,81.0,-24.172136072045188,1.1007110055591339e-10,-24.329840538338335,2.38127331184414e-10,0.9617747559362331,0.0,3.3563481876892713,2018.0,2026.0,5.0,3.0,86.50406436918168,-80.85318816575715,-167.35725253493882,85.96346050300676,-73.82914989995434,-159.7926104029611,7.75,-187.2885560133823,-188.51046878438737
6030021870,0,6030021870,6030021870,0.0,0.0,340927.4,340927.4,661,0,1,0,22,264,46.0,46.0,-47.27816332277292,5.621361725897803e-20,-43.28722939627893,6.549503536205626e-10,0.8258399287156355,0.0,27.209156201619987,2018.0,2026.0,5.0,3.0,151.42124408248657,-146.5431073682204,-297.964351450707,143.81891823436854,-132.21766864204594,-276.0365868764145,7.75,-366.3167753687813,-335.39454946329744
6030026140,0,6030026140,6030026140,0.0,0.0,415139.2,415139.2,662,0,1,0,23,265,60.0,60.0,-6.717975141813518,0.006921586074395221,-7.106662057596235,0.0007483893898503778,0.9226170961538409,0.0,2.6609059092920524,2018.0,2026.0,5.0,3.0,26.159202373686334,-21.359900144956896,-47.51910251864323,12.777208042170349,-24.20076363533674,-36.97797167750709,7.75,-52.05166228975293,-55.06325427240889
6030029280,0,6030029280,6030029280,0.0,0.0,292389.6,292389.6,671,0,1,0,24,266,46.0,46.0,-1.8054034333551654,0.4613025863732303,-2.142418433133948,0.39848979092855713,0.7746616417210687,0.0,4.97324473040613,2018.0,2026.0,5.0,3.0,7.346516331386913,8.8998741154436,1.5533577840566872,-2.717657040414548,-7.940630918498404,-5.222973878083856,7.75,-13.9884783474199,-16.59971024166755
6030032290,0,6030032290,6030032290,0.0,0.0,209847.8,209847.8,672,0,1,0,25,267,37.0,37.0,2.246945807882638,0.3039017772588459,-0.3000858882514046,0.8847858443622113,0.88589278726868,0.0,3.074255166594042,2018.0,2026.0,5.0,3.0,-2.669055052753206,25.395230930716366,28.06428598346957,14.196904484778424,11.045404922632088,-3.151499562146336,7.75,17.409600646975676,-2.3251007905584533
6030034810,0,6030034810,6030034810,0.0,0.0,11222.6,11222.6,614,0,1,0,26,268,3.0,3.0,16.323913076864784,0.3035428240099588,15.53619096618073,0.028826441876285375,0.9657560065891697,0.0,2.397237627617499,2018.0,2026.0,5.0,3.0,-22.28677296394905,1.2204421142154172,23.507215078164467,-5.198993759395208,5.337758965125226,10.536752724520433,7.75,126.47960029439382,120.37623664419293
6030035460,0,6030035460,6030035460,0.0,0.0,13704.8,13704.8,654,0,1,0,27,269,,,,,,,,,,,,,,,,,,,,,,
6030040020,0,6030040020,6030040020,0.0,0.0,150.3,150.3,663,0,1,0,28,270,,,,,,,,,,,,,,,,,,,,,,
6030040110,0,6030040110,6030040110,0.0,0.0,8476.5,8476.5,673,0,1,0,29,271,,,,,,,,,,,,,,,,,,,,,,
6030040460,0,6030040460,6030040460,0.0,0.0,308235.5,308235.5,644,2,0,1,30,272,40.0,40.0,-25.98410405684293,0.0677650576166649,-23.46112078995763,0.002822094352510508,1.0,0.0,5.1073955582279975,2018.0,2026.0,5.0,3.0,81.84330431843773,-50.286014031146,-132.12931834958374,74.90024192505706,-68.65525395555876,-143.5554958806158,7.75,-201.32789727820807,-181.77952590165665
6030040470,0,6030040470,6030040470,0.0,0.0,326937.3,326937.3,664,2,0,1,31,273,48.0,48.0,-13.886635295273619,0.00936299783136669,-11.184607212540216,0.001849152378335215,1.0,0.0,5.2706003708161635,2018.0,2026.0,5.0,3.0,46.31917843162036,-38.64323448072809,-84.96241291234844,28.803862269087187,-42.53114483363451,-71.33500710272169,7.75,-107.59528510780108,-86.65965341954501
3030000010,0,3030000010,3030000010,0.0,0.0,117255.2,117255.2,311,0,1,0,1,274,19.0,19.0,-7.996197178274017,3.6477165634714626e-05,-4.172470964143891,0.04334134859251205,0.9728426554058691,0.0,12.06884514142973,2018.0,2026.0,5.0,3.0,40.83195759328898,-47.657314070997586,-88.48927166428658,20.094939976340576,12.512811045277113,-7.582128931063464,7.75,-61.95547711024085,-32.328796245112144
3030001840,0,3030001840,3030001840,0.0,0.0,3088704.9,3088704.9,312,0,0,1,2,275,300.0,300.0,-0.5080240960559141,0.9346263364196669,-3.2612832027205165,0.31540598332309155,1.0,0.0,6.601956386004935,2018.0,2026.0,5.0,3.0,41.8971045482971,20.201704928389898,-21.695399619907203,31.49023459966773,0.9590734419884477,-30.531161157679282,7.75,-3.9362305046905877,-25.26880619767026
3030001850,0,3030001850,3030001850,0.0,0.0,437331.1,437331.1,313,0,1,0,3,276,56.0,56.0,-6.312421823988576,0.029607032204281868,-7.298134182716879,8.547521662961052e-05,1.0,0.0,6.2550619320258205,2018.0,2026.0,5.0,3.0,32.625745092024125,-38.98903177031072,-71.61477686233485,28.77814907881639,-8.027782284692647,-36.80593136350904,7.75,-48.90938743843304,-56.5468028393943
3030003790,0,3030003790,3030003790,0.0,0.0,94410.0,94410.0,321,0,1,0,4,277,18.0,18.0,-12.110143864469316,1.594299516621047e-05,-12.732661847972935,4.307700867810999e-05,1.0,0.0,4.263156218528291,2018.0,2026.0,5.0,3.0,49.10186260979659,-90.45354108409073,-139.5554036938873,52.56508164842366,-6.998506276261094,-59.563587924684754,7.75,-93.83082035988546,-98.65416298360961
3030004740,0,3030004740,3030004740,0.0,0.0,2505667.7,2505667.7,322,0,0,1,5,278,259.0,259.0,5.524543237739206,0.0001445943584056405,0.2461447321995962,0.8661476179378751,1.0,0.0,8.864874153996562,2018.0,2026.0,5.0,3.0,-18.12922044058206,9.272509731846649,27.401730172428707,4.746931923928568,9.30015946636871,4.553227542440141,7.75,42.80481139713061,1.9071583631070699
3030004750,0,3030004750,3030004750,0.0,0.0,20288.8,20288.8,323,0,1,0,6,279,6.0,6.0,-7.440966242706713,0.009094216540389539,-11.760757320884771,0.008997215793876594,1.0,0.0,7.362756942143386,2018.0,2026.0,5.0,3.0,34.67338638701668,-90.15171794505237,-124.82510433206905,45.27056615421692,12.515360930931498,-32.75520522328542,7.75,-57.653482455468854,-91.12373228775881
3030005240,0,3030005240,3030005240,0.0,0.0,1137178.4,1137178.4,331,0,1,0,7,280,118.0,118.0,-4.2632825429290815,0.0027495535162912455,-7.092896241100723,1.8158858632621656e-05,0.9981935159097086,0.0,3.552915451571212,2018.0,2026.0,5.0,3.0,28.49410002637046,-40.96970057409088,-69.46380060046134,40.576198832136036,-1.230988528609122,-41.80718736074516,7.75,-33.03241504856756,-54.95659510558534
3030008670,0,3030008670,3030008670,0.0,0.0,23514.2,23514.2,341,0,1,0,8,281,6.0,6.0,4.858383387113321,0.03422582443440621,5.472034986638384,0.017631752134418206,1.0,0.0,3.233436240930483,2018.0,2026.0,5.0,3.0,20.481433982174494,25.640849390597463,5.159415408422969,12.461263980001345,29.253095051767303,16.79183107176596,7.75,37.643326449091575,42.3979712859319
3030009130,0,3030009130,3030009130,0.0,0.0,2453647.8,2453647.8,342,0,0,1,9,282,248.0,248.0,0.9367994824244956,0.645432128951875,-4.284049533033233,0.0010279522041511278,0.9995836029504573,0.0,6.895294393561417,2018.0,2026.0,5.0,3.0,0.4056413917206566,-17.45116302113627,-17.856804412856928,17.091608007590715,-27.582774816089493,-44.674382823680205,7.75,7.258432676964607,-33.193320132742095
3030009140,0,3030009140,3030009140,0.0,0.0,9994.4,9994.4,343,0,1,0,10,283,5.0,5.0,2.8038868698440575,0.28455657831165904,2.174507801182193,0.2912077036238823,1.0,0.0,4.284280992279138,2018.0,2026.0,5.0,3.0,25.393214326770345,47.21054084297668,21.817326516206332,18.028057687787012,45.36811502727673,27.340057339489718,7.75,21.724845562378324,16.848342443109118
3030009320,0,3030009320,3030009320,0.0,0.0,1614053.9,1614053.9,351,0,1,0,11,284,161.0,161.0,1.3408810177289112,0.2602999220339127,-3.0954397270020095,0.0005745769686767472,0.9999632438452044,0.0,4.462834658523054,2018.0,2026.0,5.0,3.0,22.188054383129366,1.8172119182554152,-20.370842464873952,18.639098510707775,-12.739105862645486,-31.378204373353263,7.75,10.389303984046048,-23.983831423451573
3030011770,0,3030011770,3030011770,0.0,0.0,38793.7,38793.7,353,0,1,0,12,285,9.0,9.0,3.2628323198917,0.16373171703249373,0.3915016118801802,0.8852458245829596,0.8899141169715425,0.0,5.630866144102916,2018.0,2026.0,5.0,3.0,25.471660750221872,-21.433867550654412,-46.905528300876284,48.869856906844326,43.26109114778237,-5.608765759061953,7.75,25.280808939886413,3.033400579386475
3030012270,0,3030012270,3030012270,0.0,0.0,750866.1,750866.1,354,0,1,0,13,286,82.0,82.0,3.0078786940079567,0.10233796205039844,-2.6324921376096952,0.14120905543835896,0.9181995518481296,0.0,3.231419301835833,2018.0,2026.0,5.0,3.0,25.021314014339264,2.7731608239361782,-22.248153190403087,44.82138781496362,-9.161544109564884,-53.98293192452851,7.75,23.3053982314648,-20.396858999138775
3030017830,0,3030017830,3030017830,0.0,0.0,276120.8,276120.8,356,0,1,0,14,287,47.0,47.0,4.011363307148159,0.06859499508512772,-1.6430434120921245,0.12611415414540547,0.8388969655139547,0.0,5.09384086088347,2018.0,2026.0,5.0,3.0,2.778505501056118,31.027260154128125,28.24875465307201,9.702746693929662,-23.8716442897291,-33.57439098365876,7.75,31.080515151894016,-12.730493788420842
3030020970,0,3030020970,3030020970,0.0,0.0,36524.5,36524.5,332,0,1,0,15,288,7.0,7.0,-102.13398678693964,3.2988066971130146e-34,,,0.48994451379231674,0.0,60.192027306260314,2018.0,2026.0,5.0,3.0,346.0250686357112,-443.7011634913649,-789.7262321270762,,,,7.75,-791.3461536127014,
3030022480,0,3030022480,3030022480,0.0,0.0,38365.2,38365.2,352,0,1,0,16,289,9.0,9.0,2.2767828969873065,0.7390131548460915,,,0.44203051372932584,0.0,20.61276624157007,2018.0,2026.0,5.0,3.0,39.171720376436625,-85.90350825245362,-125.07522862889024,,,,7.75,17.640781926007058,
3030024180,0,3030024180,3030024180,0.0,0.0,3831.9,3831.9,355,0,1,0,17,290,,,,,,,,,,,,,,,,,,,,,,
3030024310,0,3030024310,3030024310,0.0,0.0,302583.2,302583.2,361,2,0,1,18,291,38.0,38.0,-2.784176378442994,0.13413989670066745,-4.048755698037871,0.19948999454704427,1.0,0.0,6.007971286113392,2018.0,2026.0,5.0,3.0,12.04744414219766,-23.596743854031754,-35.64418799622941,25.427163672952798,-8.718657117041756,-34.14582078999455,7.75,-21.572126354534355,-31.37023579862334
