mascon_id,lat_center,lon_center,lon_center_0_360,lat_span_deg,lon_span_deg,area_km2,gsfc_location_code,gsfc_basin_code,country_of_center,frac_area_land,frac_area_arabian_peninsula,on_arabian_peninsula,leakage_2sigma_cm,leakage_trend_uncert_cm_per_yr,mean_noise_2sigma_cm,series_std_cm,signal_variance_cm2,noise_variance_cm2,variance_snr,n_months_observed
9039,32.0,34.81967209999999,34.8196721,1.0,1.1803279,12380.52,80,6002,Israel,0.5985734489794278,0.0,False,1.5305640661484585,-0.13665907070789413,1.8597392261528227,6.114294483121945,37.384597026335456,0.8949447119357774,40.7730799766078,254
9041,31.0,34.480519500000014,34.4805195,1.0,1.1688312,12393.06,80,6002,Israel,0.9147349276513963,0.0,False,1.5556734181556653,0.0988160540089559,1.9211416205268699,7.206034919545602,51.926939261710594,0.9550164781256314,53.372820208951055,254
9043,30.0,34.147909999999996,34.14791,1.0,1.1575563,12401.62,80,6002,Egypt,1.0,0.0,False,1.4515237352573975,0.14825676940839486,1.816684923332101,6.9426284164719405,48.200089329203685,0.8539871332147148,55.44123600289059,254
9121,32.0,39.540983600000004,39.5409836,1.0,1.1803279,12380.52,80,6004,Saudi Arabia,1.0,0.5509412899050062,True,1.450497446783504,-0.26918712444055604,1.6059977013275877,6.210098232016359,38.56532005129271,0.6673934530460264,56.784984067910955,254
9122,32.0,40.72131150000001,40.7213115,1.0,1.1803279,12380.52,80,6004,Iraq,1.0,0.25989262330209845,False,1.3652888030924473,-0.4646274152403588,1.5166496118988717,4.8411954414496225,23.437173302312605,0.5951995853409329,38.37699870689206,254
9123,32.0,41.9016393,41.9016393,1.0,1.1803279,12380.52,80,6004,Iraq,1.0,0.0,False,1.2484756318518049,-0.5776309728526565,1.4633898752905359,4.1106944614429635,16.897808955337855,0.5541306791280293,29.494267131947943,254
9124,32.0,43.08196720000001,43.0819672,1.0,1.1803279,12380.52,80,6004,Iraq,1.0,0.0,False,1.2017214015962012,-0.5690547231342826,1.5590796185243825,4.147279094210787,17.199923885277844,0.628968204561885,26.346253372630574,254
9125,32.0,44.26229510000002,44.2622951,1.0,1.1803279,12380.52,80,6004,Iraq,1.0,0.0,False,1.3006503275346504,-0.4651516032455416,1.6362621841031262,4.633580606219431,21.470069234332836,0.6927840658411211,29.990997473744805,254
9126,32.0,45.442623,45.442623,1.0,1.1803279,12380.52,80,6004,Iraq,1.0,0.0,False,1.4220457215164148,-0.3040128925986424,1.719798576446825,5.473114077020786,29.954977700083088,0.7653274203279724,38.140081623164924,254
9127,32.0,46.62295080000001,46.6229508,1.0,1.1803279,12380.52,80,6004,Iraq,1.0,0.0,False,1.6320599539583414,-0.15118405370511956,1.8747863176302548,6.4484023060389495,41.581892300528445,0.9094852373197234,44.720249866915225,254
9128,32.0,47.80327869999999,47.8032787,1.0,1.1803279,12380.52,80,6004,Iran,1.0,0.0,False,2.0993641890548305,-0.08371270082562285,2.080162405328824,7.2694015949718604,52.84419954897943,1.1196610991868925,46.19660224630055,254
9129,32.0,48.9836066,48.9836066,1.0,1.1803279,12380.52,80,6004,Iran,1.0,0.0,False,2.6030841128739723,-0.12769857865493453,2.18976257374879,7.884678606272081,62.168156724204636,1.2407553625276835,49.10508807921235,254
9130,32.0,50.16393440000002,50.1639344,1.0,1.1803279,12380.52,80,6004,Iran,1.0,0.0,False,2.5764430838252763,-0.25854267247258594,2.0746971575248683,8.021886508882508,64.3506631613912,1.1137854168143444,56.776535937638094,254
9131,32.0,51.3442623,51.3442623,1.0,1.1803279,12380.52,80,6004,Iran,1.0,0.0,False,2.061217747721215,-0.4103771630590142,1.9771964957768235,7.437516483415579,55.31665144107845,1.0115602789481437,53.68448355702407,254
9132,31.0,43.8311688,43.8311688,1.0,1.1688312,12393.06,80,6004,Iraq,1.0,0.0,False,1.17505537968115,-0.8348776715624862,1.5304623503287256,3.1713510712493482,10.057467617114389,0.6060903983933914,15.594005850900231,254
9133,31.0,45.0,45.0,1.0,1.1688312,12393.06,80,6004,Iraq,1.0,0.0,False,1.2675489476096167,-0.8011725041548512,1.565649713223625,3.4424714634021285,11.850609776337993,0.6342804255930033,17.68354957550296,254
9134,31.0,46.1688312,46.1688312,1.0,1.1688312,12393.06,80,6004,Iraq,1.0,0.0,False,1.3365589137293508,-0.6614316592022078,1.5661589834735665,3.9713173221582476,15.771361273274156,0.6346931267019438,23.848797961980285,254
9135,31.0,47.337662300000005,47.3376623,1.0,1.1688312,12393.06,80,6004,Iraq,1.0,0.0,False,1.614619902565573,-0.48338946354936113,1.610257455815936,4.901364250147025,24.02337151261931,0.6709385422537975,34.80562152819645,254
9136,31.0,48.506493500000005,48.5064935,1.0,1.1688312,12393.06,80,6004,Iran,0.9984857932090722,0.0,False,2.231559240844613,-0.30360986474278273,1.8870410160995346,6.149224251672076,37.81295889735201,0.9214139503499851,40.0379709174029,254
9137,30.0,44.56591639999999,44.5659164,1.0,1.1575563,12401.62,80,6004,Iraq,1.0,0.02423117963693995,False,1.1913646422063249,-0.879412787525878,1.5447036540829258,2.810865372519779,7.900964142430756,0.6174224989061641,11.796689716406894,254
9138,30.0,45.7234727,45.7234727,1.0,1.1575563,12401.62,80,6004,Iraq,1.0,0.0,False,1.1604017057660603,-0.9259770673097056,1.4988015019319025,3.2258974614630223,10.406414431873571,0.5812732570559992,16.902792370974378,254
9139,30.0,46.88102889999999,46.8810289,1.0,1.1575563,12401.62,80,6004,Iraq,1.0,0.21160636602013125,False,1.2450133541078023,-0.8286803727398864,1.4853026706856292,3.62917364743375,13.170901363227589,0.5708500287280793,22.07243706823296,254
9140,30.0,48.0385852,48.0385852,1.0,1.1575563,12401.62,80,6004,Kuwait,0.8096925121411043,0.33420807042248224,False,1.6059667866092417,-0.6011633629454117,1.6170854194642434,4.229180471605721,17.88596746141119,0.6766405579865886,25.43348414501293,254
9141,29.0,44.14012739999998,44.1401274,1.0,1.1464968,12406.28,80,6004,Saudi Arabia,1.0,0.9393654668947661,True,1.3786182786523093,-0.3633343661404854,1.5138467866600798,4.963558989275762,24.636917840020217,0.5930017158772497,40.5461156019994,254
9142,29.0,45.286624200000006,45.2866242,1.0,1.1464968,12406.28,80,6004,Saudi Arabia,1.0,0.6479991179305242,True,1.3657540160925699,-0.6195954820752947,1.4845103329712137,3.0933299566114614,9.568690220469865,0.5702411489701911,15.780076705706241,254
9143,29.0,46.433121,46.433121,1.0,1.1464968,12406.28,80,6004,Saudi Arabia,1.0,0.6879320591239189,True,1.3463496013839422,-0.7557827047611058,1.4550577032374536,2.6495843609972165,7.0202972860410275,0.5478384833142733,11.814538408419475,254
9144,28.0,44.858044199999995,44.8580442,1.0,1.1356467,12407.1,80,6004,Saudi Arabia,1.0,1.0,True,1.6047757475172117,0.10044179291318299,1.5569044613261949,8.253572746686041,68.12146308483857,0.6272144129754869,107.60953076902734,254
9152,32.0,37.18032790000001,37.1803279,1.0,1.1803279,12380.52,80,6005,Jordan,1.0,0.0652039512481855,False,1.5259002339486378,0.03298187628222912,1.751839148993154,8.19697626882536,67.19041995168611,0.7941098048245699,83.61099402560508,254
9153,32.0,38.360655699999995,38.3606557,1.0,1.1803279,12380.52,80,6005,Jordan,1.0,0.3455307005826029,False,1.4676250774238522,-0.07453122010450113,1.6508239697180729,7.573825801853762,57.362837276825786,0.7051696878898096,80.34614726347874,254
9154,31.0,36.81818179999999,36.8181818,1.0,1.1688312,12393.06,80,6005,Jordan,1.0,0.081322266905655,False,1.3827262486323642,0.48532139041972366,1.7574515123302428,11.351934967667011,128.86642751014102,0.7992061310821148,160.24304168645145,254
9155,31.0,37.98701299999999,37.987013,1.0,1.1688312,12393.06,80,6005,Saudi Arabia,1.0,0.8554131293517118,True,1.3514928088451477,0.4488660476985388,1.6367150084546618,11.357935439824933,129.0026974552312,0.6931675653889241,185.10607866923212,254
9156,31.0,39.15584419999999,39.1558442,1.0,1.1688312,12393.06,80,6005,Saudi Arabia,1.0,1.0,True,1.3457972411397896,0.22362737210739095,1.5275614114455496,9.815547957664148,96.34498170920483,0.6037949288320834,158.56573516701158,254
9157,30.0,36.463022499999994,36.4630225,1.0,1.1575563,12401.62,80,6005,Jordan,1.0,0.14419304529642143,False,1.513659577750327,0.653725198247269,1.8481847575409907,12.527066599909961,156.92739759857972,0.8838587622658525,176.54804760466712,254
9158,30.0,37.620578800000004,37.6205788,1.0,1.1575563,12401.62,80,6005,Saudi Arabia,1.0,0.7218312763440606,True,1.3348564881414078,0.7462067658282524,1.6584703378427315,13.562153639797565,183.93201134947435,0.7117172963074303,257.4340893550856,254
9159,30.0,38.77813499999999,38.778135,1.0,1.1575563,12401.62,80,6005,Saudi Arabia,1.0,1.0,True,1.3700115138210887,0.6425106834718392,1.5839427024213018,12.999742099393941,168.99329465075522,0.6491888290490073,259.31454499658054,254
9160,29.0,37.261146499999995,37.2611465,1.0,1.1464968,12406.28,80,6005,Saudi Arabia,1.0,1.0,True,1.3837977967957849,0.6054096664347705,1.6876101331844595,12.59007414013128,158.50996685400239,0.736947164511612,214.09000168153136,254
9161,29.0,38.40764329999999,38.4076433,1.0,1.1464968,12406.28,80,6005,Saudi Arabia,1.0,1.0,True,1.344747957554592,0.6663206856953455,1.610440857800976,13.344987735040249,178.08869764837465,0.6710913854747165,264.37175339003693,254
9162,32.0,36.0,36.0,1.0,1.1803279,12380.52,80,6006,Jordan,1.0,0.0,False,1.522449264233978,0.004015859840300811,1.8232218888809322,7.678532971556294,58.95986859527712,0.8601439830965288,67.54651053073798,254
9163,31.0,35.64935059999999,35.6493506,1.0,1.1688312,12393.06,80,6006,Jordan,1.0,0.0,False,1.435871185467756,0.348209011577088,1.839442538819379,9.836293533936939,96.75267048576961,0.8755169426904631,109.50919264731611,254
9164,30.0,35.30546620000001,35.3054662,1.0,1.1575563,12401.62,80,6006,Jordan,0.997392618438563,0.0,False,1.4546698662753412,0.42531609057269615,1.843184975681322,10.092168872150355,101.85187254400057,0.8790831318799414,114.861479819534,254
9166,29.0,34.96815290000001,34.9681529,1.0,1.1464968,12406.28,80,6006,Saudi Arabia,0.8315984750308565,0.49009911441553067,False,1.4686350847568648,0.2495308835830941,1.7642994648450905,8.415505247613192,70.82072857260516,0.8054465175628838,86.92728881229034,254
9167,29.0,36.1146497,36.1146497,1.0,1.1464968,12406.28,80,6006,Saudi Arabia,1.0,0.8179233516955893,True,1.4856543272187694,0.4467786365649754,1.765921886237042,10.858855847725637,117.91475032168526,0.8069285499845106,145.12787008707116,254
9168,28.0,35.7728707,35.7728707,1.0,1.1356467,12407.1,80,6006,Saudi Arabia,0.9159738422376812,0.9159738422376812,True,1.330648761776196,0.04026362050858819,1.5503703562101914,7.404168565673353,54.82171214890539,0.6219608023028294,87.14335557148664,254
9169,28.0,36.908517399999994,36.9085174,1.0,1.1356467,12407.1,80,6006,Saudi Arabia,1.0,1.0,True,1.3029247203850696,0.1293924695928581,1.5813013199047152,8.876563448103617,78.79337864820917,0.6470254600622339,120.77786425997897,254
9170,27.0,36.5625,36.5625,1.0,1.125,12404.16,80,6006,Saudi Arabia,0.9424047402999746,0.9424047402999746,True,1.2244144340786307,-0.3919362521219049,1.4451995482361732,4.544503823786267,20.65251500440801,0.5404403139882592,37.21423840867777,254
9171,27.0,37.6875,37.6875,1.0,1.125,12404.16,80,6006,Saudi Arabia,1.0,1.0,True,1.340315147413446,-0.32665865242061226,1.509030226937166,5.614933950214644,31.52748326527302,0.5892342482328347,52.50585672816323,254
9172,26.0,37.3374613,37.3374613,1.0,1.1145511,12397.52,80,6006,Saudi Arabia,0.9689842980811154,0.9689842980811154,True,1.3584493688325443,-0.7839220849030158,1.5067988011584452,2.214921033658345,4.905875185342151,0.5874929174941509,7.350526515736242,254
9173,26.0,38.4520124,38.4520124,1.0,1.1145511,12397.52,80,6006,Saudi Arabia,1.0,1.0,True,1.3698713499395414,-0.6320261597706407,1.5784290403090997,3.2598847968175613,10.626848888522273,0.6446770775399234,15.483987501268302,254
9174,26.0,39.5665635,39.5665635,1.0,1.1145511,12397.52,80,6006,Saudi Arabia,1.0,1.0,True,1.2059444005103481,-0.26116197025380555,1.5628098268037864,6.037083847424898,36.44638138083861,0.6319815068716792,56.67001246800544,254
9175,25.0,38.09815950000001,38.0981595,1.0,1.1042945,12387.25,80,6006,Saudi Arabia,1.0,1.0,True,1.334728059214479,-0.8975803679202263,1.6195208800627758,1.9739819928636166,3.8966049081498157,0.6786802429124075,4.741444441388761,254
9176,25.0,39.20245399999999,39.202454,1.0,1.1042945,12387.25,80,6006,Saudi Arabia,1.0,1.0,True,1.2831636163122517,-0.6646649817150889,1.6457000299003746,2.49814704168942,6.240738641901599,0.7007989741285386,7.905176623099536,254
9177,25.0,40.3067485,40.3067485,1.0,1.1042945,12387.25,80,6006,Saudi Arabia,1.0,1.0,True,1.2024344023962452,-0.2578120731547767,1.630116014827946,5.363006911170474,28.76184312926226,0.6875893345352824,40.82997275357883,254
9178,24.0,38.84498479999999,38.8449848,1.0,1.0942249,12373.42,80,6006,Saudi Arabia,0.9347769803720152,0.9347769803720152,True,1.3438077063913905,-0.7918794725108527,1.7171306327607196,1.8728973947639638,3.5077446513136428,0.7629547393483079,3.5975789524682007,254
9179,24.0,39.93920969999999,39.9392097,1.0,1.0942249,12373.42,80,6006,Saudi Arabia,1.0,1.0,True,1.2811491598525984,-0.5780429075782497,1.6826508227393258,2.281352304244744,5.2045683360828034,0.7326222559710145,6.104027066697135,254
9180,24.0,41.03343469999999,41.0334347,1.0,1.0942249,12373.42,80,6006,Saudi Arabia,1.0,1.0,True,1.1187283259533352,-0.2887388935859324,1.5731887428769429,4.293025268554493,18.430065956447383,0.6404035984495575,27.77882947732852,254
9181,23.0,39.6978852,39.6978852,1.0,1.0876133,12393.41,80,6006,Saudi Arabia,1.0,1.0,True,1.3011701334572479,-0.6303590123541654,1.6478134501602015,1.6025101875573287,2.568038901225025,0.7026000724232735,2.6550507209141574,254
9182,22.0,39.45945950000001,39.4594595,1.0,1.0810811,12409.39,80,6006,Saudi Arabia,0.8807434170275278,0.8807434170275278,True,1.2448673077870722,-0.5315513465334387,1.541943194850573,1.6431299296646977,2.6998759657599143,0.6152177436602241,3.388488455643466,254
9183,21.0,40.17857140000001,40.1785714,1.0,1.0714286,12384.43,80,6006,Saudi Arabia,1.0,1.0,True,1.1369976712007195,-0.41876606771850267,1.4192954914092297,1.6373634999873787,2.6809592310909185,0.5212400163080751,4.143425575956465,254
9184,20.0,41.0059172,41.0059172,1.0,1.0650888,12392.71,80,6006,Saudi Arabia,0.8928382694622269,0.8928382694622269,True,1.2036781174986004,-0.2517705013738105,1.4976967987847865,2.197400230184159,4.828567771613395,0.5804167090067279,7.319139846743152,254
9185,19.0,41.823529399999984,41.8235294,1.0,1.0588235,12397.11,80,6006,Saudi Arabia,0.9939386578089459,0.9939386578089459,True,1.2705312253334853,-0.05772427352277708,1.6623015720570191,2.9523299042034914,8.716251863254197,0.715009372306494,11.19040225324195,254
9186,18.0,42.631578899999994,42.6315789,1.0,1.0526316,12397.67,80,6006,Saudi Arabia,0.9926604089178253,0.9926604089178253,True,1.2145237488209233,0.03917754319197283,1.7592132176708306,3.0369750441201444,9.223217418608552,0.800809215305249,10.51737173140907,254
9187,17.0,43.43023260000001,43.4302326,1.0,1.0465116,12394.45,80,6006,Yemen,1.0,1.0,True,0.9487476626934357,0.03727068406821904,1.6018916321140289,2.5942810141827124,6.730293980548882,0.6639851535796365,9.136211546696382,254
9188,16.0,43.179190800000015,43.1791908,1.0,1.0404624,12387.47,80,6006,Yemen,0.8765676775022032,0.8765676775022032,True,0.9132258193802293,0.020027657826636534,1.5448616737560044,2.4885666169358296,6.19296380692744,0.6175488272041578,9.028298223745285,254
9189,16.0,44.21965320000001,44.2196532,1.0,1.0404624,12387.47,80,6006,Yemen,1.0,1.0,True,0.9263303882191013,0.07001894578684632,1.5825243982835637,2.4484002902590913,5.994663981340803,0.6480267479076596,8.250642817902653,254
9190,16.0,45.260115600000006,45.2601156,1.0,1.0404624,12387.47,80,6006,Yemen,1.0,1.0,True,0.8176671447444056,0.07877408814360844,1.5157596576876764,2.18801178954646,4.7873955911943025,0.5945012764342659,7.0527927877773795,254
9191,16.0,46.300578,46.300578,1.0,1.0404624,12387.47,80,6006,Yemen,1.0,1.0,True,0.7945992020003569,0.05866712421251863,1.4747498642325438,1.8665260168269437,3.4839193714918566,0.5627672722330944,5.190692926522637,254
9192,16.0,47.34104049999999,47.3410405,1.0,1.0404624,12387.47,80,6006,Yemen,1.0,1.0,True,0.7951612494258714,0.05202932273250018,1.4334702874008414,1.7104013771263737,2.925472870875796,0.5317034695185023,4.502075947567228,254
9193,16.0,48.38150289999999,48.3815029,1.0,1.0404624,12387.47,80,6006,Yemen,1.0,1.0,True,0.9435445504711802,0.07658388386389205,1.4433597352984386,1.7799606985813774,3.1682600884943053,0.5390651735382019,4.877322899008946,254
9194,16.0,49.42196530000001,49.4219653,1.0,1.0404624,12387.47,80,6006,Yemen,1.0,1.0,True,0.999062770151085,0.11427898866800117,1.4338626261706109,1.890566717450931,3.5742425131331883,0.5319945623088961,5.718569636540474,254
9195,16.0,50.462427700000006,50.4624277,1.0,1.0404624,12387.47,80,6006,Yemen,1.0,1.0,True,1.1231092847257644,0.116964280230961,1.5377806775612228,1.996155775624427,3.9846378805587577,0.6119006332046462,5.5119035090557285,254
9196,15.0,43.965517199999994,43.9655172,1.0,1.0344828,12376.79,80,6006,Yemen,1.0,1.0,True,1.0073928117483224,0.13850643485373654,1.6456019284555057,2.590498718949164,6.710683612877259,0.7007154262868013,8.576902921116211,254
9197,15.0,45.0,45.0,1.0,1.0344828,12376.79,80,6006,Yemen,1.0,1.0,True,0.9466275702757121,0.17726777271623267,1.5861035028416646,2.545646441828659,6.480315806794914,0.6509612723501091,8.954994378389962,254
9198,15.0,46.034482800000006,46.0344828,1.0,1.0344828,12376.79,80,6006,Yemen,1.0,1.0,True,0.9284997639461791,0.15786186874131947,1.5467358307062375,2.313391226790947,5.351778968193324,0.6190481012027808,7.6451746767255635,254
9199,15.0,47.06896549999999,47.0689655,1.0,1.0344828,12376.79,80,6006,Yemen,1.0,1.0,True,0.9365686441328358,0.12625503465350643,1.554319873099623,2.0978176474908534,4.4008388821240585,0.6251336874640592,6.03983639079933,254
9200,15.0,48.1034483,48.1034483,1.0,1.0344828,12376.79,80,6006,Yemen,1.0,1.0,True,1.032956966731148,0.114735151613679,1.587818850212367,2.103105675630155,4.423053482867772,0.6523700436080602,5.779976374152941,254
9201,15.0,49.13793100000001,49.137931,1.0,1.0344828,12376.79,80,6006,Yemen,0.924391737257424,0.924391737257424,True,1.108034419571233,0.12509450737989564,1.594077502037598,2.1915478241397555,4.802881865491696,0.6575230291520333,6.3045074507666685,254
9202,15.0,50.172413800000015,50.1724138,1.0,1.0344828,12376.79,80,6006,Yemen,0.6045121469977995,0.6045121469977995,True,1.2206165508204185,0.12421363256871701,1.6812013299241038,2.2614993769402156,5.114379431900984,0.7313605880238747,5.992965598159945,254
9203,15.0,51.20689659999999,51.2068966,1.0,1.0344828,12376.79,80,6006,(offshore/unassigned),0.29545060421612246,0.29545060421612246,False,1.60570457858815,0.07683924800766559,1.9936637878891221,2.396133382416433,5.741455186330415,1.0284802220923248,4.582465333801057,254
9204,14.0,43.839541499999996,43.8395415,1.0,1.0315186,12397.86,80,6006,Yemen,1.0,1.0,True,1.0356037722286702,0.20791092359223495,1.6746364374105225,2.6469032157225123,7.006096633402176,0.7256599865526752,8.654792551929702,254
9205,14.0,44.87106019999999,44.8710602,1.0,1.0315186,12397.86,80,6006,Yemen,1.0,1.0,True,1.0221603499038334,0.2701907799652248,1.6280970807802642,2.810360866582015,7.898128200415612,0.68588720063889,10.515199865311185,254
9206,14.0,45.902578800000015,45.9025788,1.0,1.0315186,12397.86,80,6006,Yemen,1.0,1.0,True,1.023361696163454,0.26094984656985043,1.6050225072085016,2.8128416079067353,7.912077911171348,0.6665831896577625,10.869603125205678,254
9207,14.0,46.934097399999985,46.9340974,1.0,1.0315186,12397.86,80,6006,Yemen,0.9489477478701849,0.9489477478701849,True,0.9712711705934913,0.2134168670366646,1.5734496509765432,2.6274013724085115,6.903237971734129,0.6406160336604919,9.775936924789251,254
9208,14.0,47.96561600000001,47.965616,1.0,1.0315186,12397.86,80,6006,(offshore/unassigned),0.5507096361996883,0.5507096361996883,True,1.1028183103100695,0.16829374900051192,1.647667828721762,2.551392110604064,6.50960170205266,0.7024758968227808,8.266654886658538,254
9209,14.0,48.997134700000004,48.9971347,1.0,1.0315186,12397.86,80,6006,(offshore/unassigned),0.19371038536151375,0.19371038536151375,False,1.2538123305876088,0.1403297025673822,1.7302737807636677,2.577057753093552,6.6412266627795855,0.7746789532985958,7.572876072728106,254
9210,13.0,43.58974359999999,43.5897436,1.0,1.025641,12379.64,80,6006,Yemen,0.637621380611643,0.6098747622073079,True,1.1441911064016823,0.19047799865149107,1.7116583225685684,2.8487008405468854,8.115096478932532,0.7580995791407523,9.704525767090349,254
9211,13.0,44.6153846,44.6153846,1.0,1.025641,12379.64,80,6006,Yemen,0.7512917662400334,0.7512917662400334,True,1.0686524439720535,0.2862386099610697,1.639391102385439,2.7538097430216637,7.583468100761041,0.6954361313754525,9.904621946751965,254
9212,13.0,45.641025600000006,45.6410256,1.0,1.025641,12379.64,80,6006,(offshore/unassigned),0.25293013251640367,0.25293013251640367,False,1.0305750697758869,0.31390592403545536,1.6187573414548735,2.9358077701394625,8.618967263211243,0.6780404531827081,11.711582653739883,254
9213,31.0,40.324675299999996,40.3246753,1.0,1.1688312,12393.06,80,6009,Saudi Arabia,1.0,1.0,True,1.3636927842264157,-0.11797263416479908,1.45034223261569,7.293911386370415,53.20114331222399,0.544293427563607,96.7434975659463,254
9214,31.0,41.493506499999995,41.4935065,1.0,1.1688312,12393.06,80,6009,Saudi Arabia,1.0,0.850877312726237,True,1.308679786098564,-0.46614369385665755,1.407052875146154,4.802143800694812,23.060585082551615,0.5122865329458007,44.01501327771854,254
9215,31.0,42.662337699999995,42.6623377,1.0,1.1688312,12393.06,80,6009,Iraq,1.0,0.19154654785390318,False,1.2110466375712896,-0.7171337858642801,1.4647670365614787,3.3710981940136784,11.364303033682285,0.555174128182411,19.46979939589038,254
9216,30.0,39.9356913,39.9356913,1.0,1.1575563,12401.62,80,6009,Saudi Arabia,1.0,1.0,True,1.4212479446896655,0.3682149152953963,1.4764719532940513,10.983633958556583,120.64021493555737,0.5640823443340067,212.86986518429904,254
9217,30.0,41.093247599999984,41.0932476,1.0,1.1575563,12401.62,80,6009,Saudi Arabia,1.0,1.0,True,1.4211280369029233,-0.0021289541125845382,1.4203948399019006,8.1413195041145,66.28108326807516,0.5220478063059276,125.96362759780179,254
9218,30.0,42.250803899999994,42.2508039,1.0,1.1575563,12401.62,80,6009,Saudi Arabia,1.0,1.0,True,1.323590910560058,-0.3790902110181895,1.3997103966522708,5.313592922237025,28.234269743247413,0.506953913753433,54.69395753196553,254
9219,30.0,43.40836010000001,43.4083601,1.0,1.1575563,12401.62,80,6009,Saudi Arabia,1.0,0.6069670875516905,True,1.2044262542331972,-0.691795193035539,1.4752569275694734,3.295353670222443,10.859355811848525,0.5631543313749008,18.283090277111405,254
9220,29.0,39.554140099999984,39.5541401,1.0,1.1464968,12406.28,80,6009,Saudi Arabia,1.0,1.0,True,1.3577648515939214,0.6185701992047732,1.4884054473789763,13.076594390327982,170.99732084915723,0.5732375154359614,297.3009943428241,254
9221,29.0,40.700636900000006,40.7006369,1.0,1.1464968,12406.28,80,6009,Saudi Arabia,1.0,1.0,True,1.3962916306326751,0.4665269044821388,1.4255127609221638,11.871863481645523,140.94114252682854,0.5258166357006946,267.04238009513085,254
9222,29.0,41.847133799999995,41.8471338,1.0,1.1464968,12406.28,80,6009,Saudi Arabia,1.0,1.0,True,1.4642933141190293,0.23542140855764349,1.4105857531330974,9.94182285661933,98.83984171239852,0.5148622967420513,190.97335353129927,254
9223,29.0,42.99363060000002,42.9936306,1.0,1.1464968,12406.28,80,6009,Saudi Arabia,1.0,1.0,True,1.465144435272343,-0.05818656141682546,1.4928891672005964,7.474288388734128,55.86498691796581,0.5766963952000324,95.8707059432694,254
9224,29.0,47.579617799999994,47.5796178,1.0,1.1464968,12406.28,80,6009,Kuwait,0.9431816089300447,0.9431816089300447,True,1.4166410160602336,-0.7156068429067804,1.4901551049952844,3.0232805244435323,9.140225129479559,0.5745860174779686,14.907496617475594,254
9225,28.0,38.044163999999995,38.044164,1.0,1.1356467,12407.1,80,6009,Saudi Arabia,1.0,1.0,True,1.292531929323681,0.26544677814852224,1.5514754724594546,10.316533894653995,106.43087159954473,0.6228477954739883,169.87781697702027,254
9226,28.0,39.17981069999999,39.1798107,1.0,1.1356467,12407.1,80,6009,Saudi Arabia,1.0,1.0,True,1.2364830518932708,0.42226597467966964,1.487075865371192,11.713848646271494,137.2142501077565,0.57221383486668,238.79540819687804,254
9227,28.0,40.315457400000014,40.3154574,1.0,1.1356467,12407.1,80,6009,Saudi Arabia,1.0,1.0,True,1.2430786650613295,0.5752216770249766,1.4430592830064264,12.902555275448783,166.4759326360112,0.5388407713941156,307.9519974616925,254
9228,28.0,41.45110410000001,41.4511041,1.0,1.1356467,12407.1,80,6009,Saudi Arabia,1.0,1.0,True,1.3634896470659217,0.661876583364153,1.457063455337109,13.453206439870478,180.98876351377248,0.5493498811593087,328.4599120178687,254
9229,28.0,42.586750800000004,42.5867508,1.0,1.1356467,12407.1,80,6009,Saudi Arabia,1.0,1.0,True,1.4826163122714884,0.6236143671186166,1.5140938586271866,12.874569394220767,165.7545370866061,0.5931952969686395,278.42658671376665,254
9230,28.0,43.7223975,43.7223975,1.0,1.1356467,12407.1,80,6009,Saudi Arabia,1.0,1.0,True,1.5365562361399048,0.4249218355499062,1.5675527716439077,11.018645957533264,121.41055873746414,0.6358233074998506,189.95015439881885,254
9231,28.0,45.99369089999999,45.9936909,1.0,1.1356467,12407.1,80,6009,Saudi Arabia,1.0,1.0,True,1.5975080665364207,-0.23754607601566058,1.490175483783158,5.414766060719373,29.319691492318395,0.5746017332200312,50.02611042958873,254
9232,28.0,47.12933749999999,47.1293375,1.0,1.1356467,12407.1,80,6009,Saudi Arabia,1.0,1.0,True,1.6190796877963254,-0.4676030655464559,1.4685303481509164,3.6317298571165377,13.189461755071706,0.5580305239197793,22.635735304271247,254
9233,28.0,48.264984200000015,48.2649842,1.0,1.1356467,12407.1,80,6009,Saudi Arabia,0.8794147677994506,0.8794147677994506,True,1.72813716247618,-0.49833728135928657,1.5948602214296486,3.36299202414866,11.309715354487503,0.6581688978471837,16.18360650507894,254
9234,27.0,38.8125,38.8125,1.0,1.125,12404.16,80,6009,Saudi Arabia,1.0,1.0,True,1.3086769252014425,-0.09947311105617486,1.5015397649532738,7.597558709584395,57.7228983455817,0.5833991330132268,97.94237937489875,254
9235,27.0,39.9375,39.9375,1.0,1.125,12404.16,80,6009,Saudi Arabia,1.0,1.0,True,1.228906231698319,0.2565019961695333,1.529758734968591,10.395795126708268,108.07255631649137,0.6055332380233039,177.47501925622157,254
9236,27.0,41.0625,41.0625,1.0,1.125,12404.16,80,6009,Saudi Arabia,1.0,1.0,True,1.236765367768775,0.6267263491181474,1.5805918712929463,13.2775342900484,176.29291682341108,0.6464450161749536,271.71138675729105,254
9237,27.0,42.1875,42.1875,1.0,1.125,12404.16,80,6009,Saudi Arabia,1.0,1.0,True,1.2657157770323915,0.9183629646404263,1.5612728140379266,15.22424114846961,231.77751854675523,0.63073901919026,366.46976403062905,254
9238,27.0,43.3125,43.3125,1.0,1.125,12404.16,80,6009,Saudi Arabia,1.0,1.0,True,1.3525298076931351,0.974392608224469,1.6032845978678811,15.388981190927165,236.82074209471006,0.6651404261341384,355.0462314268515,254
9239,27.0,44.4375,44.4375,1.0,1.125,12404.16,80,6009,Saudi Arabia,1.0,1.0,True,1.4649417246393677,0.7763981406430842,1.5857004815602553,13.573595186588497,184.2424862893784,0.6506305021140375,282.1752979467381,254
9240,27.0,45.5625,45.5625,1.0,1.125,12404.16,80,6009,Saudi Arabia,1.0,1.0,True,1.5588304477935253,0.3990646917519032,1.5384579575329087,10.364840019049339,107.4299086204867,0.6124397468925841,174.41302498011913,254
9241,27.0,46.6875,46.6875,1.0,1.125,12404.16,80,6009,Saudi Arabia,1.0,1.0,True,1.5509208130845389,0.0035465760754567442,1.472785842273141,6.938460168255006,48.1422295064613,0.5612693215427559,84.77384805948986,254
9242,27.0,47.8125,47.8125,1.0,1.125,12404.16,80,6009,Saudi Arabia,1.0,1.0,True,1.5918483968929709,-0.26765787984226264,1.4809616679887596,4.554538473431537,20.743820705968073,0.5675181283361658,35.551820409304355,254
9243,27.0,48.9375,48.9375,1.0,1.125,12404.16,80,6009,Saudi Arabia,0.9355027605008073,0.9355027605008073,True,1.6402915427878912,-0.33790679010836516,1.5548955584317652,3.8073698800606044,14.496065403592702,0.6255968443039585,22.171576927823352,254
9244,26.0,40.6811146,40.6811146,1.0,1.1145511,12397.52,80,6009,Saudi Arabia,1.0,1.0,True,1.1972671559009864,0.2246584357255522,1.6462655090489746,9.813183410490602,96.29856864792798,0.7012806600787989,136.31815823511727,254
9245,26.0,41.79566560000001,41.7956656,1.0,1.1145511,12397.52,80,6009,Saudi Arabia,1.0,1.0,True,1.1245902308305757,0.7095095960258999,1.588469909910924,13.3259035883391,177.5797064457089,0.6529051410735282,270.9839303971883,254
9246,26.0,42.91021670000001,42.9102167,1.0,1.1145511,12397.52,80,6009,Saudi Arabia,1.0,1.0,True,1.1251999088343072,0.9932341882612045,1.6152927415020184,15.379134516703871,236.51777848287244,0.6751411612997764,349.3234464738164,254
9247,26.0,44.024767800000006,44.0247678,1.0,1.1145511,12397.52,80,6009,Saudi Arabia,1.0,1.0,True,1.1573789458235118,1.009406816466328,1.5376694655771663,15.279928827919916,233.4762249862981,0.6118121313477154,380.6142456541205,254
9248,26.0,45.139318900000006,45.1393189,1.0,1.1145511,12397.52,80,6009,Saudi Arabia,1.0,1.0,True,1.207296859834148,0.7663483543047572,1.4694235366733883,13.128585850943677,172.35976644559852,0.5587095402384842,307.49619351770343,254
9249,26.0,46.253870000000006,46.25387,1.0,1.1145511,12397.52,80,6009,Saudi Arabia,1.0,1.0,True,1.2081193256536886,0.3893963692490669,1.426298863025372,9.824199210162407,96.51489012095566,0.5263967210492287,182.3500974865107,254
9250,26.0,47.368421100000006,47.3684211,1.0,1.1145511,12397.52,80,6009,Saudi Arabia,1.0,1.0,True,1.2681450105237102,0.03243455020790719,1.3764610450202204,6.545180894105871,42.83939293656853,0.49025265395980894,86.38227644572939,254
9251,26.0,48.482972099999984,48.4829721,1.0,1.1145511,12397.52,80,6009,Saudi Arabia,1.0,1.0,True,1.3473796859950267,-0.20172486109613422,1.3640759933042303,4.29506243845194,18.44756135020073,0.4814700033978483,37.31507927806904,254
9252,26.0,49.59752320000001,49.5975232,1.0,1.1145511,12397.52,80,6009,Saudi Arabia,0.9693349102611308,0.9693349102611308,True,1.3869780503639426,-0.2798676289159202,1.4085046135289343,3.4589950857794705,11.964647003446526,0.513344189979743,22.307260970302718,254
9253,26.0,56.28482969999999,56.2848297,1.0,1.1145511,12397.52,80,6009,Oman,0.283336210117646,0.28333634305896394,False,1.243362260619652,-0.0548386679182466,1.7242813836321997,7.339418677951849,53.86706653026846,0.7693224074943201,69.01884516234652,254
9254,25.0,41.411042899999984,41.4110429,1.0,1.1042945,12387.25,80,6009,Saudi Arabia,1.0,1.0,True,1.0711307104843,0.2039781939507663,1.598527301344355,8.798955218677015,77.4216129402835,0.6611990476668096,116.09274720446614,254
9255,25.0,42.51533739999999,42.5153374,1.0,1.1042945,12387.25,80,6009,Saudi Arabia,1.0,1.0,True,0.9943626692669414,0.5662866026857027,1.5437856409504338,11.532330816090955,132.99465405176107,0.6166888519877141,214.65924797098597,254
9256,25.0,43.6196319,43.6196319,1.0,1.1042945,12387.25,80,6009,Saudi Arabia,1.0,1.0,True,0.9539902308386295,0.7283925732524664,1.4588655852581047,12.716110487720073,161.6994659359044,0.5507096188999164,292.620195446942,254
9257,25.0,44.72392640000001,44.7239264,1.0,1.1042945,12387.25,80,6009,Saudi Arabia,1.0,1.0,True,0.9394689711565907,0.673100467804162,1.3959948296894387,12.117211341418948,146.82681069261196,0.5042660418081608,290.16934022789036,254
9258,25.0,45.82822089999999,45.8282209,1.0,1.1042945,12387.25,80,6009,Saudi Arabia,1.0,1.0,True,0.9412264502485906,0.45963729061916764,1.3432743098534243,10.13287688693447,102.6751940057708,0.4668974706751627,218.90951002003953,254
9259,25.0,46.932515300000006,46.9325153,1.0,1.1042945,12387.25,80,6009,Saudi Arabia,1.0,1.0,True,0.9982460332038336,0.18845934705402445,1.3025887437063166,7.542581671390833,56.89053826960093,0.4390426845035198,128.57860426244008,254
9260,25.0,48.036809800000015,48.0368098,1.0,1.1042945,12387.25,80,6009,Saudi Arabia,1.0,1.0,True,1.0991087496359233,-0.04722562389535026,1.27120186859931,5.121912480268997,26.233987455535306,0.4181394546980325,61.739804055277894,254
9261,25.0,49.141104299999995,49.1411043,1.0,1.1042945,12387.25,80,6009,Saudi Arabia,1.0,1.0,True,1.1827135426624984,-0.20256452729204194,1.3152997161695674,3.4279671670185183,11.750958898156966,0.44765305858338433,25.250147682098582,254
9262,25.0,50.245398800000004,50.2453988,1.0,1.1042945,12387.25,80,6009,Saudi Arabia,0.8666383866586075,0.8666383866586075,True,1.3017301940779733,-0.2519670213061367,1.353798843687322,2.7137648948241075,7.3645199043797,0.474242401299633,14.529020357938624,254
9263,25.0,51.34969330000001,51.3496933,1.0,1.1042945,12387.25,80,6009,Qatar,0.6412937727060689,0.6407546562380847,True,1.277028445387734,-0.23693905745030325,1.3399899173775511,2.691359972875085,7.243418503594179,0.4646170729838029,14.590082510477814,254
9264,25.0,55.7668712,55.7668712,1.0,1.1042945,12387.25,80,6009,United Arab Emirates,0.9537677051826239,0.9537677051826239,True,1.0388265582884968,-0.36147594131625205,1.5653955323767366,4.099803475421037,16.808388537074418,0.6340744933882292,25.50853915800557,254
9265,25.0,56.87116559999998,56.8711656,1.0,1.1042945,12387.25,80,6009,(offshore/unassigned),0.09573117417278201,0.09573117417278201,False,1.075676192765027,-0.34556739884063453,1.5803402712301962,4.121396795089304,16.98591154257238,0.6462392291346054,25.28424703544944,254
9266,24.0,42.127659600000015,42.1276596,1.0,1.0942249,12373.42,80,6009,Saudi Arabia,1.0,1.0,True,1.0130271007069946,-0.007055886918861492,1.507712664627162,6.464248884223453,41.78651363718416,0.5882057547018978,70.04064063154487,254
9267,24.0,43.22188449999999,43.2218845,1.0,1.0942249,12373.42,80,6009,Saudi Arabia,1.0,1.0,True,0.9129097224093333,0.17874534823657834,1.4150532295535552,7.942859378220654,63.089015102187794,0.5181287093692777,120.76321049452474,254
9268,24.0,44.316109400000016,44.3161094,1.0,1.0942249,12373.42,80,6009,Saudi Arabia,1.0,1.0,True,0.7960692424651402,0.2524583692625895,1.3353633996559378,8.420854850623954,70.91079641527698,0.4614142902535531,152.6814050044063,254
9269,24.0,45.41033429999999,45.4103343,1.0,1.0942249,12373.42,80,6009,Saudi Arabia,1.0,1.0,True,0.7800996055867613,0.22637867900524652,1.2665054249983334,7.97705926395917,63.63347450071681,0.4150555372610377,152.3131564046483,254
9270,24.0,46.50455929999998,46.5045593,1.0,1.0942249,12373.42,80,6009,Saudi Arabia,1.0,1.0,True,0.8579259446754436,0.13297315722185316,1.250902317006411,6.866415275512478,47.14765873579109,0.40489172156644854,115.44510426981768,254
9271,24.0,47.59878420000001,47.5987842,1.0,1.0942249,12373.42,80,6009,Saudi Arabia,1.0,1.0,True,0.9260245619853954,0.02796253556489497,1.2221919974513982,5.444754032763986,29.645346477299682,0.38651911357661306,75.69826778546513,254
9272,24.0,48.69300909999998,48.6930091,1.0,1.0942249,12373.42,80,6009,Saudi Arabia,1.0,1.0,True,1.0233978352682436,-0.07731871938865915,1.244948309939298,3.9861061156852955,15.889041965503713,0.4010465117793119,38.618950667365844,254
9273,24.0,49.78723400000001,49.787234,1.0,1.0942249,12373.42,80,6009,Saudi Arabia,1.0,1.0,True,1.1603229873850864,-0.14917470603521032,1.2958034990732228,2.8506741561824653,8.126343144726611,0.43448061051382486,17.7035806617843,254
9274,24.0,50.88145900000001,50.881459,1.0,1.0942249,12373.42,80,6009,Saudi Arabia,0.9810372779067766,0.9810372779067766,True,1.1837337852407375,-0.19154895086791002,1.3041718837659544,2.161717162220178,4.673021089437261,0.44011054026339463,9.61783497991341,254
9275,24.0,51.97568390000001,51.9756839,1.0,1.0942249,12373.42,80,6009,(offshore/unassigned),0.5949980953580054,0.5941791281479719,True,1.1757881641530135,-0.21338822730616028,1.2532205342972582,1.94259299332706,3.7736675377233873,0.40639383204426793,8.285740186411902,254
9276,24.0,53.06990880000001,53.0699088,1.0,1.0942249,12373.42,80,6009,United Arab Emirates,0.647030690584143,0.6470301065244836,True,1.1460282437093048,-0.2435754429994096,1.2321398587033279,2.0578823908699335,4.234879934652555,0.3928367569557258,9.780253781419548,254
9277,24.0,54.16413370000001,54.1641337,1.0,1.0942249,12373.42,80,6009,United Arab Emirates,0.7604267142586636,0.760428394411748,True,1.0094309598152682,-0.30274251151000214,1.3355111090423946,2.322302618830698,5.393089453427918,0.4615163733137621,10.685586395786276,254
9278,24.0,55.2583587,55.2583587,1.0,1.0942249,12373.42,80,6009,United Arab Emirates,1.0,1.0,True,0.8992494978606903,-0.3671026758228739,1.461879461170375,2.568270236549087,6.596012007943903,0.5529873954611945,10.92796085784703,254
9279,24.0,56.3525836,56.3525836,1.0,1.0942249,12373.42,80,6009,Oman,0.9585551400352862,0.9585551400352862,True,0.8905120036790379,-0.38952465127225094,1.5101373775677098,2.6907527636140256,7.240150434896517,0.5900991883444052,11.26937873819084,254
9280,24.0,57.4468085,57.4468085,1.0,1.0942249,12373.42,80,6009,(offshore/unassigned),0.37331130056503564,0.37331130056503564,False,0.956949491853584,-0.355860573395758,1.5627132493698104,2.783618549538695,7.7485322293359085,0.6319033997785406,11.262210065733925,254
9281,23.0,40.78549850000002,40.7854985,1.0,1.0876133,12393.41,80,6009,Saudi Arabia,1.0,1.0,True,1.1862673232633323,-0.5324223470947176,1.5690493567988455,1.9205850525091999,3.6886469439217664,0.6370379625752511,4.790309464463099,254
9282,23.0,41.873111800000004,41.8731118,1.0,1.0876133,12393.41,80,6009,Saudi Arabia,1.0,1.0,True,1.0819781413824408,-0.3960596181105311,1.4952398260982995,2.907020695650059,8.450769324937754,0.578513922983321,13.60771986499173,254
9283,23.0,42.96072509999999,42.9607251,1.0,1.0876133,12393.41,80,6009,Saudi Arabia,1.0,1.0,True,0.9430268946083172,-0.2697773625051566,1.3762344345432858,3.896968284402956,15.186361809642518,0.49009124402658083,29.98680499751769,254
9284,23.0,44.048338400000006,44.0483384,1.0,1.0876133,12393.41,80,6009,Saudi Arabia,1.0,1.0,True,0.7624673857151724,-0.16408843349724753,1.277565445672315,4.670214661444508,21.810904983971234,0.4223363061817828,50.64345253941616,254
9285,23.0,45.13595169999999,45.1359517,1.0,1.0876133,12393.41,80,6009,Saudi Arabia,1.0,1.0,True,0.707330616646128,-0.07760559897048071,1.2544234903867797,5.202865171250386,27.069805990210316,0.40717439469011046,65.4820930373395,254
9286,23.0,46.22356500000001,46.223565,1.0,1.0876133,12393.41,80,6009,Saudi Arabia,1.0,1.0,True,0.7635689204953703,-0.013271632094812743,1.230610926266903,5.352122679997844,28.645217181747306,0.39186243864637466,72.10018607728153,254
9287,23.0,47.3111782,47.3111782,1.0,1.0876133,12393.41,80,6009,Saudi Arabia,1.0,1.0,True,0.8365427527438277,0.022034463806374013,1.198123457493199,5.047620632670556,25.47847405136151,0.3714456233625318,67.59274264888688,254
9288,23.0,48.398791500000016,48.3987915,1.0,1.0876133,12393.41,80,6009,Saudi Arabia,1.0,1.0,True,0.9457797893813831,0.01886811190768854,1.2343909413538179,4.316064437125696,18.628412225421158,0.39427347017288195,46.24744025321544,254
9289,23.0,49.4864048,49.4864048,1.0,1.0876133,12393.41,80,6009,Saudi Arabia,1.0,1.0,True,1.0299463374712474,-0.016138451421797713,1.2893465405897162,3.364349974439659,11.318850750512135,0.4301613852813384,25.31303305644059,254
9290,23.0,50.57401809999999,50.5740181,1.0,1.0876133,12393.41,80,6009,Saudi Arabia,1.0,1.0,True,1.078755035665905,-0.05711982152698671,1.3290300443938432,2.552950842505813,6.517558004251142,0.45704788229734183,13.260120780979817,254
9291,23.0,51.661631400000005,51.6616314,1.0,1.0876133,12393.41,80,6009,Saudi Arabia,1.0,1.0,True,1.0879189348208644,-0.088060873107729,1.31038925160663,2.09827408312306,4.402754127905918,0.44431681336759804,8.909042366720822,254
9292,23.0,52.74924469999999,52.7492447,1.0,1.0876133,12393.41,80,6009,United Arab Emirates,1.0,1.0,True,1.061665267686486,-0.11280007286946855,1.2462362373306144,1.921555445808257,3.69237533131537,0.40187672450190237,8.187830760519427,254
9293,23.0,53.83685800000001,53.836858,1.0,1.0876133,12393.41,80,6009,United Arab Emirates,1.0,1.0,True,0.9764663796084457,-0.14758143402800403,1.2442276302086126,1.969809710010766,3.880150293652698,0.4005823279515786,8.686274263506006,254
9294,23.0,54.92447129999999,54.9244713,1.0,1.0876133,12393.41,80,6009,United Arab Emirates,1.0,1.0,True,0.8764436639021119,-0.18000310463088967,1.357748010377534,2.1857481240009835,4.777494861573819,0.47701326192844984,9.015434041098894,254
9295,23.0,56.01208460000001,56.0120846,1.0,1.0876133,12393.41,80,6009,Oman,1.0,1.0,True,0.79022547901656,-0.208652035881053,1.4633234977510738,2.4112479964861873,5.814116900558652,0.5540804109152271,9.49327279221968,254
9296,23.0,57.099697899999995,57.0996979,1.0,1.0876133,12393.41,80,6009,Oman,1.0,1.0,True,0.8253390789569747,-0.22111098680795882,1.5353228775369134,2.536451779025329,6.433587627320756,0.6099462224555026,9.547794855455647,254
9297,23.0,58.18731120000001,58.1873112,1.0,1.0876133,12393.41,80,6009,Oman,1.0,1.0,True,1.0370831106849339,-0.22258708203004846,1.6387032500217094,2.5439108540738227,6.4714824334746055,0.6948526744663757,8.313459775404182,254
9298,23.0,59.2749245,59.2749245,1.0,1.0876133,12393.41,80,6009,(offshore/unassigned),0.4070116162036649,0.4070116162036649,False,1.3271377972759844,-0.23578644881353658,1.8021029589381237,2.4945830406502116,6.222944546699656,0.8403327758790414,6.405333607498602,254
9299,22.0,40.54054049999999,40.5405405,1.0,1.0810811,12409.39,80,6009,Saudi Arabia,1.0,1.0,True,1.1682281002258206,-0.5405657127463058,1.492664110750178,1.467393872496236,2.1532447770395002,0.5765225317096787,2.7348839960409674,254
9300,22.0,41.6216216,41.6216216,1.0,1.0810811,12409.39,80,6009,Saudi Arabia,1.0,1.0,True,1.0622630780470574,-0.5035244955151689,1.4460778060454795,1.65289704066078,2.7320686270251637,0.5410973722465705,4.049125660473912,254
9301,22.0,42.7027027,42.7027027,1.0,1.0810811,12409.39,80,6009,Saudi Arabia,1.0,1.0,True,0.9483211583937387,-0.4430692433356764,1.341248529616951,2.0695410335832682,4.2830000896849025,0.4654902845756631,8.20105151837755,254
9302,22.0,43.78378380000001,43.7837838,1.0,1.0810811,12409.39,80,6009,Saudi Arabia,1.0,1.0,True,0.8195383729051025,-0.3435764935488502,1.2922703500844475,2.755520581603377,7.592893675639814,0.4321145234595013,16.57148455657366,254
9303,22.0,44.864864899999986,44.8648649,1.0,1.0810811,12409.39,80,6009,Saudi Arabia,1.0,1.0,True,0.7636599765833773,-0.20689807809916708,1.292923084490689,3.6636756496087064,13.422519265535776,0.43255116158413437,30.03105587875065,254
9304,22.0,45.9459459,45.9459459,1.0,1.0810811,12409.39,80,6009,Saudi Arabia,1.0,1.0,True,0.7875204887396298,-0.06830600364209043,1.3034151509371188,4.4521908315509755,19.82200320054657,0.4395999488683058,44.09100433604644,254
9305,22.0,47.027027000000004,47.027027,1.0,1.0810811,12409.39,80,6009,Saudi Arabia,1.0,1.0,True,0.8478091632856818,0.04489468559657005,1.2717812724117914,4.783502362993499,22.881894856764387,0.4185207109137922,53.673267678448646,254
9306,22.0,48.10810810000001,48.1081081,1.0,1.0810811,12409.39,80,6009,Saudi Arabia,1.0,1.0,True,0.909363490867554,0.10158359620391447,1.2801374591099435,4.500021168361602,20.25019051570252,0.4240385251800487,46.755544162182424,254
9307,22.0,49.18918919999999,49.1891892,1.0,1.0810811,12409.39,80,6009,Saudi Arabia,1.0,1.0,True,0.9378381489256897,0.09455633018823231,1.332904824475241,3.7254579667027286,13.879037061668829,0.45971680863255027,29.190405921751463,254
9308,22.0,50.27027029999999,50.2702703,1.0,1.0810811,12409.39,80,6009,Saudi Arabia,1.0,1.0,True,1.0311029689939284,0.054934806438783804,1.4629431322460005,2.9118909178932197,8.479108717709018,0.5537924012100949,14.310987834396553,254
9309,22.0,51.3513514,51.3513514,1.0,1.0810811,12409.39,80,6009,Saudi Arabia,1.0,1.0,True,0.9840135578119004,0.019296867997093382,1.4134103661126025,2.48822298356995,6.191253615965742,0.5169263226739371,10.977052327186314,254
9310,22.0,52.43243240000001,52.4324324,1.0,1.0810811,12409.39,80,6009,Saudi Arabia,1.0,1.0,True,0.9289333936143611,-0.00013895783180772675,1.3469585114018663,2.395853816188356,5.740115508544307,0.4694621044119587,11.227005022555103,254
9311,22.0,53.51351349999999,53.5135135,1.0,1.0810811,12409.39,80,6009,Saudi Arabia,1.0,1.0,True,0.8936238037037737,-0.0007984165149323149,1.2851103038995209,2.4601146552490474,6.05216411697114,0.4273393792549165,13.162430168554401,254
9312,22.0,54.59459459999999,54.5945946,1.0,1.0810811,12409.39,80,6009,Saudi Arabia,1.0,1.0,True,0.8569747882335543,0.002165487905115108,1.3423336087138251,2.6791334086192906,7.177755821180018,0.4662437587880373,14.394856630012614,254
9313,22.0,55.6756757,55.6756757,1.0,1.0810811,12409.39,80,6009,Oman,1.0,1.0,True,0.8113747788459499,-0.004324951231041376,1.4504386227726964,2.9090650728721648,8.462659598204732,0.5443657777595321,14.545906711907639,254
9314,22.0,56.756756800000005,56.7567568,1.0,1.0810811,12409.39,80,6009,Oman,1.0,1.0,True,0.7875677079477603,-0.0332315696325774,1.5078105211435497,2.9777454823909406,8.866968157899656,0.5882821109405276,14.072646257632101,254
9315,22.0,57.83783779999999,57.8378378,1.0,1.0810811,12409.39,80,6009,Oman,1.0,1.0,True,0.933942069564835,-0.0843050331340112,1.5901843818691481,2.7975099314153997,7.826061816367795,0.6543152926150555,10.960689142828878,254
9316,22.0,58.918918899999994,58.9189189,1.0,1.0810811,12409.39,80,6009,Oman,0.9937737568372476,0.9937737568372476,True,1.2986999575359488,-0.14949776430468203,1.847902290361592,2.517900424649173,6.339822548448486,0.883588613935629,6.175084024917452,254
9317,22.0,60.0,60.0,1.0,1.0810811,12409.39,80,6009,(offshore/unassigned),0.18157731956353892,0.18157731956353892,False,1.8812586161754576,-0.19236465027720173,2.3473972200520627,2.554050702475463,6.523174990815406,1.4258218809746976,3.575027973589616,254
9318,21.0,41.25,41.25,1.0,1.0714286,12384.43,80,6009,Saudi Arabia,1.0,1.0,True,1.1244760415997272,-0.4088773082457848,1.4442705573370405,1.7093054154154546,2.9217250031686,0.5397457347967127,4.413150701911567,254
9319,21.0,42.32142859999999,42.3214286,1.0,1.0714286,12384.43,80,6009,Saudi Arabia,1.0,1.0,True,1.0605234984647576,-0.3698444712108147,1.430283107066791,1.9786957321070073,3.915236800258486,0.5293417171620782,6.396425925485269,254
9320,21.0,43.392857100000015,43.3928571,1.0,1.0714286,12384.43,80,6009,Saudi Arabia,1.0,1.0,True,0.9922034983969719,-0.28371359243733335,1.402505708493913,2.5456327086916537,6.480245887560805,0.5089807748755066,11.731808758682154,254
9321,21.0,44.464285700000005,44.4642857,1.0,1.0714286,12384.43,80,6009,Saudi Arabia,1.0,1.0,True,0.9106120351123486,-0.14779195367340364,1.3793547723640318,3.426434725376839,11.740454927268255,0.49231613223064113,22.847390241049556,254
9322,21.0,45.535714299999995,45.5357143,1.0,1.0714286,12384.43,80,6009,Saudi Arabia,1.0,1.0,True,0.8666155277305639,0.003818404572951954,1.3704272106847906,4.326205595659301,18.71605485591385,0.4859639459601368,37.51325805443417,254
9323,21.0,46.607142899999985,46.6071429,1.0,1.0714286,12384.43,80,6009,Saudi Arabia,1.0,1.0,True,0.8737698794743919,0.12112290255871473,1.3771075600553098,4.823063497709182,23.261941502934725,0.49071329924863805,46.40434289951494,254
9324,21.0,47.67857140000001,47.6785714,1.0,1.0714286,12384.43,80,6009,Saudi Arabia,1.0,1.0,True,0.8336369793613306,0.1812234829216465,1.344269719027107,4.657140118934418,21.68895408738848,0.46758969894284935,45.38458489659626,254
9325,21.0,48.75,48.75,1.0,1.0714286,12384.43,80,6009,Saudi Arabia,1.0,1.0,True,0.8884680511536333,0.17173758560572477,1.407062938430069,3.9278912731132096,15.428329853398912,0.5122938607489748,29.116171665306823,254
9326,21.0,49.82142859999999,49.8214286,1.0,1.0714286,12384.43,80,6009,Saudi Arabia,1.0,1.0,True,1.0046004165498161,0.11530179807587582,1.5771970452536328,2.9869169736764194,8.9216730076363,0.6436711038888797,12.860608241901902,254
9327,21.0,50.892857100000015,50.8928571,1.0,1.0714286,12384.43,80,6009,Saudi Arabia,1.0,1.0,True,0.9761417165432164,0.05905588958458062,1.5263932871286294,2.4278220207863863,5.894319764615292,0.6028718394431803,8.777069318844545,254
9328,21.0,51.964285700000005,51.9642857,1.0,1.0714286,12384.43,80,6009,Saudi Arabia,1.0,1.0,True,0.9451273174441192,0.023661827549849655,1.4989380508199341,2.3669735887002297,5.602563969604444,0.5813791761285505,8.636678091761656,254
9329,21.0,53.035714299999995,53.0357143,1.0,1.0714286,12384.43,80,6009,Saudi Arabia,1.0,1.0,True,0.8738937856937148,0.022737960490941952,1.403413604586036,2.4306013818485974,5.907823077444312,0.5096399539744537,10.5921505591778,254
9330,21.0,54.107142899999985,54.1071429,1.0,1.0714286,12384.43,80,6009,Saudi Arabia,1.0,1.0,True,0.8457356760977185,0.04431828993176311,1.3833136365897114,2.5918199736424095,6.717530775771739,0.49514616505171133,12.566763210354631,254
9331,21.0,55.17857140000001,55.1785714,1.0,1.0714286,12384.43,80,6009,Saudi Arabia,1.0,1.0,True,0.8246397008200947,0.057854690790340745,1.4345046844582394,2.8520082191886487,8.133950882319608,0.5324711044633621,14.275854058817353,254
9332,21.0,56.25,56.25,1.0,1.0714286,12384.43,80,6009,Oman,1.0,1.0,True,0.895180359149911,0.04450313846635468,1.5562975188793,3.0380260182235155,9.229602087403027,0.6267254827201005,13.726706256373852,254
9333,21.0,57.32142859999999,57.3214286,1.0,1.0714286,12384.43,80,6009,Oman,1.0,1.0,True,1.0157849481758499,-0.007836529954939204,1.6367315701936331,2.9676329405732846,8.806845269975641,0.6931815936324547,11.704961226430502,254
9334,21.0,58.392857100000015,58.3928571,1.0,1.0714286,12384.43,80,6009,Oman,0.8695133630175165,0.8695133970141598,True,1.1816786470556757,-0.09150508865348848,1.7535537367182341,2.6632865877915415,7.0930954487103115,0.7956650129424131,7.914675564883334,254
9335,20.0,42.07100589999999,42.0710059,1.0,1.0650888,12392.71,80,6009,Saudi Arabia,1.0,1.0,True,1.1837377356455199,-0.18852932401476244,1.538563906003151,2.5763960289556285,6.637816498018331,0.6125241031640813,9.83682497346592,254
9336,20.0,43.1360947,43.1360947,1.0,1.0650888,12392.71,80,6009,Saudi Arabia,1.0,1.0,True,1.159155399048576,-0.09491423927338831,1.5474322066498882,3.1753175783474767,10.082641723362483,0.6196056459889412,15.272675674653941,254
9337,20.0,44.20118339999999,44.2011834,1.0,1.0650888,12392.71,80,6009,Saudi Arabia,1.0,1.0,True,1.049007945600934,0.023827353227134866,1.5011352592280185,3.9094747369223444,15.283992718634034,0.5830848469609867,25.212296200619086,254
9338,20.0,45.2662722,45.2662722,1.0,1.0650888,12392.71,80,6009,Saudi Arabia,1.0,1.0,True,0.969150871422385,0.14429911086335778,1.4493729965008164,4.598444603735302,21.145692773622322,0.5435661887646595,37.901780888320644,254
9339,20.0,46.33136089999999,46.3313609,1.0,1.0650888,12392.71,80,6009,Saudi Arabia,1.0,1.0,True,0.9203005892752238,0.22420802473218418,1.436084984401886,4.884499949927215,23.858339760838966,0.5336449278163887,43.70826670922263,254
9340,20.0,47.396449700000005,47.3964497,1.0,1.0650888,12392.71,80,6009,Saudi Arabia,1.0,1.0,True,0.824112621312084,0.24518842175055075,1.3769806765960784,4.543831060819005,20.64640070926356,0.4906228770705839,41.082017929003435,254
9341,20.0,48.46153850000002,48.4615385,1.0,1.0650888,12392.71,80,6009,Saudi Arabia,1.0,1.0,True,0.8508168314009406,0.2072243069901186,1.4345917021118573,3.7454543811187326,14.028428521041509,0.5325357062621061,25.34270032240228,254
9342,20.0,49.52662720000001,49.5266272,1.0,1.0650888,12392.71,80,6009,Saudi Arabia,1.0,1.0,True,1.000007609918701,0.1317777672526883,1.63214332928655,2.7731486356759016,7.690353355551114,0.6893006564224244,10.156747471364994,254
9343,20.0,50.59171599999999,50.591716,1.0,1.0650888,12392.71,80,6009,Saudi Arabia,1.0,1.0,True,0.9998874305226375,0.0515433244514533,1.627489474086461,2.0771785881575027,4.314670887099997,0.6853753492344189,5.2953400525997765,254
9344,20.0,51.65680470000001,51.6568047,1.0,1.0650888,12392.71,80,6009,Saudi Arabia,1.0,1.0,True,0.923145771761164,-0.007337686519010686,1.5468203683121557,1.8931866350746187,3.584155635225158,0.6191157718075777,4.789152527581093,254
9345,20.0,52.72189349999999,52.7218935,1.0,1.0650888,12392.71,80,6009,Saudi Arabia,1.0,1.0,True,0.884539707542139,-0.03595628151316287,1.4603698836974066,1.8795485321051932,3.5327026845387866,0.5518459247311853,5.401610533337966,254
9346,20.0,53.78698220000001,53.7869822,1.0,1.0650888,12392.71,80,6009,Saudi Arabia,1.0,1.0,True,0.8294288463539045,-0.03377781937026656,1.4212049627763637,1.8812498888125442,3.5391011441572098,0.5226434765585892,5.77153987927078,254
9347,20.0,54.852070999999995,54.852071,1.0,1.0650888,12392.71,80,6009,Saudi Arabia,1.0,1.0,True,0.8585401576991115,-0.03321651774139016,1.4610055154104935,2.067089722946884,4.272859922712626,0.5523264154775223,6.736113651233681,254
9348,20.0,55.91715980000001,55.9171598,1.0,1.0650888,12392.71,80,6009,Oman,1.0,1.0,True,0.948146934561678,-0.04418262979968716,1.595208968849354,2.380606353622509,5.6672866109078575,0.6584567723554311,7.606922806238052,254
9349,20.0,56.9822485,56.9822485,1.0,1.0650888,12392.71,80,6009,Oman,1.0,1.0,True,1.1246836975611951,-0.08259687387183601,1.7321764083988092,2.5886583273171433,6.701151935588389,0.7763835805934279,7.631238608197216,254
9350,20.0,58.04733730000001,58.0473373,1.0,1.0650888,12392.71,80,6009,(offshore/unassigned),0.31861755163827693,0.31861755163827693,False,1.3379008658305205,-0.14753266539716836,1.8762985553475897,2.5714858400710843,6.612539425686091,0.9109530446756794,6.258924556358785,254
9351,19.0,42.8823529,42.8823529,1.0,1.0588235,12397.11,80,6009,Saudi Arabia,1.0,1.0,True,1.271935176757504,0.03791452812797883,1.6969083337238315,3.4956148892752,12.219323454122469,0.7450902294851726,15.399790214086595,254
9352,19.0,43.94117649999998,43.9411765,1.0,1.0588235,12397.11,80,6009,Saudi Arabia,1.0,1.0,True,1.161326745677122,0.1292591491412239,1.608535925393393,3.9970456443526494,15.976373883038487,0.6695047048518933,22.86297477412463,254
9353,19.0,45.0,45.0,1.0,1.0588235,12397.11,80,6009,Saudi Arabia,1.0,1.0,True,1.0974754854796178,0.1983876382484667,1.541300690196482,4.332678558332633,18.772103489835345,0.6147051464241966,29.538386735550553,254
9354,19.0,46.05882350000002,46.0588235,1.0,1.0588235,12397.11,80,6009,Saudi Arabia,1.0,1.0,True,1.0504085953175606,0.23687832360795025,1.4785769456514162,4.364008490842339,19.04457010814403,0.5656919048080147,32.66597603090573,254
9355,19.0,47.1176471,47.1176471,1.0,1.0588235,12397.11,80,6009,Saudi Arabia,1.0,1.0,True,0.9561760100284887,0.23112835071104415,1.3999480361650942,3.9375213808892475,15.504074624959967,0.5071260672333608,29.572426910615818,254
9356,19.0,48.176470600000016,48.1764706,1.0,1.0588235,12397.11,80,6009,Saudi Arabia,1.0,1.0,True,0.8924979729397988,0.188644284285678,1.3898625501046042,3.227431285455913,10.416312702339605,0.49984552618605005,19.839063583941122,254
9357,19.0,49.235294100000004,49.2352941,1.0,1.0588235,12397.11,80,6009,Saudi Arabia,1.0,1.0,True,0.9727926047708776,0.12465530429765874,1.5601200261629762,2.4665931535973193,6.084081785373169,0.6298079328974654,8.660217770492382,254
9358,19.0,50.29411759999999,50.2941176,1.0,1.0588235,12397.11,80,6009,Saudi Arabia,1.0,1.0,True,0.9804749687921365,0.05173276102754707,1.6353770370026361,1.8507093700237023,3.425125172293529,0.6920347361169717,3.9493544088726127,254
9359,19.0,51.352941200000004,51.3529412,1.0,1.0588235,12397.11,80,6009,Saudi Arabia,1.0,1.0,True,0.848832693893902,-0.02188623076049136,1.5357676165670766,1.509429909922658,2.2783786529691237,0.6102996415108917,2.733213159569688,254
9360,19.0,52.41176469999999,52.4117647,1.0,1.0588235,12397.11,80,6009,Oman,1.0,1.0,True,0.8237059101769055,-0.08588466672592011,1.4758229408513095,1.4184399783055894,2.011971972055561,0.5635865462297244,2.569943224364085,254
9361,19.0,53.47058820000001,53.4705882,1.0,1.0588235,12397.11,80,6009,Oman,1.0,1.0,True,0.8176079430714357,-0.13676118828429312,1.4225612341556733,1.3993444199839022,1.9581648057400838,0.5236414812621044,2.7395142971111195,254
9362,19.0,54.52941179999999,54.5294118,1.0,1.0588235,12397.11,80,6009,Oman,1.0,1.0,True,0.8624153093338335,-0.18352182388177835,1.4539471191480633,1.5671229679199548,2.4558743965822476,0.547002518512522,3.489694861479925,254
9363,19.0,55.58823530000001,55.5882353,1.0,1.0588235,12397.11,80,6009,Oman,1.0,1.0,True,1.0103702927006093,-0.2169955158705467,1.6181510698679702,1.9716742791507902,3.887499463064788,0.6775326566514523,4.737730019210956,254
9364,19.0,56.647058799999996,56.6470588,1.0,1.0588235,12397.11,80,6009,Oman,0.8583391513619107,0.8583391513619107,True,1.21866134389758,-0.2546173919941865,1.828446847787774,2.3674269043306224,5.604710147348474,0.8650810197996732,5.478826860224441,254
9365,19.0,57.70588240000001,57.7058824,1.0,1.0588235,12397.11,80,6009,Oman,0.32083579552722363,0.32083579552722363,False,1.5130634649604904,-0.29377509191376616,2.0309564202785344,2.6134004357683422,6.82986183767416,1.0673167188065495,5.3990957110754945,254
9366,18.0,43.684210500000006,43.6842105,1.0,1.0526316,12397.67,80,6009,Saudi Arabia,1.0,1.0,True,1.1369261808894142,0.1029245732256266,1.6917739677950863,3.3135229709573584,10.979434479062078,0.7405881850663975,13.825289817549166,254
9367,18.0,44.73684209999999,44.7368421,1.0,1.0526316,12397.67,80,6009,Saudi Arabia,1.0,1.0,True,1.012354627695168,0.136375350161346,1.5519386503222787,3.3480689465334756,11.209565670741776,0.6232197412491274,16.986538180376474,254
9368,18.0,45.7894737,45.7894737,1.0,1.0526316,12397.67,80,6009,Saudi Arabia,1.0,1.0,True,0.9053680779452185,0.1421988450282929,1.4329310107882185,3.171637667662891,10.0592854949381,0.5313034873032132,17.933219403465532,254
9369,18.0,46.842105300000014,46.8421053,1.0,1.0526316,12397.67,80,6009,Saudi Arabia,1.0,1.0,True,0.8470456274501992,0.13382821886106303,1.3549846363552815,2.845394603320194,8.096270448603684,0.4750735431602447,16.042141296158796,254
9370,18.0,47.894736800000004,47.8947368,1.0,1.0526316,12397.67,80,6009,Saudi Arabia,1.0,1.0,True,0.8383624331020334,0.11869648353141897,1.336848885581043,2.4490643355419293,5.997916119623432,0.46244143488574035,11.97010965530239,254
9371,18.0,48.947368400000016,48.9473684,1.0,1.0526316,12397.67,80,6009,Yemen,1.0,1.0,True,0.9069552284303336,0.10292290837558753,1.432584808343698,2.092502328432105,4.378565994493782,0.5310467877907898,7.24516049274881,254
9372,18.0,50.0,50.0,1.0,1.0526316,12397.67,80,6009,Yemen,1.0,1.0,True,0.8403861674398886,0.07037519886907118,1.4521192913764573,1.7812903222775454,3.1729952122396416,0.5456280559669775,4.815308024468004,254
9373,18.0,51.052631599999984,51.0526316,1.0,1.0526316,12397.67,80,6009,Yemen,1.0,1.0,True,0.8727836330850461,0.017989844843453052,1.5343429960128385,1.5523725844168406,2.4098606408490206,0.6091679049859786,2.9559875382871477,254
9374,18.0,52.105263199999996,52.1052632,1.0,1.0526316,12397.67,80,6009,Yemen,1.0,1.0,True,0.8941788095666481,-0.06150753179282023,1.5485305376760492,1.4545851527772817,2.1158179666801082,0.6204855211975594,2.40993930462149,254
9375,18.0,53.157894699999986,53.1578947,1.0,1.0526316,12397.67,80,6009,Oman,1.0,1.0,True,0.9172473675619875,-0.17431547148107532,1.5036301049819134,1.621159531829405,2.6281582276413356,0.5850245996742419,3.492389258682058,254
9376,18.0,54.2105263,54.2105263,1.0,1.0526316,12397.67,80,6009,Oman,1.0,1.0,True,1.0082477635368967,-0.2838830950149499,1.5623605695474323,2.0394166302570214,4.159220191768904,0.6316182106295631,5.585022600319292,254
9377,18.0,55.26315790000001,55.2631579,1.0,1.0526316,12397.67,80,6009,Oman,0.8380627929756809,0.8380627929756809,True,1.1650758211222962,-0.36771799653549403,1.7253729376351385,2.4720365983299013,6.110964943482469,0.7702967528244129,6.933260683075276,254
9378,18.0,56.315789499999994,56.3157895,1.0,1.0526316,12397.67,80,6009,Oman,0.40810617239323893,0.40810652000824665,False,1.396194328443977,-0.4288740044313611,1.9730883907475596,2.7977986734495497,7.82767741715606,1.0073611224664172,6.770477977143708,254
9379,17.0,44.476744199999985,44.4767442,1.0,1.0465116,12394.45,80,6009,Yemen,1.0,1.0,True,0.8523942891289591,0.06214480543076563,1.534223017830258,2.527837645507563,6.38996316204522,0.6090726407578397,9.491298959175865,254
9380,17.0,45.523255800000015,45.5232558,1.0,1.0465116,12394.45,80,6009,Yemen,1.0,1.0,True,0.7263041072722671,0.06015764164062692,1.4467707699670918,2.252689456441082,5.074609787160817,0.5416160867950811,8.369385272858008,254
9381,17.0,46.56976739999999,46.5697674,1.0,1.0465116,12394.45,80,6009,Yemen,1.0,1.0,True,0.6848186491008074,0.04710538063344418,1.3814937905924214,1.9757469346396692,3.903575949738049,0.493844223077936,6.904468185146729,254
9382,17.0,47.616279099999986,47.6162791,1.0,1.0465116,12394.45,80,6009,Yemen,1.0,1.0,True,0.752372257646912,0.05212925488275348,1.3474489151854399,1.8323364028086726,3.357456693057826,0.4698040123488489,6.146504935689599,254
9383,17.0,48.662790700000016,48.6627907,1.0,1.0465116,12394.45,80,6009,Yemen,1.0,1.0,True,0.8743981435406828,0.07695375423896693,1.3763933827497614,1.7900162066409078,3.204158020037105,0.4902044567478614,5.53637064276055,254
9384,17.0,49.70930229999999,49.7093023,1.0,1.0465116,12394.45,80,6009,Yemen,1.0,1.0,True,0.9051679801340926,0.09794526035331336,1.4060026855085654,1.8004964469854228,3.2417874556071316,0.5115221022074271,5.337531538945224,254
9385,17.0,50.75581399999999,50.755814,1.0,1.0465116,12394.45,80,6009,Yemen,1.0,1.0,True,0.958529019155389,0.07588430076070568,1.4853588725119604,1.7590872529978998,3.094387963659697,0.5708932299177009,4.420256891303089,254
9386,17.0,51.80232560000002,51.8023256,1.0,1.0465116,12394.45,80,6009,Yemen,1.0,1.0,True,1.187853505890633,0.008017303942481293,1.7184588623811945,1.7832598819046983,3.1800158064107586,0.7641355126657051,3.1615862025796932,254
9387,17.0,52.84883719999999,52.8488372,1.0,1.0465116,12394.45,80,6009,Yemen,0.9173464604552136,0.9173464604552136,True,1.1707090671962639,-0.1327509383433019,1.7307719116452336,1.9412519788426914,3.768459245360665,0.7751250642685993,3.861743503181061,254
9388,17.0,53.895348799999994,53.8953488,1.0,1.0465116,12394.45,80,6009,Oman,0.6032955909544301,0.6032955909544301,True,1.2931644434863132,-0.29286956451331064,1.9018458201533184,2.4791654763620197,6.14626145918532,0.9359285947841368,5.567019635299098,254
9389,17.0,54.94186049999999,54.9418605,1.0,1.0465116,12394.45,80,6009,Oman,0.37851596544222377,0.37851596544222377,False,1.5279083631899295,-0.437449974015209,2.0531668417590767,2.973146036170635,8.83959735239716,1.0907885916856765,7.1038593727283805,254
9390,16.0,51.502890199999996,51.5028902,1.0,1.0404624,12387.47,80,6009,Yemen,0.9960935647036236,0.9960935647036236,True,1.4638577081298474,0.060993215068261705,1.877469205198115,2.113808226652061,4.46818521906193,0.9120901128847312,3.8988418533889027,254
9391,16.0,52.54335259999999,52.5433526,1.0,1.0404624,12387.47,80,6009,(offshore/unassigned),0.2201890911628176,0.2201890911628176,False,1.5904455711378918,-0.06754024778475629,2.0971765212546747,2.2765199283532813,5.18254298418963,1.1380519238506703,3.5538721701327733,254
9392,31.0,49.675324700000004,49.6753247,1.0,1.1688312,12393.06,80,6010,Iran,0.9994211606340424,0.0,False,2.7323384512941677,-0.18107694850922973,2.0890626542858612,7.337919770598168,53.845066559735464,1.1292628315796396,46.681607021826544,254
9393,31.0,50.84415580000001,50.8441558,1.0,1.1688312,12393.06,80,6010,Iran,1.0,0.0,False,2.378342301611462,-0.11138078625646064,1.9645459852316423,8.083903461277206,65.3494951712496,0.9986573470757394,64.43735482706404,254
9394,30.0,49.19614150000001,49.1961415,1.0,1.1575563,12401.62,80,6010,(offshore/unassigned),0.33846711780032745,0.0,False,2.1863026281716462,-0.30788847844015954,1.9667328905875179,5.5070233364329635,30.32730602801725,1.0008819676236878,29.30058189580625,254
9395,30.0,50.3536977,50.3536977,1.0,1.1575563,12401.62,80,6010,Iran,0.7001786578401242,0.0,False,2.3540251341724456,-0.0412773595197245,2.2132174807954303,7.358746896894054,54.15115589254788,1.2674775826792324,41.72356105745202,254
9396,30.0,51.51125400000001,51.511254,1.0,1.1575563,12401.62,80,6010,Iran,1.0,0.0,False,2.038804608274816,0.24820234096636448,2.0955630337046656,9.815206313140571,96.33827496951453,1.1363014500797117,83.78232159499258,254
9397,29.0,51.0191083,51.0191083,1.0,1.1464968,12406.28,80,6010,Iran,0.6448086864128133,0.0,False,2.3221020087511404,0.1528719958547941,2.490503103882094,8.448868737978854,71.38338295159639,1.6049676311063652,43.47652498909845,254
9398,29.0,52.16560509999999,52.1656051,1.0,1.1464968,12406.28,80,6010,Iran,1.0,0.0,False,2.2035704940765504,0.5568321485839346,2.3166450107095615,12.232020971198486,149.62233703983952,1.3887084675152082,106.74207872985477,254
9399,29.0,53.312101900000016,53.3121019,1.0,1.1464968,12406.28,80,6010,Iran,1.0,0.0,False,1.8931159732382201,0.9005325734907506,2.0272091870188893,15.93086006265572,253.79230233591898,1.0633818287952157,237.66526158666744,254
9400,29.0,54.45859870000001,54.4585987,1.0,1.1464968,12406.28,80,6010,Iran,1.0,0.0,False,1.6465948551791316,1.083962772469785,1.8674683220908683,18.24439188100654,332.85783510773734,0.9023989692197204,367.85883789910616,254
9401,29.0,55.605095500000004,55.6050955,1.0,1.1464968,12406.28,80,6010,Iran,1.0,0.0,False,1.4084945519660297,1.0413841107221065,1.8101589737414292,18.31288844177471,335.36188308088583,0.8478627172253669,394.53795239205533,254
9402,28.0,51.6719243,51.6719243,1.0,1.1356467,12407.1,80,6010,Iran,0.5650820458324866,0.0,False,2.429510581512838,0.23614349645361596,2.4417458334859865,9.120652443945753,83.18630100325365,1.5427409733136181,52.92110694031785,254
9403,28.0,52.807570999999996,52.807571,1.0,1.1356467,12407.1,80,6010,Iran,0.9600574090363123,0.0,False,2.3173172668273168,0.562912019714713,2.2606379145439024,12.556751344133419,157.67200431839643,1.3223734395144484,118.23409802929098,254
9404,28.0,53.94321769999999,53.9432177,1.0,1.1356467,12407.1,80,6010,Iran,1.0,0.0,False,2.0094046738720315,0.8252480933771414,2.0750152788742655,15.432628549348932,238.1660239421797,1.114127005063017,212.7691868699553,254
9405,28.0,55.078864399999986,55.0788644,1.0,1.1356467,12407.1,80,6010,Iran,1.0,0.0,False,1.6789387952604962,0.9339476430971249,1.9680068457714424,16.73527510465073,280.0694328283424,1.0021790341899444,278.46047889010265,254
9406,28.0,56.214511000000016,56.214511,1.0,1.1356467,12407.1,80,6010,Iran,1.0,0.0,False,1.393863756190834,0.84762402054872,1.885728359846919,16.14936633101242,260.8020328932376,0.9201324953110617,282.4396505093219,254
9407,28.0,57.35015770000001,57.3501577,1.0,1.1356467,12407.1,80,6010,Iran,1.0,0.0,False,1.2301862404019095,0.6480216530772547,1.7440200987159011,14.135015734583675,199.79866981692805,0.7870368636261237,252.8618952311756,254
9408,27.0,53.4375,53.4375,1.0,1.125,12404.16,80,6010,Iran,0.5921459404890671,0.0,False,2.096584584485784,0.25872214989663633,2.037651105262452,10.186408064997801,103.76290926665223,1.0743647537348722,95.5807086521925,254
9409,27.0,54.5625,54.5625,1.0,1.125,12404.16,80,6010,Iran,0.8830300278775733,0.0,False,1.8094391383579829,0.3915024015577693,1.9778765845057376,11.767724907724448,138.47934950387838,1.0122562836818105,135.8026573272501,254
9410,27.0,55.6875,55.6875,1.0,1.125,12404.16,80,6010,(offshore/unassigned),0.6795013772570948,0.0,False,1.4914980086209162,0.4394163230808415,1.8988864747093632,12.221733976279454,149.37078138694358,0.9330181789286779,159.0941811856828,254
9411,27.0,56.8125,56.8125,1.0,1.125,12404.16,80,6010,(offshore/unassigned),0.5677999086851534,0.0,False,1.2855663185274515,0.40413510725815216,1.7800711150683737,11.613008230061325,134.86196015147206,0.8199111820105012,163.4836210439008,254
9446,32.0,52.524590200000006,52.5245902,1.0,1.1803279,12380.52,80,6011,Iran,1.0,0.0,False,1.947495452221188,-0.5000762553399374,1.869508940218376,6.286305445681252,39.51763615640177,0.9043721837237323,42.69620922404843,254
9447,32.0,53.70491799999999,53.704918,1.0,1.1803279,12380.52,80,6011,Iran,1.0,0.0,False,1.9329207047461547,-0.49779541538777194,1.6234979946227865,5.63890240209764,31.79722030038254,0.682017653816912,45.6222833418305,254
9448,32.0,54.8852459,54.8852459,1.0,1.1803279,12380.52,80,6011,Iran,1.0,0.0,False,1.6111157801045328,-0.4466447069537917,1.4017702736093631,6.07537710316071,36.91020694560942,0.5084471241772228,71.59399294535906,254
9449,32.0,56.06557380000001,56.0655738,1.0,1.1803279,12380.52,80,6011,Iran,1.0,0.0,False,1.2933939860091967,-0.42223345663823075,1.3490982298380392,6.613665243337727,43.740567950933475,0.4709548223786914,91.87635644117472,254
9450,32.0,57.245901599999996,57.2459016,1.0,1.1803279,12380.52,80,6011,Iran,1.0,0.0,False,1.0444517731294969,-0.40741176851340294,1.393479679933226,6.565796021817897,43.10967740011972,0.5024506166513064,84.79883469431032,254
9451,32.0,58.426229500000005,58.4262295,1.0,1.1803279,12380.52,80,6011,Iran,1.0,0.0,False,0.8988243577692494,-0.42783418846608817,1.4159009241512481,5.937144411065546,35.24968375784685,0.5187496704124266,66.95124077827742,254
9452,32.0,59.606557399999986,59.6065574,1.0,1.1803279,12380.52,80,6011,Iran,1.0,0.0,False,0.846321841565887,-0.4655321779211198,1.378099214266216,5.105297415572359,26.06406170144981,0.49142027832606,52.03822990421279,254
9453,31.0,52.01298700000001,52.012987,1.0,1.1688312,12393.06,80,6011,Iran,1.0,0.0,False,1.700223035328644,-0.01915216979036546,1.7562517123170553,8.745812986539848,76.48924479552905,0.7981152785528248,94.83733935556586,254
9454,31.0,53.18181820000001,53.1818182,1.0,1.1688312,12393.06,80,6011,Iran,1.0,0.0,False,1.6357068703101765,0.09840607997703403,1.599477524747165,9.931489259981214,98.63447892112222,0.6619853633548435,147.9979754556163,254
9455,31.0,54.35064940000001,54.3506494,1.0,1.1688312,12393.06,80,6011,Iran,1.0,0.0,False,1.5757442975654388,0.1658470231187119,1.4980442682856034,11.087605522847866,122.93499623028652,0.5806860565797627,210.70647174546068,254
9456,31.0,55.519480499999986,55.5194805,1.0,1.1688312,12393.06,80,6011,Iran,1.0,0.0,False,1.3476721070041522,0.10173381683770476,1.3977470508092873,11.124218049167599,123.74822720542619,0.5055327229132844,243.787768618201,254
9457,31.0,56.688311699999986,56.6883117,1.0,1.1688312,12393.06,80,6011,Iran,1.0,0.0,False,1.1035377661850077,-0.08006409063399426,1.4024086960896578,9.663085583249469,93.37522298920373,0.5089103641233034,182.48068652533857,254
9458,31.0,57.857142899999985,57.8571429,1.0,1.1688312,12393.06,80,6011,Iran,1.0,0.0,False,0.9868819154576453,-0.3602201993623977,1.462672494203163,7.164582713006952,51.33124545151806,0.5535875218474204,91.72471547085549,254
9459,31.0,59.02597399999999,59.025974,1.0,1.1688312,12393.06,80,6011,Iran,1.0,0.0,False,0.945291330913549,-0.6114878459068873,1.5229847982967395,4.763821441779974,22.69399472916263,0.6001823784267908,36.81183111148406,254
9460,30.0,52.66881029999999,52.6688103,1.0,1.1575563,12401.62,80,6011,Iran,1.0,0.0,False,1.6375324021664377,0.5448947300746416,1.8408715259101809,12.816225072189702,164.25562510102395,0.8768777771252623,186.31872261550083,254
9461,30.0,53.8263666,53.8263666,1.0,1.1575563,12401.62,80,6011,Iran,1.0,0.0,False,1.544831455113117,0.7619026977678433,1.679740719438614,15.45684160538212,238.91395241387173,0.730090342884736,326.2388886420192,254
9462,30.0,54.983922800000016,54.9839228,1.0,1.1575563,12401.62,80,6011,Iran,1.0,0.0,False,1.4008675355507947,0.783148279012747,1.5703426982609499,16.409321068077443,269.2658179152502,0.6380885951421325,420.98813764297415,254
9463,30.0,56.1414791,56.1414791,1.0,1.1575563,12401.62,80,6011,Iran,1.0,0.0,False,1.2174433567467118,0.6020412679547079,1.5248688266997223,15.161650493034477,229.8756456729326,0.6016682239327568,381.0637961738591,254
9464,30.0,57.29903540000001,57.2990354,1.0,1.1575563,12401.62,80,6011,Iran,1.0,0.0,False,1.1094224202919911,0.23689584725162052,1.564989591506082,11.996779037728448,143.9227072800807,0.6337456776067678,226.09852290208937,254
9465,30.0,58.456591599999996,58.4565916,1.0,1.1575563,12401.62,80,6011,Iran,1.0,0.0,False,0.9749211103680242,-0.18460115976996866,1.5899853529702388,8.253511538857122,68.12045272204765,0.6541515134910636,103.13558834176457,254
9466,30.0,59.614147900000006,59.6141479,1.0,1.1575563,12401.62,80,6011,Iran,1.0,0.0,False,0.9966990885842024,-0.4353068305567528,1.6058364971394414,5.468866186927914,29.908497370523467,0.6672594787319817,43.82288873192137,254
9467,29.0,56.75159239999999,56.7515924,1.0,1.1464968,12406.28,80,6011,Iran,1.0,0.0,False,1.2341888686809195,0.7868990622963026,1.73504241246873,16.159992852397874,261.1453689895504,0.7789548652457339,334.25096336251505,254
9468,29.0,57.898089200000015,57.8980892,1.0,1.1464968,12406.28,80,6011,Iran,1.0,0.0,False,1.1717709665881637,0.403172823421511,1.7083647849942023,12.68640787019557,160.9449446489601,0.7551849468893198,212.1199056759645,254
9469,29.0,59.04458600000001,59.044586,1.0,1.1464968,12406.28,80,6011,Iran,1.0,0.0,False,1.1138445546518438,0.09013201797109407,1.6345842846038132,9.377362043107416,87.9349188875117,0.6913639681970766,126.19048566679922,254
9471,28.0,58.485804400000006,58.4858044,1.0,1.1356467,12407.1,80,6011,Iran,1.0,0.0,False,1.1188534335482876,0.42285923837848444,1.5647914960102003,11.684376746027786,136.52465994311487,0.6335852494231915,214.47954291455696,254
9472,28.0,59.6214511,59.6214511,1.0,1.1356467,12407.1,80,6011,Iran,1.0,0.0,False,1.1073350565553715,0.2789591132571884,1.54741483653125,9.611377932315683,92.3785857578049,0.6195917357664089,148.09589722583448,254
9474,27.0,59.0625,59.0625,1.0,1.125,12404.16,80,6011,Iran,1.0,0.0,False,1.1587252133383334,0.2740598264899032,1.5446446797486266,9.39444980922323,88.2556872180144,0.6173753553836118,141.95304541784944,254
9476,27.0,57.9375,57.9375,1.0,1.125,12404.16,80,6012,Iran,1.0,0.0,False,1.197908724619647,0.3171336073136213,1.6631030830886826,10.516552407761207,110.59787454518805,0.7156990498860866,153.53125802359418,254
9479,26.0,57.39938080000002,57.3993808,1.0,1.1145511,12397.52,80,6012,Iran,0.5260163547488206,0.0,False,1.2123667527167594,-0.05316655549914667,1.6584615165420316,7.123815987785398,50.74875422782685,0.7117097251673941,70.30541066569063,254
9480,26.0,58.51393189999999,58.5139319,1.0,1.1145511,12397.52,80,6012,Iran,0.9335009489533984,0.0,False,1.244323924197017,-0.02678661418944031,1.6184029519237564,6.906420465306168,47.698643643599866,0.6777436030877517,69.37859660539507,254
9481,26.0,59.62848300000002,59.628483,1.0,1.1145511,12397.52,80,6012,Iran,1.0,0.0,False,1.1798834225943,0.05263773585514476,1.5822282823789766,6.613714813742743,43.74122363752021,0.6477842580302153,66.52436956484351,254
10029,24.0,34.468085099999996,34.4680851,1.0,1.0942249,12373.42,80,7003,Egypt,1.0,0.0,False,3.757980005228163,-0.2186076170043545,3.080987453055665,7.659347930954535,58.665610727417516,2.4562465785942456,22.884251377153227,254
10032,23.0,34.25981869999998,34.2598187,1.0,1.0876133,12393.41,80,7003,Egypt,1.0,0.0,False,3.767255421328446,-0.17032618172485017,2.853940099116902,8.072772584528412,65.16965720151353,2.1075690411186723,29.921718781237296,254
10036,22.0,34.0540541,34.0540541,1.0,1.0810811,12409.39,80,7003,Egypt,1.0,0.0,False,2.7572597846243783,-0.12417649682474267,2.426133565055802,6.955988898785517,48.38578156002734,1.523075793440707,30.768466000448576,254
10037,22.0,35.135135100000014,35.1351351,1.0,1.0810811,12409.39,80,7003,Egypt,1.0,0.0,False,2.3020537515846176,-0.09616270900713098,2.207558685993805,5.6280290783351665,31.674711306586183,1.2610044490063386,24.118635649180778,254
10042,21.0,34.82142859999999,34.8214286,1.0,1.0714286,12384.43,80,7003,Sudan,1.0,0.0,False,1.5771876370111086,-0.1131413144505738,1.9400298986331466,4.867165718886428,23.68930213510324,0.9738878540491653,23.324466145264523,254
10049,20.0,34.6153846,34.6153846,1.0,1.0650888,12392.71,80,7003,Sudan,1.0,0.0,False,1.285998405251929,-0.162933817863942,1.7310866810399583,4.256205069610499,18.115281594578114,0.7754070284397063,22.362287070095487,254
10057,19.0,34.41176469999999,34.4117647,1.0,1.0588235,12397.11,80,7003,Sudan,1.0,0.0,False,1.6129736293057821,-0.06893963881091836,1.9758267431112575,3.0700588314285664,9.425261228432534,1.010159196717673,8.330471136686366,254
10058,19.0,35.47058820000001,35.4705882,1.0,1.0588235,12397.11,80,7003,Sudan,1.0,0.0,False,1.41981644249752,0.00027624471044606144,1.7519979906119982,2.222188881959868,4.9381234271060475,0.7942538173676715,5.217311543395603,254
10059,19.0,36.52941179999999,36.5294118,1.0,1.0588235,12397.11,80,7003,Sudan,1.0,0.0,False,1.6267931778795,0.034883661724811915,1.839897883637943,1.9081230301190293,3.6409334980706256,0.8759504560385689,3.156551860862679,254
10066,18.0,34.2105263,34.2105263,1.0,1.0526316,12397.67,80,7003,Sudan,1.0,0.0,False,2.837466062734747,0.22931750878582105,2.1990693656386564,2.5142027539132212,6.3212154877848254,1.251324536750411,4.051619545638027,254
10067,18.0,35.26315790000001,35.2631579,1.0,1.0526316,12397.67,80,7003,Sudan,1.0,0.0,False,2.3519217835693365,0.20314363099488558,2.0016695711102206,2.017922482309625,4.07201114461064,1.0367567646206333,2.9276436706932483,254
10068,18.0,36.315789499999994,36.3157895,1.0,1.0526316,12397.67,80,7003,Sudan,1.0,0.0,False,2.2253379139722447,0.1557364415117156,2.1144162885789943,2.0196303328345135,4.078906681305249,1.156839462154127,2.5259055510692905,254
10075,17.0,34.01162790000001,34.0116279,1.0,1.0465116,12394.45,80,7003,Sudan,1.0,0.0,False,2.5011399504753444,0.47073054624554206,2.560024588305767,3.5982993460743997,12.947758183959452,1.695822435280764,6.6350907468775135,254
10076,17.0,35.05813950000001,35.0581395,1.0,1.0465116,12394.45,80,7003,Sudan,1.0,0.0,False,2.389921610945123,0.3694960018033253,2.0867250379764606,2.8943124087365546,8.377044319366398,1.1267370037621864,6.434782288497991,254
10077,17.0,36.104651200000006,36.1046512,1.0,1.0465116,12394.45,80,7003,Sudan,1.0,0.0,False,2.3726089258873575,0.2483141386589291,2.112599700125637,2.399755716660948,5.7588274996469,1.154852532262965,3.986634517190104,254
10085,16.0,34.85549129999998,34.8554913,1.0,1.0404624,12387.47,80,7003,Sudan,1.0,0.0,False,2.529753903742912,0.32861888777017656,2.048891864627424,3.15618537667916,9.961506131963372,1.0862509753705225,8.170538262177837,254
10086,16.0,35.8959538,35.8959538,1.0,1.0404624,12387.47,80,7003,Sudan,1.0,0.0,False,1.7046299268958196,0.17547661735637424,2.4679329745513923,2.9790225245550643,8.87457520180643,1.5760094773357112,4.631041773180927,254
10095,15.0,34.6551724,34.6551724,1.0,1.0344828,12376.79,80,7003,Sudan,1.0,0.0,False,1.593696603879545,0.09603785491164993,2.4525497112877774,5.0426443493498665,25.42826203403014,1.556423363073871,15.337625505576057,254
10096,15.0,35.689655200000004,35.6896552,1.0,1.0344828,12376.79,80,7003,Sudan,1.0,0.0,False,1.510035865537895,-0.006954155668819451,2.3216127417041297,5.34702889117411,28.59071796305064,1.3946706470982178,19.49997827267471,254
10097,15.0,36.72413790000002,36.7241379,1.0,1.0344828,12376.79,80,7003,Eritrea,1.0,0.0,False,1.5078616013306332,-0.11269865834597023,2.168237076340746,5.607839179709078,31.447860265480188,1.216481857586338,24.851483167925682,254
10098,15.0,37.758620699999994,37.7586207,1.0,1.0344828,12376.79,80,7003,Eritrea,1.0,0.0,False,1.5042326193425242,-0.19403166914240036,2.0938279575096224,5.770262776435049,33.29593250911193,1.1344205680843384,28.350607213811152,254
10099,15.0,38.79310340000001,38.7931034,1.0,1.0344828,12376.79,80,7003,Eritrea,1.0,0.0,False,1.4186441678216752,-0.22374515422419006,1.9213406099280814,5.7287382253090655,32.81844165411726,0.955214327151496,33.35714972155384,254
10109,14.0,34.555873899999995,34.5558739,1.0,1.0315186,12397.86,80,7003,Sudan,1.0,0.0,False,1.3170188796027857,-0.14352750577153547,2.257628965103316,7.92195591936978,62.75738558843789,1.3188555769098047,46.584729281339506,254
10110,14.0,35.58739259999999,35.5873926,1.0,1.0315186,12397.86,80,7003,Sudan,1.0,0.0,False,1.352308779900506,-0.20478087661870042,2.2253836707769588,8.358909547701668,69.87136882665811,1.2814506843403146,53.52521090394329,254
10111,14.0,36.618911200000014,36.6189112,1.0,1.0315186,12397.86,80,7003,Ethiopia,1.0,0.0,False,1.3560603179153927,-0.28667473924573394,2.1515326703801523,8.587703720386587,73.74865518914163,1.197810162876123,60.56956876376802,254
10112,14.0,37.65042979999998,37.6504298,1.0,1.0315186,12397.86,80,7003,Ethiopia,1.0,0.0,False,1.3081321431962991,-0.3547330836852209,2.118390084278678,8.523440533156537,72.6490385222558,1.1611918344898178,61.56420030216191,254
10113,14.0,38.68194840000001,38.6819484,1.0,1.0315186,12397.86,80,7003,Ethiopia,1.0,0.0,False,1.3338258944920596,-0.38076318008984966,2.020429439743479,8.174539608271566,66.82309780720064,1.0562810278177988,62.262612929110716,254
10123,13.0,34.358974399999994,34.3589744,1.0,1.025641,12379.64,80,7003,Sudan,1.0,0.0,False,1.2974934658954396,-0.26057904671567184,2.1704483237230043,10.116057810630238,102.33462562801303,1.2189643480881802,82.95210720355712,254
10124,13.0,35.3846154,35.3846154,1.0,1.025641,12379.64,80,7003,Sudan,1.0,0.0,False,1.3746756201980932,-0.2875890913387468,2.2505682330217267,10.761982969092116,115.82027742702876,1.3106190382602267,87.37066610963753,254
10125,13.0,36.41025640000001,36.4102564,1.0,1.025641,12379.64,80,7003,Ethiopia,1.0,0.0,False,1.457834395452488,-0.3332557087882842,2.2888318638514242,11.043113423167117,121.95035407693375,1.3555635579626022,88.96284487038281,254
10126,13.0,37.43589739999999,37.4358974,1.0,1.025641,12379.64,80,7003,Ethiopia,1.0,0.0,False,1.3949948798793999,-0.38778880587505066,2.2677417182577932,10.818276597794794,117.0351085463945,1.3306973209330084,86.95020979251406,254
10127,13.0,38.46153850000002,38.4615385,1.0,1.025641,12379.64,80,7003,Ethiopia,1.0,0.0,False,1.3550909738031045,-0.42345474743450917,2.2199476565918403,10.155519841122814,103.13458324343914,1.2751978514688194,79.87731886047719,254
10128,13.0,39.487179499999996,39.4871795,1.0,1.025641,12379.64,80,7003,Ethiopia,1.0,0.0,False,1.4096048793770013,-0.40097922154259413,2.118884066540344,9.084173447648956,82.52220722697032,1.161733448663749,70.03368446685353,254
10139,12.0,34.26136360000001,34.2613636,1.0,1.0227273,12392.95,80,7003,Sudan,1.0,0.0,False,1.5699582777147274,-0.23440315017166238,2.2763432323141077,11.665015910229613,136.07259618591002,1.3408110996787694,100.48528470454204,254
10140,12.0,35.284090899999995,35.2840909,1.0,1.0227273,12392.95,80,7003,Sudan,1.0,0.0,False,1.5819706008031915,-0.2425398469678875,2.2956069522653406,12.472260610759694,155.55728474270776,1.363600544695816,113.07833866582135,254
10141,12.0,36.30681820000001,36.3068182,1.0,1.0227273,12392.95,80,7003,Ethiopia,1.0,0.0,False,1.7029369386609086,-0.24886787056117707,2.3873809986070342,12.755203083621872,162.69520570443692,1.4748082870096477,109.31617271036708,254
10142,12.0,37.329545499999995,37.3295455,1.0,1.0227273,12392.95,80,7003,Ethiopia,1.0,0.0,False,1.5954455927146858,-0.268701231713845,2.399395285321459,12.280913426719078,150.82083459456894,1.489689325018133,100.24314651495077,254
10143,12.0,38.352272700000015,38.3522727,1.0,1.0227273,12392.95,80,7003,Ethiopia,1.0,0.0,False,1.4774942550335362,-0.3055104823488578,2.345867633032084,11.221312324447734,125.9178502828026,1.4239643273665201,87.42767186146797,254
10144,12.0,39.375,39.375,1.0,1.0227273,12392.95,80,7003,Ethiopia,1.0,0.0,False,1.4458428198200364,-0.3269140293676744,2.2207571057603417,9.85538322162442,97.12857844507614,1.276127959908131,75.11194292151428,254
11066,14.0,39.71346700000001,39.713467,1.0,1.0315186,12397.86,80,7010,Ethiopia,1.0,0.0,False,1.3681994625616656,-0.32093640182979916,1.9337497430688073,7.3550031307031585,54.096071052653265,0.9675928296540776,54.90788748609584,254
11067,14.0,40.7449857,40.7449857,1.0,1.0315186,12397.86,80,7010,Ethiopia,1.0,0.0,False,1.3952458657039613,-0.18029548769917192,1.8411632528420039,6.0306493486928305,36.36873156688926,0.8771557206201761,40.462115234425475,254
11068,13.0,40.512820500000004,40.5128205,1.0,1.025641,12379.64,80,7010,Ethiopia,1.0,0.0,False,1.50068546746548,-0.30188750090728894,1.9945028022894968,7.633012014412523,58.26287241216592,1.029346056437858,55.6018318599186,254
11069,13.0,41.53846149999998,41.5384615,1.0,1.025641,12379.64,80,7010,Ethiopia,1.0,0.0,False,1.4533268010874578,-0.13347070487467208,1.8306972497309286,5.834890470693481,34.04594680498959,0.8672117659374309,38.25909234889924,254
11070,12.0,40.397727299999985,40.3977273,1.0,1.0227273,12392.95,80,7010,Ethiopia,1.0,0.0,False,1.4427509288700164,-0.3031805278178688,2.0540816996887905,8.394330263184322,70.46478056741218,1.0917608837568218,63.54232022394701,254
11071,12.0,41.420454500000005,41.4204545,1.0,1.0227273,12392.95,80,7010,Ethiopia,1.0,0.0,False,1.4305849462570868,-0.2071367832914214,1.8713186228613339,6.821249197508827,46.52944061451482,0.9061238937421746,50.34997646111531,254
11855,23.0,35.347432,35.347432,1.0,1.0876133,12393.41,80,7019,Egypt,0.8279956797057079,0.0,False,3.056091563921302,-0.1802333678148559,2.7759273670886744,6.473533748598547,41.906639194244356,1.9939226205096512,20.01718429952559,254
11856,22.0,36.21621619999999,36.2162162,1.0,1.0810811,12409.39,80,7019,Egypt,0.9243196710960296,0.0,False,1.9604802530404444,-0.10215540177944372,2.0319734809276544,4.3665209373951805,19.066505096710483,1.0683859664067068,16.846083434469563,254
11857,21.0,35.892857100000015,35.8928571,1.0,1.0714286,12384.43,80,7019,Sudan,1.0,0.0,False,1.4501178160058001,-0.06659237007021575,1.7387550873709583,3.814897160489591,14.553440345111547,0.7822920751499188,17.603589129191317,254
11858,21.0,36.964285700000005,36.9642857,1.0,1.0714286,12384.43,80,7019,Sudan,0.6690185937063695,0.0,False,1.2368595546211962,-0.08394412680519928,1.4702388733786294,2.952552334625357,8.717565288701646,0.5593297328047946,14.585735528463433,254
11859,20.0,35.68047339999998,35.6804734,1.0,1.0650888,12392.71,80,7019,Sudan,1.0,0.0,False,1.1497527839243469,-0.07303655703332933,1.5408909516174367,3.1311114079900118,9.803858649245193,0.6143783640688194,14.957363121184091,254
11860,20.0,36.7455621,36.7455621,1.0,1.0650888,12392.71,80,7019,Sudan,0.9470536868650494,0.0,False,1.1949568082854671,-0.03397223746829767,1.4964519057616146,2.4254016905374396,5.882573360461869,0.579452219510862,9.151955868643624,254
11861,18.0,37.368421100000006,37.3684211,1.0,1.0526316,12397.67,80,7019,Sudan,1.0,0.0,False,2.255950507675035,0.13690203344495053,2.002618284324562,2.0573066298478317,4.232510569215843,1.0377397619617097,3.0785857151843556,254
11862,17.0,37.15116280000001,37.1511628,1.0,1.0465116,12394.45,80,7019,Eritrea,1.0,0.0,False,1.9558965686800056,0.15873322163973297,2.1364760392963924,2.0793629761557466,4.323750386607284,1.1811040438363891,2.6607701151908225,254
11863,17.0,38.19767439999998,38.1976744,1.0,1.0465116,12394.45,80,7019,Eritrea,1.0,0.0,False,1.9258852389174863,0.08426197120627645,1.9993404187850423,2.08183764996382,4.334048000806879,1.0343454180646885,3.1901360272046233,254
11864,16.0,36.9364162,36.9364162,1.0,1.0404624,12387.47,80,7019,Eritrea,1.0,0.0,False,1.6599779005614357,0.0647156371052523,2.219753422005119,3.053189897155606,9.32196854809306,1.2749747140527565,6.311492883228531,254
11865,16.0,37.97687859999999,37.9768786,1.0,1.0404624,12387.47,80,7019,Eritrea,1.0,0.0,False,1.6514610354998116,-0.019453875964744856,2.0632872170053247,3.285685162456735,10.795726986788342,1.1015684236698309,8.800323570298804,254
11866,16.0,39.01734099999999,39.017341,1.0,1.0404624,12387.47,80,7019,Eritrea,0.7828078629480508,0.0,False,1.6122081376742408,-0.052708502861616366,1.8751147494697522,3.4668127764221848,12.018790826764096,0.9098039190496826,12.210308919440667,254
11867,15.0,39.827586199999985,39.8275862,1.0,1.0344828,12376.79,80,7019,Eritrea,0.7978745342705081,0.0,False,1.297429965323934,-0.17110096667157076,1.7839498406601026,5.304362114423857,28.136257440935132,0.8234882023361301,33.16716518963622,254
11868,13.0,42.56410260000001,42.5641026,1.0,1.025641,12379.64,80,7019,Eritrea,0.6583977707781398,0.0,False,1.286369202940003,0.0426017645709947,1.7390890754392685,4.002824492819231,16.022603920313532,0.7825926365279989,19.47374735264365,254
11869,12.0,42.44318179999999,42.4431818,1.0,1.0227273,12392.95,80,7019,Djibouti,0.9487002801226185,0.0,False,1.3462234565866145,-0.05966330864421074,1.7510110642940746,5.104978868957083,26.06080925249834,0.7933592396148391,31.848686888868112,254
11870,12.0,43.465909100000005,43.4659091,1.0,1.0227273,12392.95,80,7019,(offshore/unassigned),0.26984548565791033,0.0,False,1.2073353581109096,0.10276881998208552,1.6667299604228094,3.5752166104811685,12.782173811860455,0.7188240312336283,16.782062447083188,254
11871,12.0,50.625,50.625,1.0,1.0227273,12392.95,80,7019,(offshore/unassigned),0.31230608525702935,0.0,False,1.8967872837850503,0.12532565179372243,2.685361644730312,3.217263941658045,10.35078727029306,1.8659399644897152,4.547224169735666,254
