month,observed,mission,decimal_year,arabian_peninsula_lwe_cm,arabian_peninsula_uncert95_cm,box_all_land_lwe_cm,box_all_land_uncert95_cm
2002-04,True,GRACE,2002.2931506849316,4.53329032540628,0.6986285490843929,3.7086688280060938,0.6167884606142122
2002-05,True,GRACE,2002.3561643835617,1.8782616569341366,0.6986736457411414,1.2902696799825415,0.6168269191351669
2002-06,False,GRACE,2002.4520547945206,,,,
2002-07,False,GRACE,2002.5369863013698,,,,
2002-08,True,GRACE,2002.6246575342466,3.2276636345573064,0.7171232491170467,2.3352775472065233,0.6325607785647154
2002-09,True,GRACE,2002.7068493150684,1.3878147644708454,0.8460893298357292,0.6813003345337925,0.7425433155257877
2002-10,True,GRACE,2002.7917808219179,4.511586882664554,0.8052135343238032,3.1468747356781717,0.7076843536526267
2002-11,True,GRACE,2002.8739726027397,2.997766017043169,0.8004195793793839,1.9634242467431726,0.7035960590876823
2002-12,True,GRACE,2002.958904109589,2.096362896342522,0.8298226000543028,0.7313341890762726,0.7286710151546226
2003-01,True,GRACE,2003.0438356164384,3.015222166183726,0.956815961461668,2.168967822534682,0.836971213059087
2003-02,True,GRACE,2003.123287671233,1.8199013789902587,0.8695135842901934,1.2432972048662783,0.7625195675524221
2003-03,True,GRACE,2003.2054794520548,0.9045592930804954,0.7694615107927362,0.5412712868351368,0.6771949549865081
2003-04,True,GRACE,2003.2876712328766,0.8096295698765491,0.7312781608926616,0.12972054423180954,0.6446321162285945
2003-05,True,GRACE,2003.358904109589,1.7629986137262657,0.7638617080459177,0.9688503341830297,0.67241943177029
2003-06,False,GRACE,2003.4520547945206,,,,
2003-07,True,GRACE,2003.5397260273974,1.496557629490557,0.7386432346542378,0.6077349483248126,0.6509130661705449
2003-08,True,GRACE,2003.6246575342466,1.8152847199249555,0.7225703121995765,1.4179424153524596,0.6372060450833626
2003-09,True,GRACE,2003.7068493150684,1.7352080373464263,0.7430480845727269,1.4381969070086407,0.6546695311748967
2003-10,True,GRACE,2003.7917808219179,0.6048592030887006,0.7460973674136714,0.06017394763936117,0.6572699658077095
2003-11,True,GRACE,2003.8739726027397,0.95841584654638,0.7452072158316912,0.19889245955745505,0.6565108427210773
2003-12,True,GRACE,2003.958904109589,2.997916145044268,0.7578442744916536,2.483131653799485,0.66728775214876
2004-01,True,GRACE,2004.01912568306,3.638799674314644,0.7911749212418603,3.070796754985048,0.6957121957521706
2004-02,True,GRACE,2004.1284153005465,1.7669505773083731,0.7801768034669133,2.0067394302900285,0.6863329784576335
2004-03,True,GRACE,2004.207650273224,-0.04895143738258978,0.7627788940123041,-0.02652714702726145,0.6714960057515245
2004-04,True,GRACE,2004.2896174863388,1.7299484442207298,0.7927357741433732,1.5486470129335022,0.6970432942935453
2004-05,True,GRACE,2004.3743169398906,0.3103745360135451,0.7825268265136572,-0.3112800260142123,0.6883370829101964
2004-06,True,GRACE,2004.4562841530055,-0.05880612720128075,0.7826400089534874,-0.7893457463021706,0.6884336051259806
2004-07,True,GRACE,2004.5409836065573,2.408027161230378,0.7479734158517445,1.7027745430214027,0.6588698637462324
2004-08,True,GRACE,2004.6256830601094,-0.1672135020518484,0.7188761669071758,-0.3427307074917052,0.634055670435262
2004-09,True,GRACE,2004.707650273224,0.6430196561778277,0.6941718264711954,0.31655622195940375,0.6129877584698988
2004-10,True,GRACE,2004.792349726776,0.5968690544589501,0.6986022131231974,-0.052565859657366085,0.616766001252732
2004-11,True,GRACE,2004.8743169398906,1.744309637408088,0.7376431077459972,1.0843462112848576,0.6500601559011288
2004-12,True,GRACE,2004.9590163934427,1.983434155960342,0.7693526445705087,1.782770951019582,0.6771021136499084
2005-01,True,GRACE,2005.0438356164384,1.1137499816661873,0.8281899692960958,1.5534419241456314,0.7272787043105025
2005-02,True,GRACE,2005.123287671233,2.9222580439474592,0.7652927740190263,3.5655313149939243,0.6736398477541214
2005-03,True,GRACE,2005.2054794520548,2.364367666279521,0.7237797410070214,3.292694859788351,0.638237448439775
2005-04,True,GRACE,2005.2876712328766,0.6606971088475392,0.7412656080087093,1.0124969915060351,0.6531494315216255
2005-05,True,GRACE,2005.372602739726,1.5901171883203586,0.6881905112829984,1.8330220259344552,0.607886880664698
2005-06,True,GRACE,2005.454794520548,0.9523423991633289,0.7419165228233785,0.6370877010682053,0.6537045330046192
2005-07,True,GRACE,2005.5397260273974,-0.39498985361279226,0.6721528018692617,-0.39644215844576625,0.5942098893307144
2005-08,True,GRACE,2005.6246575342466,0.15125836048246918,0.6900983615394771,0.5433561867677843,0.6095138992588894
2005-09,True,GRACE,2005.7068493150684,1.5978249374600306,0.6926143074838058,1.7362322356325153,0.6116595030972961
2005-10,True,GRACE,2005.7917808219179,1.2881440551847805,0.6972805743434006,1.4538946489641966,0.615638905002787
2005-11,True,GRACE,2005.8739726027397,1.331185683199393,0.7052147140524218,1.2610710186292386,0.6224051555466421
2005-12,True,GRACE,2005.958904109589,2.08821940956315,0.7435570564287113,2.0021447346923313,0.6551035834129044
2006-01,True,GRACE,2006.0438356164384,0.39011329544747125,0.7662827379239976,0.8467345737542535,0.674484090993599
2006-02,True,GRACE,2006.123287671233,2.104272992554239,0.7665003655522817,2.7628852096525307,0.6746696842793535
2006-03,True,GRACE,2006.2054794520548,1.820106935445321,0.7736535564993599,2.43111721887087,0.6807699401244754
2006-04,True,GRACE,2006.2876712328766,1.367005100503272,0.8085254554010032,1.7655737259173825,0.7105087667095746
2006-05,True,GRACE,2006.372602739726,-0.9118026730906043,0.7865733308521464,-0.8871300225422195,0.6917879500722518
2006-06,True,GRACE,2006.454794520548,0.252907719591612,0.8231579366638284,-0.2957076008191843,0.7229873766072524
2006-07,True,GRACE,2006.5397260273974,-0.7363340628235887,0.7616082767570158,-0.7590465517381795,0.6704977009660373
2006-08,True,GRACE,2006.6246575342466,-0.20629315430601572,0.7520073459553888,0.05683097743839755,0.6623100075751369
2006-09,True,GRACE,2006.7068493150684,-0.4339639760364775,0.720563650173113,0.23422748239022512,0.6354947596099726
2006-10,True,GRACE,2006.7917808219179,-0.7555944375124487,0.7562001827362551,-0.5165010534175116,0.665885667342834
2006-11,True,GRACE,2006.8739726027397,0.4257644610553962,0.7432248401911214,0.941343872249003,0.6548202687271653
2006-12,True,GRACE,2006.958904109589,2.081507997249013,0.8239419989864195,2.1452680247713114,0.7236560265568642
2007-01,True,GRACE,2007.0438356164384,1.936806684105123,0.8009317932652572,2.4740287088873605,0.7040328761353984
2007-02,True,GRACE,2007.123287671233,1.0547580188826542,0.8440612891988007,1.954107161735724,0.7408137983297429
2007-03,True,GRACE,2007.2054794520548,-0.3633920619902948,0.780562965534895,0.3304490080285343,0.6866622982576778
2007-04,True,GRACE,2007.2876712328766,-0.10171801657041254,0.7328269416563977,0.5818892095209116,0.6459529196262243
2007-05,True,GRACE,2007.372602739726,-0.3812902669550651,0.7391207413698275,-0.1755237001608724,0.651320284872578
2007-06,True,GRACE,2007.454794520548,-0.0037768177986650052,0.736846902967864,0.06949221046945665,0.6493811508406382
2007-07,True,GRACE,2007.5397260273974,-0.41373549565020135,0.7416978726787367,-0.18951433906164167,0.6535180677148268
2007-08,True,GRACE,2007.6246575342466,-0.5588733567761913,0.7435770096249128,0.33129716916873636,0.6551205995393656
2007-09,True,GRACE,2007.7068493150684,-1.057021322434376,0.7103637047757695,-0.24531758717292063,0.6267962253487721
2007-10,True,GRACE,2007.7917808219179,-0.9957894851312088,0.734964538784185,-0.3056964247140849,0.6477758668213678
2007-11,True,GRACE,2007.8739726027397,-0.5252652106190682,0.7176540943450418,-0.2568001080580122,0.6330134844590346
2007-12,True,GRACE,2007.958904109589,0.263492685734728,0.7364883825209547,0.6152132673189068,0.6490754038714835
2008-01,True,GRACE,2008.0437158469945,0.1603179235509953,0.7293196725695282,0.5163510292015278,0.6429619133877661
2008-02,True,GRACE,2008.1256830601094,0.6011745083908807,0.7772393216402923,0.8869161750139787,0.6838278879581124
2008-03,True,GRACE,2008.207650273224,0.10649014896628044,0.8128850303509139,0.2610344119375926,0.7142266211282807
2008-04,True,GRACE,2008.2896174863388,-0.8009709640682863,0.773741594392689,-0.8382433120312535,0.6808450190196632
2008-05,True,GRACE,2008.3743169398906,-1.5678116114722582,0.7691800507532003,-2.1758699986622956,0.6769549252901041
2008-06,True,GRACE,2008.4562841530055,-2.591845773481909,0.8085670201551823,-3.3356412801881996,0.7105442132168058
2008-07,True,GRACE,2008.5409836065573,-1.8295033076973273,0.7110922595538778,-2.190027875324936,0.6274175383511128
2008-08,True,GRACE,2008.6256830601094,-0.8868549581291875,0.7091415291509483,-1.00389908669279,0.6257539514804745
2008-09,True,GRACE,2008.707650273224,-2.3615186995726036,0.7580660356869646,-2.1063218818754423,0.6674768705489158
2008-10,True,GRACE,2008.792349726776,-2.768899596269266,0.7558126955720954,-2.935639178264044,0.6655552174980638
2008-11,True,GRACE,2008.8743169398906,-1.0261223992180342,0.7920487894792811,-1.2779199342082843,0.6964574323693159
2008-12,True,GRACE,2008.9590163934427,-0.39354987698100213,0.8285199589468256,-0.9019774914932753,0.7275601201584206
2009-01,True,GRACE,2009.0438356164384,0.8493185492958069,0.8453919258932244,0.05319906282461853,0.7419485680196537
2009-02,True,GRACE,2009.123287671233,-1.0205005457595047,0.7936355309424962,-1.7376188746950172,0.6978106087289688
2009-03,True,GRACE,2009.2054794520548,-1.405992389729971,0.7729449462890187,-2.0020588173344795,0.6801656358902496
2009-04,True,GRACE,2009.2876712328766,-0.8472130896761104,0.7829381547654062,-1.5215240802326937,0.688687864483142
2009-05,True,GRACE,2009.372602739726,-2.4026315332597035,0.807633330189364,-3.0227738482773043,0.709747960507539
2009-06,True,GRACE,2009.454794520548,-2.7934538904791526,0.787162933746882,-3.593519839546521,0.6922907646247386
2009-07,True,GRACE,2009.5397260273974,-1.1850402092280323,0.7671953595230185,-2.158157795019357,0.6752623765566438
2009-08,True,GRACE,2009.6246575342466,-2.2424868280827193,0.7363997643533685,-2.4310720958997494,0.6489998301172242
2009-09,True,GRACE,2009.7068493150684,-2.360780501536845,0.7492115755656881,-2.3153380485654904,0.6599257688783695
2009-10,True,GRACE,2009.7917808219179,-2.7400052048108843,0.7854726518080857,-3.286777529407529,0.6908492887360992
2009-11,True,GRACE,2009.8739726027397,-2.729816217716736,0.780833923020823,-3.0174353688277,0.6868933713549203
2009-12,True,GRACE,2009.958904109589,-2.22612589686723,0.7886955247342354,-2.2596178975983388,0.6935977613480125
2010-01,True,GRACE,2010.0438356164384,-0.8369467255732094,0.8176484003218686,-1.109462942753569,0.718288832765405
2010-02,True,GRACE,2010.123287671233,-1.1885990228973884,0.8111735106107232,-1.6176414706022986,0.7127670335992483
2010-03,True,GRACE,2010.2054794520548,-2.4001167061031747,0.8348910177429103,-2.5699955284035396,0.7329933721082111
2010-04,True,GRACE,2010.2876712328766,-1.942851744591487,0.7808301857962059,-2.378491040098898,0.686890184242137
2010-05,True,GRACE,2010.372602739726,-1.336714803292172,0.7518939876905708,-2.1554898031798566,0.6622133354154441
2010-06,True,GRACE,2010.454794520548,-2.789060167308593,0.7326410381452729,-3.7581811295901026,0.645794380732357
2010-07,True,GRACE,2010.5397260273974,-2.4809269811936696,0.7593156084468934,-2.8566295298911086,0.6685425087499725
2010-08,True,GRACE,2010.6246575342466,-3.2290288466006847,0.7313140720942131,-2.956018567156198,0.6446627413746014
2010-09,True,GRACE,2010.7068493150684,-4.3579544140834265,0.7642984805254427,-3.813914294919746,0.672791912232636
2010-10,True,GRACE,2010.7917808219179,-3.1841038090487683,0.7015163797313522,-3.0267709477900375,0.6192512084863396
2010-11,True,GRACE,2010.8739726027397,-2.796824380778661,0.70059692775304,-2.989537977344643,0.6184670979618894
2010-12,True,GRACE,2010.9534246575342,-2.2652597856496555,0.7015060922755275,-2.727631310866209,0.6192424353230073
2011-01,False,GRACE,2011.041095890411,,,,
2011-02,True,GRACE,2011.1342465753426,-2.3586631288711577,0.743565481610673,-2.1762718470523086,0.6551107684252836
2011-03,True,GRACE,2011.2054794520548,-3.4083553204390142,0.8234610244065743,-3.2009046464756565,0.7232458504531136
2011-04,True,GRACE,2011.2876712328766,-2.7254560746150003,0.7889103792551927,-2.8370350624750453,0.6937809897221772
2011-05,True,GRACE,2011.372602739726,-2.926488049776674,0.7276529849091357,-3.2964317494790647,0.6415405587479246
2011-06,False,GRACE,2011.4520547945206,,,,
2011-07,True,GRACE,2011.545205479452,-3.778953670335797,0.6760623046779953,-4.167299719050552,0.5975439213084626
2011-08,True,GRACE,2011.6246575342466,-4.208855307204176,0.6852561592683337,-3.962704051875057,0.6053844592752037
2011-09,True,GRACE,2011.7068493150684,-3.9373752869209997,0.792023714362659,-3.447892937713923,0.6964360482586612
2011-10,True,GRACE,2011.7808219178082,-4.096590806035703,0.8031052966258567,-4.0106802460127025,0.7058864442391976
2011-11,True,GRACE,2011.8438356164384,-4.504986952708716,0.8616222205651934,-4.552975022995111,0.75578979645508
2011-12,True,GRACE,2011.9808219178083,-2.8311593671098976,0.8308113154425166,-3.246104898536729,0.7295141936564601
2012-01,True,GRACE,2012.049180327869,-3.0992668601710696,0.7877051147093476,-3.335862112366271,0.6927531376565593
2012-02,True,GRACE,2012.1256830601094,-3.444602291734821,0.8622732394115274,-3.5441021757504374,0.7563449866564909
2012-03,True,GRACE,2012.1994535519125,-3.1398432046537654,0.8676262282843336,-2.917577524409403,0.760910026497003
2012-04,True,GRACE,2012.2650273224044,-3.768769599234557,0.7984272890793119,-3.8634331617528037,0.7018970298519036
2012-05,False,GRACE,2012.3715846994535,,,,
2012-06,True,GRACE,2012.4562841530055,-3.8985985486637036,0.7768677326058829,-5.276290149499835,0.6835109960708546
2012-07,True,GRACE,2012.5409836065573,-3.5527215397132283,0.7775519924874175,-4.34607044382563,0.6840945342949548
2012-08,True,GRACE,2012.6256830601094,-5.410057346890808,0.803357325254989,-5.359717840975757,0.7061013747687164
2012-09,True,GRACE,2012.7021857923498,-5.367823845818056,0.7294811568847546,-4.870101829240488,0.6430996275415115
2012-10,False,GRACE,2012.7896174863388,,,,
2012-11,True,GRACE,2012.8825136612022,-4.788178158857236,0.7259204543353459,-4.6664110059990485,0.6400630531370989
2012-12,True,GRACE,2012.9590163934427,-5.221049594534323,0.7774988208068069,-4.838496045981917,0.6840491893771639
2013-01,True,GRACE,2013.0438356164384,-4.227654842881819,0.7746155075044733,-3.9500079175806055,0.6815902939057571
2013-02,True,GRACE,2013.1205479452055,-4.678097827655312,0.7267373159542866,-4.02550183241934,0.6407596743936077
2013-03,False,GRACE,2013.2027397260274,,,,
2013-04,True,GRACE,2013.3013698630136,-4.3874784093816155,0.7823102470110398,-4.569826148583164,0.68815238346815
2013-05,True,GRACE,2013.372602739726,-3.339574797804269,0.7976107563327401,-3.807078365160666,0.7012006890584229
2013-06,True,GRACE,2013.454794520548,-3.6048779898704693,0.7810345607437357,-4.540056169060085,0.6870644756146852
2013-07,True,GRACE,2013.5397260273974,-4.785366436414503,0.6740278410590972,-5.343126137925001,0.5958089265802791
2013-08,False,GRACE,2013.6219178082192,,,,
2013-09,False,GRACE,2013.704109589041,,,,
2013-10,True,GRACE,2013.7917808219179,-5.482868258762759,0.7002231014911942,-5.343297968910189,0.618148298162505
2013-11,True,GRACE,2013.8739726027397,-4.651976390572259,0.8416747200871835,-4.7359871172182695,0.738778527318436
2013-12,True,GRACE,2013.958904109589,-5.535870849976777,0.8462152123361534,-5.382329863712404,0.7426506683791776
2014-01,True,GRACE,2014.021917808219,-3.4134381939903222,0.7895919589235741,-2.787728022016678,0.6943622422550288
2014-02,False,GRACE,2014.1205479452055,,,,
2014-03,True,GRACE,2014.2082191780821,-2.6887615914955556,0.7850175410900941,-2.222579793271335,0.6904611693865463
2014-04,True,GRACE,2014.2876712328766,-4.417003253865311,0.8564679360375204,-4.069250210897585,0.7513942120858131
2014-05,True,GRACE,2014.372602739726,-5.530475026132202,0.8282803948163406,-5.165608877820316,0.7273558193787993
2014-06,True,GRACE,2014.4465753424658,-5.359638453371979,0.7711932797765909,-5.250072283346165,0.6786718111118819
2014-07,False,GRACE,2014.5369863013698,,,,
2014-08,True,GRACE,2014.6246575342466,-5.901457736245263,0.7428183346811347,-5.4660076100666775,0.6544735999982417
2014-09,True,GRACE,2014.7068493150684,-6.267974663584828,0.8355444808686734,-5.448064131345542,0.733550646796109
2014-10,True,GRACE,2014.7917808219179,-5.214809047008071,0.9961436319253433,-4.508823421660863,0.8705099307301237
2014-11,True,GRACE,2014.8739726027397,-4.996796297600178,1.0172456164486214,-4.210772292518378,0.8885057462178093
2014-12,False,GRACE,2014.9561643835616,,,,
2015-01,True,GRACE,2015.0602739726028,-2.248771785317625,0.9456317998961989,-2.09760896401292,0.8274333372401267
2015-02,True,GRACE,2015.123287671233,-4.189953307622554,1.1515215987758403,-3.833705266452454,1.0030165781124494
2015-03,True,GRACE,2015.2054794520548,-5.526625257826253,1.0992610959773605,-4.968964125545869,0.9584487146199101
2015-04,True,GRACE,2015.2767123287672,-6.560565201286869,1.038396025715462,-5.929038937309876,0.9065428584256793
2015-05,True,GRACE,2015.331506849315,-7.399747802249244,0.8722104685474935,-7.422488482444752,0.7648194759535715
2015-06,False,GRACE,2015.4520547945206,,,,
2015-07,True,GRACE,2015.5369863013698,-5.955141096061204,0.7883197115769114,-6.425586643280543,0.693277267120108
2015-08,True,GRACE,2015.6246575342466,-4.828857944309435,0.8268774802013225,-4.85145078461425,0.7261594109306273
2015-09,True,GRACE,2015.704109589041,-4.941664392392781,0.7134620012435255,-4.842426565079633,0.6294384589026054
2015-10,False,GRACE,2015.7890410958903,,,,
2015-11,False,GRACE,2015.8712328767124,,,,
2015-12,True,GRACE,2015.9753424657533,-5.6191626685961085,0.9582338506363159,-4.814738351420177,0.8381803918422858
2016-01,True,GRACE,2016.0437158469945,-5.2404252274616505,1.0675103394370942,-5.217538755968174,0.9313716046133723
2016-02,True,GRACE,2016.120218579235,-5.5940651804738755,0.9980597750601541,-5.392280133970179,0.8721440215078891
2016-03,True,GRACE,2016.207650273224,-7.31515578029857,0.9102715191530536,-6.683752610524693,0.7972780176234117
2016-04,False,GRACE,2016.2868852459017,,,,
2016-05,True,GRACE,2016.3825136612022,-6.071274670271167,0.8678353858338148,-6.876923203850286,0.7610883964822611
2016-06,True,GRACE,2016.4562841530055,-5.813398963670274,0.9259529688181837,-6.121366058762982,0.810651189916369
2016-07,True,GRACE,2016.5382513661202,-4.1750692395955245,0.9622320487355183,-4.345763030321965,0.8415900633448443
2016-08,True,GRACE,2016.639344262295,-6.528782722503306,0.8556654965208259,-5.766869896341521,0.7507098900275473
2016-09,False,GRACE,2016.704918032787,,,,
2016-10,False,GRACE,2016.7896174863388,,,,
2016-11,True,GRACE,2016.9071038251366,-6.684729594909431,0.7752508189685079,-6.487439697960319,0.682132088819471
2016-12,True,GRACE,2016.98087431694,-5.2042395445255245,0.9605343522704823,-5.35241406096564,0.8401422643330893
2017-01,True,GRACE,2017.054794520548,-4.254783423872014,0.8478663161599315,-4.42090961659449,0.7440587330913357
2017-02,False,GRACE,2017.1205479452055,,,,
2017-03,True,GRACE,2017.2438356164384,-4.261364000455315,0.8171072503773725,-3.897998166801457,0.7178273389878139
2017-04,True,GRACE,2017.3123287671233,-7.261419783111518,0.90225819231338,-7.552307988367853,0.790444236132851
2017-05,True,GRACE,2017.3671232876711,-7.870403362866913,0.7832512911774949,-7.60197802178438,0.6889549078547361
2017-06,True,GRACE,2017.441095890411,-9.400423985789292,0.6662495536276052,-8.864646484373829,0.5891755871769205
2017-07,False,GRACE-FO,2017.5369863013698,,,,
2017-08,False,GRACE-FO,2017.6219178082192,,,,
2017-09,False,GRACE-FO,2017.704109589041,,,,
2017-10,False,GRACE-FO,2017.7890410958903,,,,
2017-11,False,GRACE-FO,2017.8712328767124,,,,
2017-12,False,GRACE-FO,2017.9561643835616,,,,
2018-01,False,GRACE-FO,2018.041095890411,,,,
2018-02,False,GRACE-FO,2018.1205479452055,,,,
2018-03,False,GRACE-FO,2018.2027397260274,,,,
2018-04,False,GRACE-FO,2018.2849315068493,,,,
2018-05,False,GRACE-FO,2018.3698630136987,,,,
2018-06,True,GRACE-FO,2018.454794520548,-5.93839045491924,0.6422760549727229,-6.483912598582141,0.5687309385747175
2018-07,True,GRACE-FO,2018.5205479452054,-6.181252751642169,0.6805761078571123,-6.934994243108145,0.6013933018759401
2018-08,False,GRACE-FO,2018.6219178082192,,,,
2018-09,False,GRACE-FO,2018.704109589041,,,,
2018-10,False,GRACE-FO,2018.7890410958903,,,,
2018-11,True,GRACE-FO,2018.8602739726027,-4.920612662407291,0.7844491439532519,-4.932532199426774,0.6899764391476889
2018-12,True,GRACE-FO,2018.958904109589,-5.268893303525399,0.81657519346857,-4.9292603642687345,0.717373599769628
2019-01,True,GRACE-FO,2019.035616438356,-5.951319176742649,0.7997887473047224,-5.554648636259022,0.7030580842063721
2019-02,True,GRACE-FO,2019.1150684931506,-5.613532276682599,0.7802928257115344,-5.566828318698315,0.6864319224647415
2019-03,True,GRACE-FO,2019.2054794520548,-6.869735214026924,0.7335140495701866,-5.741856110344286,0.6465388866580469
2019-04,True,GRACE-FO,2019.2876712328766,-7.095660534478105,0.7667617766429203,-5.5843215105923045,0.6748926161912018
2019-05,True,GRACE-FO,2019.372602739726,-6.550201223535577,0.7441023137643489,-5.7197036890367166,0.6555685799820475
2019-06,True,GRACE-FO,2019.454794520548,-8.002207362495566,0.7604404583446757,-7.126610825500252,0.6695017830395307
2019-07,True,GRACE-FO,2019.5397260273974,-8.395720141811776,0.7671905800218253,-7.8357088891862805,0.675258300588267
2019-08,True,GRACE-FO,2019.6246575342466,-8.090005249284065,0.7657437235406697,-6.932103282914445,0.6740244184269322
2019-09,True,GRACE-FO,2019.7068493150684,-7.661590243051153,0.8023635952812008,-6.336874640392745,0.7052539198180623
2019-10,True,GRACE-FO,2019.7917808219179,-7.921885774743031,0.7492007823759308,-6.532470195334999,0.659916564424107
2019-11,True,GRACE-FO,2019.8739726027397,-7.73451755340443,0.7831376853005062,-6.70891672577201,0.6888580245308785
2019-12,True,GRACE-FO,2019.958904109589,-5.6516939103293495,0.7882046087654332,-4.440318545925946,0.6931791072074613
2020-01,True,GRACE-FO,2020.0437158469945,-7.004735156937386,0.8234055096814551,-5.5197620890833035,0.7231985073821817
2020-02,True,GRACE-FO,2020.1256830601094,-5.87491944989136,0.7762867433279081,-4.337252127046751,0.6830155272283281
2020-03,True,GRACE-FO,2020.207650273224,-6.496054158348449,0.7598162740320821,-5.013091049334379,0.6689694773832848
2020-04,True,GRACE-FO,2020.2896174863388,-7.32225246825485,0.7431494349602967,-5.5045858309836095,0.6547559629923552
2020-05,True,GRACE-FO,2020.3743169398906,-8.285578070776205,0.8020305895961305,-6.873384013670343,0.7049699318898996
2020-06,True,GRACE-FO,2020.4562841530055,-9.245687425305293,0.8302237026496374,-7.969417819519788,0.7290130762668992
2020-07,True,GRACE-FO,2020.5409836065573,-9.04896389975501,0.7888366965850354,-7.964002097553335,0.6937181529906209
2020-08,True,GRACE-FO,2020.6256830601094,-7.428155392254392,0.7885921651846489,-5.903866667230844,0.6935096161130847
2020-09,True,GRACE-FO,2020.707650273224,-6.805382632054284,0.8404496714444701,-4.812353305813816,0.7377338033346134
2020-10,True,GRACE-FO,2020.792349726776,-8.06798863413261,0.8649232358224406,-6.317393361999098,0.7586049090065056
2020-11,True,GRACE-FO,2020.8743169398906,-7.909726093945163,0.8710925312263157,-6.5389878992379415,0.7638660967234562
2020-12,True,GRACE-FO,2020.9590163934427,-8.366701533265907,0.7896771942782658,-6.500022351689191,0.694434931139544
2021-01,True,GRACE-FO,2021.0438356164384,-6.976024545116659,0.8407580738712401,-5.579091710706434,0.7379968095538619
2021-02,True,GRACE-FO,2021.123287671233,-8.068145661236104,0.8307265727392207,-6.844435291077238,0.7294419249060605
2021-03,True,GRACE-FO,2021.2054794520548,-7.388336947150241,0.8238228932279772,-6.261592353003709,0.7235544529228732
2021-04,True,GRACE-FO,2021.2876712328766,-8.650877828283347,0.8117107981469354,-7.672445821611919,0.7132252335071688
2021-05,True,GRACE-FO,2021.372602739726,-8.682980911734655,0.8390450295114352,-7.70369152743038,0.7365359218261103
2021-06,True,GRACE-FO,2021.454794520548,-8.856189472234146,0.7849742622377343,-8.13254008756519,0.690424261092887
2021-07,True,GRACE-FO,2021.5397260273974,-7.555317403420396,0.7906243010038774,-7.096488886769707,0.6952426256889573
2021-08,True,GRACE-FO,2021.6246575342466,-8.014092761862797,0.8128674801473351,-6.936110090908881,0.7142116542788342
2021-09,True,GRACE-FO,2021.7068493150684,-7.850086985568128,0.8103135735625333,-6.412607292369012,0.7120336775287244
2021-10,True,GRACE-FO,2021.7917808219179,-8.852609526914305,0.827324383775949,-7.751369875222495,0.7265405312115601
2021-11,True,GRACE-FO,2021.8739726027397,-8.827794602298765,0.8110423905492462,-7.559148001904207,0.7126552141430987
2021-12,True,GRACE-FO,2021.958904109589,-7.72309915145068,0.8401000340727192,-6.964686055564763,0.7374356318700913
2022-01,True,GRACE-FO,2022.0438356164384,-7.989259458086787,0.8321107854916326,-6.49956484761745,0.7306223843676165
2022-02,True,GRACE-FO,2022.123287671233,-9.227184101203049,0.8475600731154663,-7.378996312941796,0.7437975683977252
2022-03,True,GRACE-FO,2022.2054794520548,-9.659342086178263,0.8958975805353159,-8.455566711026805,0.7850198934213592
2022-04,True,GRACE-FO,2022.2876712328766,-8.816846918317854,0.8665991832269883,-8.020930638129414,0.7600341603750691
2022-05,True,GRACE-FO,2022.372602739726,-8.349878836334453,0.7955864316122939,-7.81300479014284,0.6994743408035403
2022-06,True,GRACE-FO,2022.454794520548,-8.816843848878307,0.815568617709926,-8.786481939519373,0.7165151899074205
2022-07,True,GRACE-FO,2022.5397260273974,-8.401135780594448,0.7786704081260913,-8.117279401590798,0.6850483214352081
2022-08,True,GRACE-FO,2022.6246575342466,-8.271032550485181,0.8081623807415199,-6.781133609606902,0.7101991358986383
2022-09,True,GRACE-FO,2022.7068493150684,-8.980084220933968,0.8551979436059967,-7.148002736108655,0.7503111599471268
2022-10,True,GRACE-FO,2022.7917808219179,-10.126423700372953,0.8942752289194672,-8.38603296825789,0.7836363486508306
2022-11,True,GRACE-FO,2022.8739726027397,-9.770531497229758,0.8108968673034171,-8.249094432888661,0.7125311116219246
2022-12,True,GRACE-FO,2022.958904109589,-9.14634623290381,0.8594676522912301,-7.716296232031319,0.7539523762318258
2023-01,True,GRACE-FO,2023.0438356164384,-7.130423618552616,0.8890302898360447,-5.953858873123115,0.7791634538913201
2023-02,True,GRACE-FO,2023.123287671233,-6.624189294688557,0.8838027955542118,-4.522300998482088,0.7747054360942259
2023-03,True,GRACE-FO,2023.2054794520548,-6.564723222351199,0.8456781821395825,-4.798460798448729,0.7421926879310284
2023-04,True,GRACE-FO,2023.2876712328766,-6.401879105467978,0.8103311497189992,-5.135144295356347,0.7120486665108454
2023-05,True,GRACE-FO,2023.372602739726,-7.301014492829518,0.827872602371058,-6.2856225483567805,0.7270080531488279
2023-06,True,GRACE-FO,2023.454794520548,-9.107956788093757,0.8780143384944519,-7.874959648914954,0.7697690280947356
2023-07,True,GRACE-FO,2023.5397260273974,-8.865394078208755,0.8879908840823396,-8.075207580217219,0.7782770465422922
2023-08,True,GRACE-FO,2023.6246575342466,-8.255144885487557,0.8919236140105876,-6.636648914268278,0.7816308866549881
2023-09,True,GRACE-FO,2023.7068493150684,-9.094225712121263,1.0070478288852922,-7.238718789863987,0.8798090521618616
2023-10,True,GRACE-FO,2023.7917808219179,-10.20979742986403,0.9973646552062001,-8.183260214458981,0.8715512218771352
2023-11,True,GRACE-FO,2023.8739726027397,-8.826514322516678,0.9441244814416997,-7.281340568747983,0.826147892984472
2023-12,True,GRACE-FO,2023.958904109589,-9.4713949600124,0.9433623047952223,-8.095570468113877,0.8254979071841365
2024-01,True,GRACE-FO,2024.0437158469945,-10.248398955410376,0.8731688177704341,-9.66468279686533,0.7656367581276623
2024-02,True,GRACE-FO,2024.1256830601094,-9.183067368407064,0.8444628348091168,-7.9462952161959155,0.7411562372460999
2024-03,True,GRACE-FO,2024.207650273224,-8.533583058289107,0.8697915346029956,-7.205425139868539,0.7627566041467017
2024-04,True,GRACE-FO,2024.2896174863388,-9.902335695398396,0.8952482407333834,-8.740410035072841,0.7844661351124429
2024-05,True,GRACE-FO,2024.3743169398906,-8.445581316639691,0.8515896864187148,-7.634827348440923,0.747234030850439
2024-06,True,GRACE-FO,2024.4562841530055,-8.948480269613713,0.8782689539493826,-8.255158351318363,0.7699861646745765
2024-07,True,GRACE-FO,2024.5409836065573,-7.535115446492132,0.9120748471611979,-6.336039842142373,0.7988158994308097
2024-08,True,GRACE-FO,2024.6256830601094,-9.19359456226112,0.9770970124744222,-7.229880311079499,0.8542669347728074
2024-09,True,GRACE-FO,2024.707650273224,-9.637325985630117,1.0019481051605836,-7.30355257859654,0.8754599973567656
2024-10,True,GRACE-FO,2024.792349726776,-9.542733700706608,0.9708272580676497,-7.588604926838702,0.8489200754130671
2024-11,True,GRACE-FO,2024.8743169398906,-9.214976177741471,1.025330002271104,-6.965208659079623,0.895400126953999
2024-12,True,GRACE-FO,2024.9590163934427,-8.700362741997191,0.920419857949752,-6.992091080006585,0.8059325416702114
2025-01,True,GRACE-FO,2025.0438356164384,-7.586741924163289,0.9262820256247862,-6.764366317755586,0.8109318102329104
2025-02,True,GRACE-FO,2025.123287671233,-9.435925025012855,0.9861202351055008,-8.472460271509771,0.8619619574562943
2025-03,True,GRACE-FO,2025.2054794520548,-11.00394823162149,0.9589563345363945,-9.561508009473743,0.8387965275874472
2025-04,True,GRACE-FO,2025.2876712328766,-10.16548557846562,0.895521005594776,-9.266609597792923,0.7846987495431724
2025-05,True,GRACE-FO,2025.372602739726,-9.937417403326206,0.9164184935199134,-9.151819804361692,0.802520169914421
2025-06,True,GRACE-FO,2025.454794520548,-10.673962023033988,0.9888999491887744,-10.435367368094285,0.8643325033021566
2025-07,True,GRACE-FO,2025.5397260273974,-11.236269673180074,0.9381471451762,-10.149616076019017,0.8210504084126712
2025-08,True,GRACE-FO,2025.6246575342466,-10.965684184618887,0.9155249336481378,-9.70925726128817,0.8017581402312915
2025-09,True,GRACE-FO,2025.7068493150684,-11.336721518909538,1.0069926649245073,-9.597977489253383,0.8797620082234702
2025-10,True,GRACE-FO,2025.7917808219179,-11.749789207820054,1.0283569599779423,-10.011106574763398,0.8979815226668613
2025-11,True,GRACE-FO,2025.8739726027397,-10.73385015079775,1.0318059276948142,-9.69649366591147,0.9009228093779456
2025-12,True,GRACE-FO,2025.958904109589,-9.451594189985395,1.0183095487703897,-8.400604937780273,0.8894130698741599
2026-01,True,GRACE-FO,2026.0438356164384,-10.332208894703784,0.9405849356504742,-8.871567125729259,0.8231293611066363
2026-02,True,GRACE-FO,2026.123287671233,-10.073806910590468,0.901468521512501,-8.650758513845444,0.7897708032615036
2026-03,True,GRACE-FO,2026.2054794520548,-9.29768273980831,0.829730228620503,-8.08808190614608,0.7285922406072735
